user_id,username,gender,city,register_time
1,zxiao,女,上海市,2025-01-03 17:02:15
2,izheng,男,成都市,2024-05-30 21:47:45
3,cchang,女,合肥市,2025-12-08 03:43:39
4,min73,女,北京市,2023-06-28 07:56:40
5,ming68,男,上海市,2025-02-05 11:11:24
6,fanqiang,女,成都市,2025-03-18 07:25:04
7,haojun,女,北京市,2023-12-26 04:47:12
8,rlai,男,上海市,2024-01-15 19:39:27
9,htang,女,郑州市,2023-08-03 10:30:43
10,ggao,女,重庆市,2025-09-16 06:08:28
11,xiaoping,女,长沙市,2023-11-22 01:16:17
12,mingu,女,合肥市,2025-06-16 02:15:03
13,juan05,女,深圳市,2026-01-09 03:04:47
14,byu,女,贵阳市,2024-08-28 19:36:05
15,yongzhao,男,深圳市,2024-07-04 04:10:27
16,xiewei,男,贵阳市,2024-06-18 12:46:25
17,qzhu,男,西安市,2024-03-17 19:43:04
18,glu,男,西安市,2026-02-02 19:37:53
19,jiefang,男,天津市,2025-01-02 05:39:19
20,xiuyingtang,男,杭州市,2024-11-03 15:09:56
21,yangqiu,男,天津市,2024-09-01 17:48:59
22,rxie,女,广州市,2025-08-01 10:18:26
23,kongyong,男,合肥市,2025-10-04 23:07:07
24,yangtao,男,北京市,2024-08-21 05:19:50
25,tao57,男,郑州市,2024-06-29 13:10:40
26,yzhu,女,北京市,2025-01-17 19:35:55
27,cxie,女,南京市,2025-09-11 14:51:28
28,qiuyong,女,广州市,2024-02-10 22:50:48
29,dlei,男,长沙市,2026-03-23 04:54:53
30,ubai,男,郑州市,2025-09-26 07:37:12
31,gyuan,男,杭州市,2024-11-13 18:34:43
32,yong10,女,武汉市,2023-10-20 07:00:58
33,yzheng,男,杭州市,2025-10-24 21:59:32
34,vxiang,女,武汉市,2026-03-21 04:49:45
35,tao45,女,上海市,2024-08-12 13:45:22
36,axia,男,成都市,2025-10-06 22:45:14
37,duanwei,女,天津市,2024-09-28 07:42:09
38,lei86,男,北京市,2024-07-01 03:02:58
39,pingyu,女,北京市,2024-09-26 19:09:51
40,xiuyingmao,女,北京市,2024-01-31 05:46:37
41,fang65,女,深圳市,2023-12-13 04:06:27
42,jduan,女,天津市,2023-07-08 02:10:44
43,qiangdeng,女,深圳市,2024-07-24 11:27:12
44,yaomin,女,北京市,2024-03-18 11:29:06
45,fang83,男,成都市,2024-04-14 11:36:32
46,luojing,男,兰州市,2025-01-03 18:59:21
47,xiulan20,男,郑州市,2025-02-12 17:07:40
48,juangong,男,南京市,2024-12-23 02:02:33
49,yongkang,男,重庆市,2025-01-26 04:46:28
50,juantian,男,上海市,2023-06-19 03:18:02
51,napan,女,杭州市,2023-10-01 10:54:37
52,tfan,男,西安市,2024-05-30 11:03:25
53,yang08,女,南京市,2025-06-14 00:58:14
54,guoyan,男,深圳市,2025-07-18 14:08:08
55,leimin,男,海口市,2024-06-24 09:58:11
56,lei69,男,杭州市,2025-02-25 19:57:26
57,na88,男,南京市,2024-12-23 07:47:05
58,yongtao,女,北京市,2026-03-28 07:09:41
59,zcao,男,上海市,2023-09-26 06:35:36
60,pzhao,女,南京市,2023-09-26 21:44:11
61,weihuang,女,广州市,2026-01-15 22:27:13
62,slu,男,北京市,2023-07-07 20:43:19
63,ping03,女,广州市,2023-11-28 15:51:14
64,vduan,男,广州市,2025-09-18 12:13:59
65,yang66,男,贵阳市,2025-12-20 04:28:24
66,xiuyingkong,女,深圳市,2023-09-10 10:31:22
67,qiangxia,男,北京市,2025-01-20 10:14:10
68,pengfang,男,成都市,2026-03-11 19:32:39
69,gluo,女,成都市,2023-05-23 13:11:46
70,sunyang,男,深圳市,2023-11-26 15:42:02
71,yeyong,男,兰州市,2023-10-14 11:11:17
72,taoyu,男,西安市,2024-08-16 16:00:13
73,yyang,女,合肥市,2024-10-18 06:52:51
74,xiapan,男,武汉市,2024-09-05 23:18:24
75,xiulan64,男,武汉市,2026-05-07 09:47:30
76,lei51,男,郑州市,2025-07-26 22:27:42
77,jiangxiulan,女,重庆市,2024-02-28 22:22:20
78,yan29,男,杭州市,2024-11-26 20:27:04
79,minzou,男,北京市,2025-09-29 04:48:01
80,ping15,男,杭州市,2026-04-08 05:43:30
81,yong33,女,北京市,2024-03-04 09:49:21
82,wanyan,女,上海市,2025-01-20 08:20:58
83,guiying92,男,合肥市,2023-08-19 19:26:23
84,jun42,女,南京市,2024-11-30 20:33:11
85,gma,女,南昌市,2024-12-22 04:53:53
86,htan,女,深圳市,2024-04-03 07:31:38
87,whao,女,青岛市,2025-08-11 05:28:25
88,wuxiuying,男,重庆市,2025-07-30 09:19:11
89,huangyan,男,青岛市,2026-04-27 23:01:35
90,yongdeng,女,杭州市,2023-07-06 23:10:28
91,fang74,男,上海市,2023-08-05 13:22:50
92,mengtao,女,杭州市,2024-12-31 14:15:44
93,juan92,女,杭州市,2024-10-18 14:23:53
94,chaoyi,女,贵阳市,2025-04-21 08:52:49
95,yanliu,女,郑州市,2025-09-30 08:02:30
96,luxia,女,重庆市,2023-11-24 09:02:01
97,laitao,女,贵阳市,2024-08-09 14:04:03
98,guolei,男,深圳市,2026-03-10 08:31:31
99,vgong,男,兰州市,2024-10-31 06:47:46
100,guiyingfu,男,深圳市,2023-06-02 08:27:13
101,juncao,男,天津市,2024-03-14 15:44:39
102,jun65,女,西安市,2024-12-30 20:09:30
103,mdai,女,广州市,2025-08-06 03:51:14
104,kfu,女,成都市,2024-10-18 06:17:07
105,lqin,男,深圳市,2025-11-17 15:28:08
106,jing86,女,长沙市,2025-11-01 01:40:09
107,iliang,女,深圳市,2024-12-25 05:47:50
108,yongding,女,深圳市,2024-06-12 00:24:39
109,fangmo,女,北京市,2026-04-21 06:47:39
110,xiaxia,男,广州市,2025-06-27 21:52:07
111,ctan,女,广州市,2026-02-12 03:44:06
112,zhengchao,男,合肥市,2023-09-30 17:03:44
113,jun26,女,上海市,2023-12-30 01:08:20
114,gongxiuying,女,青岛市,2024-10-07 10:15:47
115,qyan,女,上海市,2023-10-17 14:57:32
116,liyin,男,呼和浩特市,2025-09-02 21:26:49
117,fengtao,女,北京市,2024-11-01 12:52:11
118,wenping,女,长沙市,2025-05-23 22:24:12
119,ghao,男,广州市,2025-07-30 12:32:15
120,gcai,男,上海市,2026-04-05 08:44:18
121,zhouguiying,女,杭州市,2025-09-03 08:39:05
122,nafang,女,深圳市,2024-07-12 02:45:51
123,esun,男,北京市,2024-08-07 10:01:01
124,juan87,女,郑州市,2024-12-25 02:33:32
125,guiying44,男,合肥市,2026-01-05 18:20:17
126,leiwei,男,北京市,2025-12-07 06:36:09
127,naliao,女,广州市,2025-12-18 01:50:55
128,pjia,女,成都市,2024-05-03 05:17:00
129,jingzhao,男,上海市,2026-02-09 07:22:11
130,leichao,男,杭州市,2023-09-21 04:27:43
131,ming15,女,天津市,2026-01-19 12:01:13
132,liyang,女,贵阳市,2024-06-28 20:42:55
133,yong11,男,广州市,2023-11-18 00:10:52
134,yonghou,男,呼和浩特市,2025-02-26 10:51:02
135,leimo,男,上海市,2023-09-12 23:00:30
136,mingyang,女,西安市,2024-02-21 02:52:10
137,yaona,男,深圳市,2023-11-09 16:14:21
138,linna,男,广州市,2024-09-18 10:06:09
139,nahou,女,青岛市,2023-08-16 16:33:28
140,jieshao,男,长沙市,2025-01-07 07:48:47
141,fanyong,男,重庆市,2025-03-07 18:34:20
142,tao23,女,深圳市,2024-12-27 07:54:51
143,jzhou,男,成都市,2024-05-18 19:51:45
144,shijing,男,上海市,2026-01-20 19:36:41
145,leiye,女,成都市,2025-05-13 07:53:45
146,yong29,男,北京市,2025-02-21 12:31:37
147,huli,女,杭州市,2023-08-24 18:12:37
148,hhou,女,深圳市,2023-09-20 08:11:40
149,ulei,男,青岛市,2024-08-24 01:33:00
150,li59,女,青岛市,2023-10-27 00:55:15
151,min66,男,郑州市,2024-06-04 00:38:37
152,yzeng,女,上海市,2026-04-27 19:19:54
153,glu,男,深圳市,2023-07-27 05:37:25
154,liaoli,女,南昌市,2025-01-07 20:22:48
155,xueyang,男,武汉市,2024-08-24 18:28:49
156,zhengxiulan,女,广州市,2024-04-16 02:53:19
157,jingduan,女,上海市,2026-04-08 18:48:54
158,guqiang,男,武汉市,2026-04-24 15:02:11
159,sulei,女,杭州市,2024-08-09 11:15:46
160,kongna,男,深圳市,2024-05-07 01:40:32
161,liangtao,男,成都市,2026-03-27 20:54:54
162,shenyan,男,杭州市,2024-02-02 08:30:14
163,houli,男,兰州市,2025-04-12 23:29:10
164,yong73,女,北京市,2025-09-11 22:40:17
165,xiulan71,女,武汉市,2025-06-24 07:04:58
166,luoming,女,北京市,2023-05-25 06:13:25
167,bxu,女,北京市,2024-09-19 15:27:48
168,kanggang,男,贵阳市,2023-05-22 11:15:38
169,qlu,男,上海市,2023-11-28 14:06:11
170,fqiu,男,广州市,2024-10-21 02:19:31
171,taoma,男,合肥市,2025-08-13 21:19:55
172,tao36,女,广州市,2025-06-07 11:12:45
173,jinglin,男,南京市,2023-06-23 05:31:14
174,eliao,女,上海市,2026-04-22 15:23:04
175,juan87,女,兰州市,2026-04-30 13:27:31
176,amo,男,北京市,2025-11-20 19:27:41
177,luping,男,上海市,2025-09-13 10:45:40
178,hulei,女,武汉市,2025-05-10 10:23:46
179,zchen,女,上海市,2026-02-26 12:35:32
180,min47,男,上海市,2025-01-26 03:50:07
181,weijie,男,上海市,2024-08-21 02:02:46
182,liding,男,深圳市,2025-02-06 13:06:01
183,iluo,男,天津市,2025-01-26 00:32:04
184,maona,女,杭州市,2026-04-27 18:56:46
185,fcui,女,南京市,2025-09-11 06:31:38
186,qiuguiying,女,广州市,2026-04-20 04:02:11
187,lei28,女,成都市,2024-04-03 13:20:30
188,fangyang,女,武汉市,2023-11-30 07:06:04
189,jiegu,男,北京市,2024-10-30 16:39:49
190,zhangyan,女,合肥市,2025-05-29 20:57:07
191,ming29,女,北京市,2024-04-12 17:25:22
192,ping76,男,青岛市,2025-05-09 14:05:59
193,xia48,女,天津市,2024-01-31 10:37:53
194,xiuyingcai,男,上海市,2024-02-29 07:15:31
195,zhoujie,女,武汉市,2025-06-17 09:10:49
196,min53,男,南京市,2023-06-19 00:28:43
197,leisun,女,广州市,2023-10-31 08:58:08
198,gzhang,女,北京市,2023-08-29 03:23:59
199,yongcheng,女,成都市,2024-03-22 02:50:17
200,qiangmeng,女,上海市,2025-11-25 13:40:55
201,tao51,女,长沙市,2026-02-03 02:32:55
202,juan72,男,广州市,2024-02-06 17:20:59
203,qiangzeng,女,南京市,2023-09-01 18:19:39
204,bli,男,成都市,2026-04-12 17:11:50
205,rhou,男,合肥市,2024-11-29 23:39:42
206,guiying12,女,成都市,2023-07-25 03:52:34
207,tanggang,男,广州市,2023-10-05 18:27:13
208,bqian,男,重庆市,2025-07-07 10:53:33
209,yan88,女,上海市,2025-12-28 08:05:16
210,byu,女,深圳市,2025-11-20 13:45:39
211,nfang,男,杭州市,2025-02-22 18:42:58
212,yili,男,南京市,2025-11-19 00:17:48
213,jing09,女,合肥市,2025-07-15 16:52:56
214,yanjun,女,合肥市,2026-02-09 13:51:30
215,weicui,男,南昌市,2024-01-13 20:27:45
216,yang47,男,西安市,2025-12-20 18:53:06
217,guoping,男,成都市,2023-11-20 17:02:27
218,tkang,男,成都市,2023-12-06 23:08:03
219,lxue,男,北京市,2024-02-13 05:04:47
220,na71,男,重庆市,2025-04-17 11:05:01
221,nahuang,女,深圳市,2025-06-23 08:58:16
222,uzhou,女,南京市,2025-12-22 10:39:48
223,zengxia,男,重庆市,2026-04-30 18:12:27
224,jun19,男,西安市,2026-01-05 22:27:48
225,guiyingli,女,上海市,2024-05-08 16:06:27
226,xiulan34,女,郑州市,2023-06-03 10:31:28
227,mingqiao,男,上海市,2025-01-19 00:32:16
228,ping03,男,青岛市,2024-05-15 06:43:32
229,lizheng,男,南昌市,2023-08-15 17:06:32
230,fang33,女,上海市,2023-07-04 18:20:09
231,vchang,女,合肥市,2025-10-07 13:46:09
232,yang89,女,杭州市,2024-03-27 23:41:19
233,xiuyingyuan,女,上海市,2023-11-20 16:25:25
234,ayu,男,武汉市,2026-01-12 13:58:29
235,mlu,女,天津市,2024-10-23 13:49:22
236,wuguiying,女,郑州市,2024-10-06 15:05:36
237,li48,男,海口市,2025-01-26 22:58:04
238,li19,女,上海市,2024-09-06 04:15:39
239,tao86,男,重庆市,2024-07-08 01:10:52
240,uhou,男,深圳市,2023-10-21 18:27:45
241,minggu,女,西安市,2025-08-14 12:25:11
242,jingsong,男,贵阳市,2025-10-10 09:56:00
243,longxia,女,深圳市,2023-09-20 14:42:00
244,tangli,男,上海市,2023-09-14 22:13:37
245,na07,女,成都市,2023-08-31 10:08:02
246,xiulanshi,女,贵阳市,2024-02-19 00:07:21
247,yong87,男,广州市,2024-10-26 23:16:23
248,chenggang,男,南京市,2026-03-23 18:49:33
249,na69,女,杭州市,2026-01-14 06:38:37
250,fengxia,男,西安市,2025-12-16 07:36:50
251,maping,男,长沙市,2025-01-01 01:35:35
252,aye,男,重庆市,2025-01-28 01:46:53
253,lina,女,广州市,2023-12-31 03:12:22
254,xia22,男,南昌市,2023-08-14 14:32:41
255,li35,男,西安市,2024-06-11 07:26:19
256,pinggu,男,深圳市,2024-09-07 19:11:01
257,xiulan06,男,上海市,2023-07-15 14:13:43
258,juan79,女,长沙市,2025-06-01 04:35:55
259,guiyingfu,男,南京市,2024-10-13 15:07:00
260,dyin,男,上海市,2023-07-26 02:20:50
261,zhongjuan,男,广州市,2024-08-30 09:55:22
262,jing30,男,西安市,2024-10-21 01:05:47
263,yan26,女,北京市,2026-03-11 11:20:09
264,wuxiulan,男,杭州市,2024-10-21 23:50:20
265,xiawen,女,杭州市,2026-04-19 19:54:18
266,ptian,男,广州市,2025-09-13 04:25:13
267,yong12,女,上海市,2024-04-07 17:17:39
268,shilei,女,广州市,2023-09-02 01:22:58
269,jiangjun,男,杭州市,2024-02-19 13:13:19
270,gfeng,女,杭州市,2024-01-23 16:10:52
271,fengxiulan,男,北京市,2026-05-19 09:20:39
272,jinyong,女,贵阳市,2023-05-23 02:35:16
273,gangmao,女,西安市,2024-09-06 19:24:53
274,yang84,男,深圳市,2024-04-23 21:36:46
275,ping49,男,北京市,2024-12-01 02:13:27
276,wei60,女,兰州市,2024-08-22 14:31:43
277,xiulan71,女,青岛市,2024-12-27 09:30:50
278,min42,男,郑州市,2025-03-05 08:41:08
279,phan,男,深圳市,2025-10-08 06:37:00
280,wei33,女,杭州市,2026-02-09 19:06:01
281,min62,男,郑州市,2024-05-30 20:09:22
282,gang29,男,兰州市,2025-01-13 08:38:55
283,xiulan08,女,郑州市,2023-08-07 09:34:49
284,ping71,女,广州市,2025-08-12 17:09:17
285,juan58,男,长沙市,2026-01-01 00:21:59
286,liangjie,男,贵阳市,2025-01-05 16:22:11
287,li01,女,武汉市,2026-03-21 09:24:56
288,qianming,女,上海市,2024-02-15 22:02:25
289,yongpan,女,杭州市,2023-08-13 14:54:46
290,pyan,女,北京市,2026-01-31 11:57:06
291,pengmin,女,重庆市,2025-06-15 04:06:57
292,zcao,男,合肥市,2025-03-31 21:05:07
293,weima,女,上海市,2026-01-01 05:08:28
294,liangtao,女,成都市,2023-10-07 06:42:12
295,xiulan48,女,深圳市,2026-02-14 22:01:09
296,qiuxiuying,男,成都市,2025-08-03 19:04:20
297,pbai,男,杭州市,2023-05-30 11:07:06
298,wei57,女,北京市,2025-04-28 02:08:04
299,jing08,女,重庆市,2025-03-18 23:42:28
300,gang84,男,武汉市,2025-08-15 23:21:49
301,leiming,男,成都市,2024-10-03 14:27:29
302,weijun,男,郑州市,2026-04-22 10:55:26
303,zengping,女,北京市,2024-07-25 14:05:25
304,taotang,女,成都市,2025-07-23 22:55:58
305,mindeng,男,青岛市,2023-09-22 08:10:53
306,qpan,女,上海市,2023-09-14 23:27:25
307,jie87,女,海口市,2025-09-25 01:06:28
308,yan91,男,武汉市,2025-09-16 07:19:57
309,wuchao,男,成都市,2025-11-07 16:22:11
310,fangye,女,北京市,2024-10-31 08:18:34
311,qzheng,女,成都市,2023-11-28 09:05:38
312,tzhong,男,上海市,2025-08-11 23:34:30
313,juanzhao,女,杭州市,2024-05-05 17:02:37
314,leiyan,女,北京市,2024-03-02 17:05:51
315,zhumin,男,重庆市,2025-05-11 09:49:48
316,yangliang,女,长沙市,2026-03-22 19:05:01
317,lidu,男,广州市,2024-02-21 11:27:17
318,lei80,女,上海市,2025-02-07 17:47:43
319,mwan,女,青岛市,2025-04-24 13:43:28
320,xiuying38,女,北京市,2025-10-20 22:33:22
321,min68,男,北京市,2023-11-01 08:25:45
322,caoxiuying,女,上海市,2023-05-28 04:22:38
323,ping98,女,深圳市,2024-09-10 11:36:58
324,llong,女,北京市,2025-12-09 23:45:35
325,wutao,男,广州市,2025-07-03 22:37:23
326,kongli,女,武汉市,2024-05-20 04:38:16
327,ulin,男,武汉市,2024-12-09 01:20:45
328,tyang,女,重庆市,2024-04-24 08:22:39
329,zouli,女,海口市,2024-10-03 20:19:45
330,lei59,女,广州市,2024-10-29 10:22:53
331,hlai,男,郑州市,2025-07-25 21:20:12
332,myao,男,重庆市,2023-12-17 02:01:51
333,yangbai,女,南京市,2024-04-27 12:35:13
334,swei,女,上海市,2025-07-05 11:02:41
335,xuejie,女,上海市,2025-04-05 21:01:39
336,yan50,男,武汉市,2025-09-11 02:58:03
337,slin,女,海口市,2024-12-30 10:11:12
338,guiying64,男,北京市,2025-10-17 19:49:01
339,qiuxia,男,南京市,2025-09-16 00:06:51
340,chao61,男,天津市,2024-03-15 12:20:41
341,xiayin,男,贵阳市,2025-12-26 04:55:12
342,wjin,男,北京市,2026-02-07 02:00:04
343,qiaoyong,女,广州市,2024-01-31 05:28:14
344,na44,男,杭州市,2025-04-11 13:51:51
345,chao57,男,深圳市,2026-01-09 06:32:04
346,wfeng,男,成都市,2023-10-28 04:10:17
347,hsu,女,杭州市,2023-09-15 20:04:16
348,yonghe,女,深圳市,2026-05-19 23:00:07
349,xiuying55,女,武汉市,2025-10-19 13:30:50
350,zhoumin,女,杭州市,2025-06-09 17:59:22
351,yan20,女,杭州市,2025-10-20 17:56:07
352,chaoxiang,女,南昌市,2024-04-19 00:25:42
353,ming57,女,上海市,2025-05-23 19:45:21
354,liaoli,男,西安市,2023-09-18 01:01:36
355,jieyang,男,北京市,2024-03-20 02:50:45
356,chaozhu,女,重庆市,2024-06-20 01:41:03
357,pingdeng,女,广州市,2023-06-17 19:05:28
358,odu,女,南京市,2025-08-10 03:18:23
359,tao92,男,上海市,2023-12-06 10:45:02
360,nsun,男,合肥市,2026-03-07 09:20:15
361,xiuyingshen,女,合肥市,2026-03-27 20:16:57
362,yang46,男,北京市,2024-05-26 10:46:55
363,fuwei,男,南昌市,2024-11-10 07:35:54
364,pwang,男,成都市,2025-02-14 08:58:14
365,rguo,女,北京市,2024-09-23 04:36:45
366,yongqiao,男,深圳市,2026-01-27 23:24:40
367,jing85,女,郑州市,2025-04-15 15:58:34
368,yelei,女,北京市,2026-03-02 00:11:07
369,atang,男,重庆市,2024-03-02 04:33:25
370,ganghao,女,武汉市,2025-01-23 21:23:08
371,juanye,女,武汉市,2024-08-20 06:31:21
372,leixia,男,成都市,2023-08-16 11:08:04
373,yan71,男,广州市,2025-07-13 11:44:56
374,gangyu,女,成都市,2025-04-03 00:13:56
375,jie62,男,广州市,2023-08-09 03:01:47
376,yyin,女,杭州市,2023-11-03 11:07:07
377,tzhao,女,北京市,2025-09-23 20:31:20
378,liaoming,男,南昌市,2025-03-18 15:25:05
379,xfeng,女,深圳市,2023-11-30 17:33:35
380,wei91,女,杭州市,2024-06-18 08:50:11
381,laijie,女,广州市,2025-12-19 20:29:35
382,nhou,女,北京市,2026-04-21 05:26:15
383,jing81,女,深圳市,2023-12-12 22:36:48
384,taoyong,男,深圳市,2023-11-12 08:29:47
385,chao85,女,长沙市,2024-12-24 20:43:12
386,ming77,女,北京市,2024-03-10 04:11:08
387,junhou,女,北京市,2026-04-28 23:23:43
388,eqiu,女,郑州市,2026-03-06 02:17:20
389,wzhu,男,上海市,2025-03-22 12:15:18
390,taoyan,女,广州市,2025-06-30 19:49:27
391,kqiu,女,合肥市,2024-05-08 07:10:22
392,pingsu,女,重庆市,2024-06-22 18:30:52
393,haoli,女,西安市,2025-12-21 05:29:33
394,pingcui,女,上海市,2025-06-18 03:42:54
395,mingzhu,男,杭州市,2025-10-21 05:05:35
396,bxu,男,北京市,2023-06-23 01:17:59
397,baichao,男,呼和浩特市,2024-03-17 02:49:35
398,xiongyan,男,南昌市,2025-08-02 19:01:09
399,naxie,男,上海市,2024-06-06 17:27:25
400,zhangjing,男,呼和浩特市,2025-12-13 15:15:40
401,mingliu,女,上海市,2024-12-07 16:07:58
402,ljia,女,重庆市,2024-01-22 08:12:13
403,adong,女,杭州市,2024-09-09 02:28:43
404,guiying62,女,深圳市,2025-02-12 07:28:48
405,xiulanding,男,广州市,2024-03-14 07:27:03
406,yongtan,女,上海市,2025-04-21 07:42:39
407,okong,男,杭州市,2026-04-13 11:40:13
408,fangqiang,男,南昌市,2026-04-21 05:28:47
409,otao,女,上海市,2025-06-19 17:25:35
410,na19,男,深圳市,2023-08-21 08:54:33
411,chao83,男,郑州市,2025-02-02 08:56:15
412,dcheng,男,广州市,2024-02-26 09:47:26
413,changming,女,上海市,2025-09-19 06:12:46
414,jieqiao,男,上海市,2023-11-01 04:51:30
415,gxie,女,上海市,2024-05-17 16:11:19
416,longqiang,女,重庆市,2025-07-08 16:54:49
417,jing57,男,青岛市,2024-07-18 04:50:09
418,yangshi,女,武汉市,2023-12-03 03:21:57
419,ideng,男,武汉市,2024-12-18 21:27:44
420,jiexie,男,南京市,2024-08-13 05:28:24
421,huangjun,女,重庆市,2026-01-05 08:45:16
422,lifang,女,上海市,2023-08-01 14:37:38
423,jye,女,成都市,2025-11-11 10:24:29
424,xkong,男,广州市,2024-12-12 09:04:40
425,leiyi,男,贵阳市,2026-05-04 16:46:07
426,pingye,女,杭州市,2024-08-17 21:01:49
427,juan50,女,南京市,2023-08-05 01:14:47
428,dulei,男,上海市,2024-11-14 07:36:37
429,gxu,男,南昌市,2025-11-03 10:51:18
430,guiying63,女,重庆市,2026-02-12 20:14:32
431,jingzeng,女,青岛市,2025-10-13 19:34:15
432,zhoujuan,男,深圳市,2024-08-01 20:35:38
433,chao69,女,南京市,2026-04-12 02:14:13
434,wxu,女,青岛市,2024-04-11 15:50:22
435,min21,男,北京市,2026-04-21 13:47:26
436,yuchao,女,上海市,2024-03-05 06:30:33
437,fenggang,男,广州市,2025-08-30 01:02:46
438,tao83,男,深圳市,2024-08-23 19:54:40
439,gang20,男,南京市,2024-01-31 03:53:04
440,zouguiying,男,重庆市,2024-04-27 01:25:39
441,li57,男,成都市,2025-04-03 10:01:24
442,leixu,女,杭州市,2024-12-19 18:04:56
443,yongxia,女,武汉市,2025-08-22 03:59:35
444,juan75,男,深圳市,2025-02-22 18:24:20
445,wanjuan,男,海口市,2023-10-25 08:32:26
446,dsun,女,上海市,2025-03-28 18:37:20
447,yetao,女,成都市,2024-03-25 16:55:30
448,wwei,男,武汉市,2024-06-28 10:58:41
449,yong55,女,郑州市,2025-06-09 21:26:53
450,jieye,女,成都市,2025-09-11 18:14:19
451,azheng,女,武汉市,2023-09-02 12:05:11
452,menggang,男,广州市,2025-04-29 10:15:22
453,mtan,男,北京市,2023-07-23 11:20:17
454,yanxiuying,女,成都市,2023-08-23 07:07:46
455,ilu,男,北京市,2025-05-22 14:26:59
456,daiyong,男,广州市,2024-06-07 01:08:59
457,yan63,男,南京市,2023-09-09 04:37:10
458,qzhao,男,广州市,2024-11-13 08:04:20
459,jiajun,女,北京市,2024-01-24 06:41:34
460,ucao,男,广州市,2025-04-12 01:08:46
461,fanggang,女,青岛市,2025-11-05 14:12:04
462,jie04,女,郑州市,2023-06-07 16:03:41
463,lwan,女,深圳市,2023-09-27 21:31:00
464,bjin,男,海口市,2026-04-28 09:36:01
465,li56,女,广州市,2023-09-21 18:57:21
466,tianli,女,深圳市,2025-03-28 04:24:34
467,weimao,男,成都市,2024-04-05 10:10:13
468,songlei,女,成都市,2024-02-03 02:47:45
469,juanhe,女,兰州市,2023-11-11 18:33:56
470,kcheng,女,长沙市,2024-07-07 11:36:25
471,fanjuan,男,成都市,2025-09-10 06:37:18
472,ping16,女,杭州市,2023-07-05 18:59:37
473,bsong,女,北京市,2024-02-15 08:50:23
474,gwei,男,郑州市,2024-01-15 19:59:22
475,xiulankang,男,广州市,2026-04-11 10:41:32
476,hzhao,男,深圳市,2023-08-08 03:57:01
477,qiang61,男,郑州市,2025-10-28 18:54:36
478,taomin,男,广州市,2025-08-19 09:28:41
479,xiuying89,女,武汉市,2024-12-20 19:18:05
480,aduan,女,天津市,2025-04-08 17:31:32
481,yang42,女,上海市,2023-07-06 12:15:06
482,changfang,男,合肥市,2026-03-01 03:36:51
483,renping,男,北京市,2024-07-12 23:21:19
484,chaohuang,女,海口市,2025-08-08 07:31:17
485,xiulan20,男,郑州市,2026-03-06 04:52:46
486,yang98,女,上海市,2023-10-15 01:09:33
487,na38,女,青岛市,2025-06-19 04:39:03
488,hye,女,北京市,2023-12-26 03:33:16
489,chaozheng,女,天津市,2025-03-17 12:49:29
490,junyi,男,上海市,2025-08-01 16:28:31
491,daitao,女,上海市,2025-05-14 14:40:58
492,ehao,女,深圳市,2023-09-06 05:54:30
493,xia31,女,武汉市,2023-12-06 22:31:30
494,ldu,男,广州市,2023-08-18 02:21:10
495,yang19,男,广州市,2023-09-12 05:38:56
496,guiyingyi,男,合肥市,2025-10-20 21:42:47
497,ming22,男,杭州市,2025-12-19 05:02:45
498,liguiying,男,青岛市,2026-03-14 05:17:37
499,yan45,女,郑州市,2025-08-07 06:52:31
500,jinggu,男,上海市,2025-08-15 10:43:39
501,juanduan,女,武汉市,2026-03-09 18:11:37
502,luyang,男,青岛市,2024-06-27 18:10:20
503,jun95,女,广州市,2024-08-24 19:26:29
504,lijia,男,合肥市,2023-07-15 09:51:44
505,fdu,男,北京市,2024-10-06 21:28:53
506,yan26,男,北京市,2024-04-07 14:34:35
507,gongwei,女,上海市,2025-12-09 15:38:36
508,chaoxue,女,成都市,2024-07-09 20:44:35
509,lei50,女,南京市,2025-11-29 00:28:41
510,tao96,女,杭州市,2024-09-04 14:34:24
511,wei84,女,武汉市,2024-02-01 13:45:30
512,chao02,女,北京市,2025-11-21 20:35:53
513,changlei,女,天津市,2024-05-24 20:55:13
514,xiulan96,男,南京市,2023-06-04 03:43:54
515,fangshi,女,武汉市,2025-06-26 13:19:06
516,xiuying70,男,上海市,2024-11-01 14:00:01
517,tao13,男,兰州市,2023-10-14 13:18:34
518,qinyong,女,深圳市,2023-08-18 14:16:57
519,fang31,男,天津市,2024-08-07 02:47:25
520,cren,女,杭州市,2025-11-03 01:55:41
521,yan58,男,广州市,2026-03-26 04:21:56
522,luna,男,呼和浩特市,2025-01-15 05:23:05
523,jiangyong,男,天津市,2023-09-21 10:37:38
524,guiying57,男,武汉市,2024-10-10 18:21:22
525,jingyin,男,杭州市,2023-09-27 00:23:32
526,xiangguiying,女,北京市,2024-06-10 13:23:05
527,pyuan,男,成都市,2026-03-08 09:52:23
528,ping92,男,长沙市,2026-04-20 07:19:13
529,na46,女,兰州市,2023-08-27 16:10:16
530,liangna,女,上海市,2025-02-02 08:14:45
531,qiaoming,男,武汉市,2025-05-22 11:50:08
532,jiehou,女,郑州市,2023-05-27 04:10:37
533,caotao,女,成都市,2024-05-03 23:01:22
534,juanli,男,天津市,2025-10-07 21:47:02
535,yang24,女,北京市,2024-09-23 01:05:33
536,xiuying68,女,北京市,2023-08-27 09:41:39
537,zgu,男,青岛市,2024-07-12 22:56:07
538,gguo,女,兰州市,2025-02-10 23:34:00
539,naduan,男,天津市,2023-07-28 07:45:57
540,qjia,男,海口市,2024-09-13 07:00:27
541,jinghao,男,深圳市,2024-07-13 05:39:30
542,fang85,男,南京市,2023-07-05 06:49:43
543,huangjie,男,深圳市,2026-03-11 11:46:51
544,na96,男,杭州市,2025-01-22 14:10:09
545,ypeng,男,广州市,2026-03-27 11:39:37
546,xiuying04,女,北京市,2025-10-05 04:48:14
547,duguiying,女,西安市,2024-05-29 10:30:12
548,sujuan,男,北京市,2026-02-07 13:20:22
549,bhuang,男,成都市,2024-06-24 22:56:56
550,taolei,男,北京市,2024-12-01 04:16:30
551,fangtao,男,南京市,2024-05-16 08:16:36
552,nwen,男,南昌市,2025-11-07 18:41:01
553,gxia,女,武汉市,2024-10-17 16:40:59
554,taodai,男,深圳市,2023-05-24 21:25:13
555,vlin,女,北京市,2024-04-02 07:11:35
556,kding,女,北京市,2023-11-09 13:38:47
557,mowei,男,上海市,2025-01-14 10:51:37
558,qxiong,男,长沙市,2024-01-10 15:58:33
559,na69,女,成都市,2025-10-09 20:25:34
560,fanfang,女,重庆市,2024-07-04 21:05:39
561,chengming,男,杭州市,2025-10-27 06:26:29
562,wei25,男,重庆市,2023-08-25 10:12:54
563,xiuyingzhou,女,呼和浩特市,2023-06-30 13:19:38
564,xia30,女,深圳市,2024-07-29 06:05:40
565,li42,女,广州市,2025-06-24 05:59:15
566,guiying94,男,上海市,2025-11-10 10:06:48
567,haogang,女,青岛市,2025-09-17 23:45:03
568,huangqiang,男,青岛市,2025-08-08 03:29:39
569,li82,男,北京市,2024-02-08 14:22:00
570,qiangmeng,女,西安市,2025-09-18 08:27:37
571,cwen,男,合肥市,2025-04-25 07:58:28
572,msun,女,贵阳市,2025-10-03 15:10:56
573,donggang,男,广州市,2025-06-08 13:07:21
574,lumin,男,天津市,2025-12-25 14:38:10
575,yang77,女,合肥市,2026-03-09 11:33:50
576,minxiao,女,南京市,2025-06-20 19:40:21
577,huangjuan,男,杭州市,2025-10-16 15:41:46
578,jiekang,男,青岛市,2025-09-13 07:55:19
579,nzheng,男,上海市,2026-04-06 17:28:11
580,tao85,男,兰州市,2023-08-24 13:40:25
581,liqin,男,广州市,2025-06-08 07:22:07
582,jingcao,女,海口市,2025-07-29 09:14:35
583,jie77,男,上海市,2025-04-04 16:56:22
584,min91,男,北京市,2025-10-20 05:06:51
585,min65,男,深圳市,2025-07-18 17:59:14
586,oli,女,杭州市,2026-02-05 21:31:21
587,yeping,女,北京市,2026-02-10 10:06:35
588,yong37,男,成都市,2023-06-01 14:06:43
589,yang53,女,重庆市,2024-08-19 05:43:10
590,mingong,女,北京市,2024-09-04 06:39:43
591,jie85,女,上海市,2025-03-27 20:18:30
592,xiexiulan,女,上海市,2024-04-15 16:44:17
593,li23,女,杭州市,2024-06-13 16:04:32
594,fanchao,女,深圳市,2024-02-14 21:31:05
595,adong,女,深圳市,2024-03-03 09:00:42
596,ddu,女,北京市,2025-09-06 20:24:56
597,dyi,男,贵阳市,2025-05-02 17:29:38
598,zenggang,女,重庆市,2024-03-21 04:39:22
599,zzhang,男,郑州市,2025-07-08 06:06:04
600,ping35,男,北京市,2024-07-17 14:17:46
601,mengyong,女,北京市,2024-11-05 23:08:23
602,juancai,女,南昌市,2025-11-13 16:28:34
603,zhaoping,男,合肥市,2023-07-25 17:39:58
604,qiangyao,男,杭州市,2025-07-08 09:38:32
605,xiuying87,男,深圳市,2024-07-25 02:36:18
606,xxie,女,成都市,2025-12-13 17:52:05
607,jinna,女,天津市,2023-06-24 09:10:14
608,yangyang,男,武汉市,2024-02-08 15:12:41
609,fanxia,女,成都市,2023-10-11 23:12:33
610,sulei,男,深圳市,2024-09-03 15:37:47
611,jinjuan,男,广州市,2026-05-07 10:38:31
612,jieqian,女,广州市,2026-05-17 15:51:20
613,linguiying,男,海口市,2024-06-10 09:06:23
614,min03,女,北京市,2025-12-09 05:31:06
615,changxiuying,男,南昌市,2026-05-20 04:29:39
616,wyan,男,北京市,2026-04-03 09:51:08
617,ming74,女,重庆市,2023-11-15 10:58:18
618,minzheng,男,深圳市,2026-04-10 08:20:04
619,hujie,女,上海市,2025-09-19 10:29:20
620,juanfu,女,杭州市,2025-10-02 08:08:03
621,schang,女,上海市,2025-08-09 01:42:29
622,xieyan,女,天津市,2024-07-14 02:32:49
623,yong71,男,南京市,2026-04-08 23:03:33
624,leimin,女,广州市,2023-10-29 11:26:18
625,qiujing,女,郑州市,2025-04-08 13:18:06
626,juanwei,男,武汉市,2026-05-12 13:28:50
627,fang75,男,杭州市,2024-04-04 07:21:27
628,yangxiuying,男,贵阳市,2024-12-21 16:04:51
629,wei28,男,上海市,2024-06-26 15:16:34
630,guiying24,女,北京市,2023-12-23 10:13:43
631,leihan,男,南京市,2024-02-12 23:05:28
632,eqin,男,北京市,2024-11-15 00:28:01
633,pengxiuying,男,成都市,2025-04-13 16:57:02
634,jyin,男,上海市,2026-05-12 20:29:51
635,liaojie,男,北京市,2026-02-10 09:39:58
636,xiayin,女,成都市,2023-08-22 11:07:55
637,jdu,男,郑州市,2024-04-04 19:23:13
638,taowan,女,杭州市,2025-11-30 06:16:20
639,zengwei,男,广州市,2025-07-20 18:21:26
640,vhou,女,成都市,2024-04-29 19:18:51
641,yangchao,女,青岛市,2025-03-28 08:54:58
642,lei06,女,贵阳市,2025-10-24 07:00:06
643,nawei,男,南京市,2025-07-06 23:33:29
644,jingxiao,女,广州市,2024-01-05 23:18:18
645,nli,男,海口市,2024-06-20 19:10:18
646,na99,男,上海市,2025-01-31 09:00:41
647,fhu,女,合肥市,2023-12-25 08:21:41
648,ping91,女,深圳市,2024-10-09 07:15:47
649,leicui,男,深圳市,2024-02-24 12:30:43
650,maomin,男,成都市,2025-01-14 17:36:03
651,xiulan38,女,贵阳市,2026-02-23 20:50:08
652,weilin,男,深圳市,2025-10-13 06:31:16
653,longchao,女,武汉市,2024-02-11 02:47:33
654,huangguiying,女,西安市,2025-04-22 21:01:15
655,shigang,男,兰州市,2025-08-18 22:27:39
656,haoyong,女,天津市,2026-01-08 01:18:38
657,min76,男,西安市,2025-07-11 22:21:56
658,panmin,女,成都市,2024-12-18 09:48:15
659,yong42,男,贵阳市,2025-06-01 02:40:59
660,utan,女,青岛市,2025-12-06 02:07:15
661,xiuyingcheng,女,北京市,2023-07-15 23:53:36
662,yong58,男,重庆市,2024-05-05 13:21:12
663,uxu,男,广州市,2026-03-22 14:36:12
664,minyan,女,上海市,2025-07-21 20:13:06
665,jietang,男,西安市,2026-03-19 17:51:23
666,yanwang,男,重庆市,2024-05-28 14:42:19
667,xiemin,男,杭州市,2023-06-24 01:05:26
668,taoren,女,青岛市,2023-07-27 03:24:02
669,cuixiuying,女,合肥市,2023-12-24 03:25:52
670,wangjuan,男,深圳市,2024-08-03 22:05:55
671,hanjun,女,南京市,2025-06-29 19:06:25
672,gongxia,男,青岛市,2025-03-22 15:00:08
673,fengli,男,北京市,2024-02-07 03:42:23
674,xuexia,男,北京市,2025-12-30 13:46:23
675,pingdai,女,上海市,2024-07-30 22:07:13
676,mengwei,女,成都市,2024-07-01 04:57:25
677,jie03,女,杭州市,2023-06-02 10:08:25
678,xiejun,男,广州市,2024-12-31 21:28:50
679,ipan,女,成都市,2023-07-27 03:51:16
680,chao52,男,北京市,2024-11-29 14:13:45
681,maoyang,男,南京市,2023-08-05 23:13:01
682,fangxiulan,女,合肥市,2024-03-20 05:08:11
683,yanlin,男,西安市,2026-02-10 12:07:52
684,guiying41,女,杭州市,2024-07-25 07:20:40
685,tao87,男,重庆市,2025-10-08 16:43:59
686,yaojun,男,广州市,2025-01-16 19:02:56
687,yandu,男,西安市,2023-08-21 16:17:58
688,jiezeng,男,西安市,2025-08-15 17:39:18
689,xiulan79,男,成都市,2023-08-02 06:23:04
690,xiangtao,女,武汉市,2024-07-29 01:23:13
691,qiang78,男,郑州市,2025-07-28 13:53:30
692,panyong,男,广州市,2024-09-10 17:36:29
693,gangyu,男,北京市,2023-09-02 03:11:04
694,jiangqiang,女,广州市,2023-08-08 00:29:47
695,xiuyinghu,男,长沙市,2024-09-27 19:08:18
696,guiyinglu,男,南京市,2024-01-15 13:39:23
697,pmeng,女,上海市,2025-04-11 13:49:52
698,uren,男,南京市,2025-01-07 18:38:37
699,xia93,女,上海市,2025-12-29 22:42:58
700,shaojuan,男,天津市,2023-06-18 09:31:00
701,lxia,女,上海市,2024-09-19 17:29:09
702,xiazheng,女,深圳市,2024-07-13 17:38:53
703,uwang,女,重庆市,2023-05-22 15:40:33
704,xiulanmao,女,上海市,2023-08-22 08:35:54
705,zduan,男,西安市,2025-10-18 23:03:49
706,qiang53,女,南京市,2023-08-20 18:53:53
707,qiulei,男,天津市,2023-08-05 23:03:06
708,than,女,天津市,2024-10-21 03:57:21
709,fangfu,女,郑州市,2026-02-04 18:12:46
710,xiulan46,男,广州市,2023-11-01 06:46:16
711,fhuang,男,上海市,2025-03-12 12:12:57
712,yan03,男,兰州市,2023-07-20 06:23:33
713,juantang,女,上海市,2025-02-18 12:00:54
714,mzhang,女,西安市,2024-03-07 07:58:17
715,xiulanwu,女,重庆市,2026-01-25 13:51:54
716,yangmeng,女,上海市,2025-09-20 23:14:43
717,fang81,男,深圳市,2023-09-14 19:53:01
718,qqiao,男,重庆市,2026-01-31 00:01:29
719,lei76,女,武汉市,2026-01-09 20:02:27
720,lmao,女,武汉市,2024-10-18 15:47:53
721,nshen,女,深圳市,2023-06-10 07:44:15
722,weiyuan,女,武汉市,2023-09-18 02:16:46
723,xiulan86,女,合肥市,2026-01-10 07:23:24
724,mindeng,女,郑州市,2023-07-25 14:53:28
725,luoqiang,女,合肥市,2025-04-26 22:33:51
726,wsu,女,北京市,2025-10-26 10:46:31
727,dwen,男,兰州市,2023-11-04 05:42:18
728,fang06,女,南昌市,2025-01-17 20:39:22
729,yangjing,女,广州市,2023-06-23 02:40:27
730,xia54,女,重庆市,2024-10-10 06:31:07
731,vkong,男,深圳市,2023-11-05 13:01:57
732,yansong,女,西安市,2024-05-13 22:30:43
733,mogang,男,兰州市,2025-04-07 06:19:23
734,panxiulan,女,北京市,2023-05-30 16:44:05
735,lei84,男,长沙市,2024-04-18 12:04:02
736,longna,男,上海市,2025-02-28 13:05:08
737,qiangwan,男,深圳市,2026-03-09 08:19:46
738,fumin,男,成都市,2024-07-20 11:04:29
739,li68,男,深圳市,2025-09-01 08:46:06
740,xiazou,男,上海市,2024-04-22 07:49:48
741,jcao,女,武汉市,2025-07-15 17:41:53
742,jing59,女,重庆市,2023-09-08 05:47:26
743,xiulanzhou,女,深圳市,2024-11-12 18:02:24
744,yanyang,男,郑州市,2026-04-16 20:56:26
745,kangjie,男,上海市,2025-07-13 22:25:12
746,qmo,男,南昌市,2025-10-14 01:30:10
747,jun51,男,上海市,2025-12-13 20:35:33
748,chaopan,男,西安市,2024-04-21 21:32:29
749,fangxue,女,天津市,2025-03-16 05:10:41
750,pgao,男,深圳市,2025-10-07 13:19:33
751,kliao,女,北京市,2025-09-27 12:28:22
752,gang59,女,郑州市,2023-07-26 21:08:19
753,min40,女,上海市,2023-05-28 11:42:46
754,ohou,女,合肥市,2025-08-12 14:34:18
755,xiuyingcai,男,北京市,2025-07-24 04:31:09
756,liaoxiulan,女,青岛市,2023-09-04 02:50:36
757,min57,男,成都市,2025-11-12 13:35:09
758,jun30,女,上海市,2025-07-03 19:31:13
759,ema,男,深圳市,2024-04-27 04:05:30
760,taohao,女,北京市,2023-05-28 12:39:51
761,yanli,男,西安市,2025-08-19 13:32:31
762,weigang,男,长沙市,2024-09-04 20:30:50
763,vmao,女,杭州市,2025-02-05 06:40:01
764,na29,男,合肥市,2025-03-02 18:35:36
765,gangcao,男,南昌市,2023-09-25 14:25:18
766,min27,男,海口市,2023-08-29 08:50:57
767,jpeng,男,青岛市,2024-08-12 06:51:45
768,mfang,女,上海市,2026-04-05 22:10:40
769,juncheng,女,成都市,2024-10-07 19:33:11
770,taojie,女,重庆市,2023-10-03 12:35:21
771,stian,女,北京市,2023-08-28 02:36:09
772,iwen,男,广州市,2024-05-12 04:29:30
773,minxiao,女,杭州市,2023-09-12 11:12:53
774,ahu,男,天津市,2025-04-05 12:41:10
775,zshen,男,深圳市,2023-05-28 16:54:42
776,nqin,女,南昌市,2025-05-07 07:57:41
777,liaojuan,女,广州市,2024-04-18 02:01:59
778,jingliang,女,杭州市,2024-09-06 09:23:51
779,tanfang,女,呼和浩特市,2024-11-17 17:19:12
780,fsong,女,青岛市,2024-12-31 14:57:01
781,xma,男,成都市,2023-11-14 05:59:35
782,bding,男,海口市,2025-09-23 17:43:51
783,yang53,女,上海市,2024-05-02 23:13:34
784,ghe,男,上海市,2025-08-29 09:30:34
785,gaomin,男,南昌市,2025-04-07 22:01:15
786,xiuying84,女,青岛市,2023-10-23 01:30:24
787,yong32,女,天津市,2024-10-20 03:41:58
788,gangmao,男,深圳市,2023-06-20 10:41:17
789,chao37,男,深圳市,2024-01-25 19:50:27
790,hzeng,男,广州市,2025-06-10 04:23:43
791,uren,男,重庆市,2023-08-24 06:44:17
792,cchen,男,上海市,2024-03-11 12:53:40
793,yyan,女,南京市,2023-06-02 01:09:58
794,yangxiuying,男,深圳市,2025-08-04 01:21:59
795,wgu,女,郑州市,2023-09-01 07:47:39
796,na77,男,西安市,2023-09-19 12:01:32
797,xiaochao,女,广州市,2025-08-10 03:46:23
798,qinyong,女,杭州市,2025-04-25 06:41:20
799,aliang,女,杭州市,2026-04-26 00:31:34
800,vgong,女,合肥市,2025-12-08 21:52:55
801,qlin,女,深圳市,2024-08-20 03:25:17
802,lei88,男,深圳市,2024-01-27 16:35:50
803,na07,女,南京市,2026-03-15 02:21:23
804,bsun,男,杭州市,2024-11-11 08:01:07
805,jiekong,男,重庆市,2026-01-14 15:33:35
806,xiulan40,男,青岛市,2025-03-10 06:10:12
807,wantao,男,贵阳市,2025-08-22 22:44:00
808,li97,男,郑州市,2024-01-28 06:05:01
809,leicui,男,成都市,2026-02-10 08:47:52
810,yan02,女,呼和浩特市,2024-05-15 16:01:36
811,licheng,男,郑州市,2024-01-26 05:18:28
812,liuna,男,杭州市,2024-05-27 13:10:42
813,yangsun,男,兰州市,2025-04-08 22:57:23
814,leisun,男,贵阳市,2025-11-14 09:05:11
815,yejie,男,武汉市,2024-06-05 07:04:06
816,juanlong,女,广州市,2026-02-05 11:14:54
817,fanglong,女,郑州市,2024-09-16 13:47:38
818,huangxiuying,女,上海市,2025-08-02 05:04:10
819,li09,女,上海市,2024-07-22 23:09:01
820,juanmeng,男,上海市,2024-04-23 08:03:29
821,jinjun,男,西安市,2024-03-22 13:24:20
822,tao78,男,广州市,2024-06-04 10:18:39
823,xiuyingcai,女,长沙市,2024-04-29 22:33:20
824,mxu,男,贵阳市,2025-10-10 11:22:29
825,juanxiao,女,南京市,2026-02-12 22:15:10
826,mingxiong,男,杭州市,2026-01-19 20:41:37
827,vxiong,男,南京市,2023-11-30 09:08:34
828,taoli,男,成都市,2024-08-03 00:47:46
829,qiang51,男,成都市,2025-05-13 16:39:12
830,qfan,男,杭州市,2025-04-04 09:21:11
831,chaoguo,女,合肥市,2023-09-29 00:31:17
832,panxiulan,男,成都市,2023-08-26 00:06:43
833,lixiang,女,深圳市,2024-09-10 11:04:29
834,leigong,女,杭州市,2023-08-01 03:16:12
835,umo,男,西安市,2024-09-12 16:34:03
836,chaoqin,女,青岛市,2024-07-22 03:22:42
837,guiyingfang,男,广州市,2024-11-20 01:15:20
838,qiangluo,男,海口市,2024-03-04 19:03:53
839,maxia,男,合肥市,2023-06-17 22:48:46
840,ping34,女,重庆市,2023-11-07 15:52:47
841,blin,男,北京市,2023-07-27 01:00:08
842,hanxia,女,深圳市,2024-08-29 05:33:13
843,zhouchao,男,西安市,2023-11-13 14:48:28
844,yxiao,女,郑州市,2025-07-22 17:34:06
845,guiyingshao,男,广州市,2025-10-11 17:57:49
846,jiesu,女,深圳市,2025-04-16 01:50:08
847,min78,女,深圳市,2025-11-13 11:40:48
848,xiacao,男,广州市,2025-10-20 02:16:06
849,yang67,女,重庆市,2026-05-10 11:34:57
850,wangjing,男,北京市,2024-03-17 18:13:17
851,gangxue,男,北京市,2025-05-10 05:54:34
852,nmao,男,重庆市,2026-02-28 06:25:52
853,tao48,女,郑州市,2025-04-14 06:45:23
854,xiulan24,女,北京市,2024-05-29 11:12:41
855,gang35,女,南京市,2025-04-21 19:31:31
856,chao62,女,青岛市,2023-09-19 04:04:53
857,tanxiulan,女,上海市,2023-10-31 17:27:48
858,rbai,女,杭州市,2025-08-27 05:57:32
859,xiuying72,女,深圳市,2024-10-03 09:12:55
860,shu,女,成都市,2024-08-08 11:12:57
861,luoyang,女,上海市,2026-05-06 20:03:52
862,fkang,女,上海市,2025-09-05 23:34:42
863,weili,男,上海市,2024-12-27 20:42:15
864,rmo,女,南昌市,2025-05-16 05:18:26
865,zhengtao,女,南昌市,2024-05-29 23:04:54
866,na69,女,成都市,2023-11-06 19:31:25
867,hanlei,女,深圳市,2023-10-30 03:00:36
868,chao67,男,兰州市,2025-03-11 16:48:05
869,dqiao,男,杭州市,2024-09-21 19:37:13
870,hxiao,女,成都市,2025-09-25 22:00:16
871,ushi,男,贵阳市,2025-03-01 03:54:56
872,myao,女,西安市,2024-04-25 07:51:00
873,yong38,男,天津市,2023-08-08 05:41:15
874,tao46,男,青岛市,2024-07-09 20:08:22
875,zhougang,男,深圳市,2025-06-25 17:24:41
876,guiying22,女,成都市,2024-09-17 14:35:58
877,qhan,女,天津市,2025-04-18 06:44:49
878,yang42,女,成都市,2023-09-01 19:40:30
879,juancheng,女,武汉市,2025-04-28 23:37:59
880,najia,男,杭州市,2026-05-01 00:50:20
881,mingcao,女,广州市,2024-05-01 17:59:09
882,weiwei,男,天津市,2023-09-08 22:23:06
883,hwu,男,兰州市,2024-05-26 08:04:38
884,xiulankong,女,广州市,2024-06-25 21:41:32
885,qiuping,女,上海市,2024-11-19 00:33:12
886,szhao,男,杭州市,2023-09-04 15:24:22
887,kpeng,女,广州市,2024-12-22 18:16:26
888,xiaojun,女,上海市,2023-07-22 09:37:25
889,xshen,男,海口市,2025-08-01 05:47:08
890,yangpeng,男,郑州市,2025-05-28 14:25:32
891,jinlei,女,北京市,2024-11-24 18:17:14
892,gqin,男,杭州市,2024-07-07 10:02:05
893,jie00,女,北京市,2024-03-21 23:05:47
894,juanyu,女,南京市,2024-11-07 07:50:28
895,xiuyingwang,女,杭州市,2025-01-08 14:50:13
896,cxiao,男,北京市,2025-03-31 08:23:44
897,qiaoming,女,南京市,2024-07-16 00:07:59
898,jing35,女,北京市,2023-09-24 07:56:28
899,leijiang,女,南京市,2024-06-21 09:44:16
900,yangjing,男,广州市,2023-09-26 08:15:59
901,gang67,男,南昌市,2025-06-22 18:02:58
902,xiuyingtang,男,广州市,2025-05-31 12:04:01
903,nadu,男,广州市,2026-01-05 11:26:02
904,cdeng,女,西安市,2025-08-05 19:43:23
905,fangqiao,男,杭州市,2025-03-16 03:34:27
906,ocai,女,北京市,2024-03-08 14:43:26
907,leilei,男,海口市,2025-08-28 07:33:29
908,xiulandong,女,北京市,2025-01-23 11:05:07
909,taoguiying,男,成都市,2026-02-13 13:33:35
910,gujing,女,杭州市,2023-11-08 17:24:25
911,jie37,女,青岛市,2023-10-27 22:18:44
912,rhao,女,南京市,2025-06-13 03:39:21
913,juan67,男,成都市,2023-09-29 14:10:17
914,xiongyong,男,武汉市,2024-01-04 09:06:28
915,yang24,女,广州市,2025-08-05 05:59:40
916,zhengxia,女,广州市,2026-03-20 02:37:52
917,bwan,男,长沙市,2025-06-28 18:45:19
918,yijie,男,海口市,2026-03-28 13:23:41
919,guiyingye,女,重庆市,2024-09-28 13:53:08
920,sshi,男,合肥市,2023-08-30 23:38:37
921,natang,男,重庆市,2025-06-17 22:04:03
922,juanchang,女,郑州市,2023-09-04 08:19:14
923,wei91,女,北京市,2025-12-30 21:29:07
924,suyan,女,上海市,2024-12-11 09:47:02
925,junsu,女,重庆市,2023-05-23 05:55:27
926,libai,女,海口市,2023-10-17 16:15:54
927,chao86,男,北京市,2024-12-05 05:48:25
928,juan60,女,广州市,2025-01-17 11:12:59
929,isun,男,北京市,2024-06-22 03:48:59
930,fengxiuying,男,南昌市,2023-09-20 15:43:13
931,liwen,女,青岛市,2025-11-04 22:56:02
932,juan77,男,杭州市,2026-04-02 18:15:16
933,wei40,男,北京市,2024-03-10 00:53:04
934,sliu,女,深圳市,2025-02-22 07:53:20
935,yongfu,女,西安市,2025-05-04 21:15:59
936,yong72,女,武汉市,2023-06-30 03:16:18
937,qianli,女,广州市,2025-01-22 23:15:18
938,na27,男,北京市,2025-07-28 00:40:03
939,yangfan,男,深圳市,2025-05-03 00:35:47
940,dmeng,男,北京市,2026-05-02 15:01:02
941,min37,男,广州市,2024-03-05 01:35:58
942,leiyong,女,上海市,2026-05-11 08:30:07
943,weidai,男,合肥市,2023-10-29 12:32:56
944,houxiulan,男,长沙市,2026-04-01 17:11:51
945,li16,男,杭州市,2024-02-09 12:03:05
946,pingguo,男,南京市,2024-08-19 15:30:38
947,fang90,女,深圳市,2023-11-15 00:30:18
948,fang49,女,成都市,2026-05-11 08:36:18
949,lizhang,女,合肥市,2026-04-14 02:55:43
950,dingyang,男,合肥市,2025-12-25 14:27:12
951,chao26,男,上海市,2023-12-19 16:49:19
952,lyao,男,青岛市,2023-11-17 12:00:36
953,qiang06,女,成都市,2025-07-14 02:57:52
954,liyong,女,郑州市,2024-06-26 15:30:56
955,mingwu,女,长沙市,2023-06-11 20:37:14
956,fangcui,女,重庆市,2023-06-08 15:14:12
957,yiming,男,广州市,2026-03-13 08:32:33
958,min91,女,杭州市,2025-08-21 06:43:59
959,jun35,男,合肥市,2024-09-18 15:06:16
960,dxue,男,重庆市,2023-07-02 01:52:55
961,jie70,女,成都市,2025-11-17 15:20:29
962,lpeng,女,南昌市,2026-01-18 07:55:28
963,dhan,女,南京市,2024-09-22 12:18:11
964,chao64,女,上海市,2025-04-27 08:05:58
965,zhaoming,女,上海市,2024-07-02 21:59:56
966,yjin,男,成都市,2024-08-11 22:22:42
967,taoxiao,男,合肥市,2024-11-30 16:00:59
968,yanpan,女,北京市,2024-09-25 21:16:19
969,na40,男,武汉市,2023-07-13 19:19:20
970,qinli,女,武汉市,2025-12-10 23:24:31
971,xiulanmeng,男,西安市,2024-10-04 11:06:22
972,maomin,男,成都市,2024-07-17 21:34:58
973,gangqiu,男,北京市,2024-05-03 10:33:35
974,pingcai,女,上海市,2023-12-06 11:06:15
975,uyan,男,杭州市,2025-07-13 19:47:51
976,weijing,男,上海市,2024-12-31 05:33:55
977,gangli,女,北京市,2025-07-21 09:31:46
978,zhangyan,女,重庆市,2023-08-13 11:58:49
979,gduan,女,合肥市,2024-03-17 04:48:11
980,xiulanding,男,海口市,2025-05-05 17:39:18
981,nawen,男,深圳市,2023-07-03 08:05:12
982,izeng,女,南昌市,2024-08-05 18:37:13
983,xiakang,女,西安市,2024-02-18 14:10:47
984,chengjie,男,广州市,2023-10-06 08:30:42
985,gang79,女,北京市,2023-12-15 03:15:58
986,weichang,女,杭州市,2024-11-29 15:29:18
987,qiangjin,男,青岛市,2026-01-15 09:31:30
988,yan37,女,深圳市,2024-01-19 06:20:52
989,minliang,女,广州市,2023-09-09 06:51:58
990,qxiang,男,上海市,2024-03-26 08:46:03
991,chaoyu,男,杭州市,2023-10-28 01:49:58
992,bxu,男,深圳市,2024-02-17 14:32:29
993,wei35,女,南昌市,2024-09-03 06:41:15
994,zhongyang,男,兰州市,2024-03-10 21:35:54
995,yangbai,男,长沙市,2024-09-16 19:32:31
996,tanyan,女,合肥市,2026-01-03 21:31:12
997,cqian,男,深圳市,2023-11-17 14:29:17
998,pwan,女,海口市,2023-09-14 00:13:56
999,mhuang,男,杭州市,2025-02-27 08:00:24
1000,wangjun,女,深圳市,2024-10-25 05:20:19
1001,ping40,女,上海市,2023-12-09 03:35:04
1002,yuantao,男,广州市,2024-05-03 07:58:20
1003,gangyi,女,长沙市,2025-12-17 04:40:04
1004,wei34,男,深圳市,2024-03-06 17:24:35
1005,yang39,男,成都市,2025-11-11 14:12:30
1006,lei95,男,上海市,2026-02-18 01:41:10
1007,mqiao,男,西安市,2023-10-22 05:58:39
1008,guiying98,女,呼和浩特市,2025-07-01 13:47:56
1009,yan14,男,成都市,2024-07-12 10:06:02
1010,xianglei,男,成都市,2026-02-05 10:53:15
1011,mawei,女,杭州市,2023-06-04 00:00:07
1012,wuping,女,重庆市,2024-04-05 00:51:04
1013,jyin,女,上海市,2025-07-03 13:55:14
1014,xiulankang,女,西安市,2025-11-08 10:22:06
1015,min53,男,上海市,2025-12-09 01:00:05
1016,weiming,男,海口市,2025-06-13 04:57:14
1017,yuanmin,男,北京市,2025-01-24 00:24:15
1018,xpeng,男,南昌市,2024-08-14 08:07:29
1019,lei42,女,成都市,2024-07-08 20:33:45
1020,dpan,男,成都市,2024-04-20 06:15:03
1021,qinyan,男,上海市,2023-12-25 08:59:17
1022,qiuxiulan,男,南京市,2023-09-12 18:00:09
1023,gang02,男,长沙市,2025-05-12 09:23:37
1024,juan86,男,长沙市,2025-04-20 17:18:07
1025,yang27,男,西安市,2025-10-24 10:43:55
1026,oshao,女,深圳市,2023-11-17 06:14:58
1027,oxiang,男,广州市,2024-01-17 22:53:51
1028,qianjuan,男,长沙市,2026-01-24 14:10:08
1029,rshen,女,北京市,2025-04-10 14:44:42
1030,dyu,女,南昌市,2024-04-27 12:15:33
1031,leiliao,男,杭州市,2025-12-05 01:03:02
1032,heyan,女,郑州市,2024-09-14 11:23:07
1033,minchen,女,深圳市,2023-10-13 22:30:41
1034,xiaoli,女,深圳市,2025-05-09 23:55:10
1035,wei04,男,合肥市,2026-01-27 16:50:04
1036,bcai,男,西安市,2025-03-16 16:32:26
1037,yuwei,女,青岛市,2025-03-14 10:01:14
1038,fyi,男,武汉市,2026-04-22 19:35:28
1039,qiaojuan,女,上海市,2023-07-23 00:38:10
1040,xiangyan,女,南京市,2023-09-08 14:22:26
1041,ming31,女,深圳市,2025-07-15 20:49:29
1042,wei84,男,西安市,2025-09-18 21:16:34
1043,kongli,女,郑州市,2024-07-31 12:07:50
1044,pingjia,女,上海市,2023-11-28 00:25:18
1045,guoli,女,广州市,2024-03-15 18:09:52
1046,ping36,女,北京市,2025-11-01 10:33:46
1047,zxue,女,青岛市,2023-07-28 18:33:57
1048,xiatan,男,深圳市,2025-11-08 16:32:52
1049,xiuyingkong,男,北京市,2025-11-01 15:09:04
1050,fengna,男,上海市,2024-10-10 05:40:59
1051,xqiu,男,广州市,2023-12-25 17:19:23
1052,myang,女,长沙市,2026-01-20 20:55:20
1053,qiang93,男,北京市,2023-08-19 09:09:50
1054,zhan,男,广州市,2023-06-15 01:29:03
1055,jing22,男,成都市,2024-01-18 19:04:21
1056,xuxiulan,女,北京市,2024-03-15 00:31:13
1057,na19,男,广州市,2023-11-05 05:25:31
1058,wei32,女,北京市,2024-11-06 13:22:17
1059,jun61,男,深圳市,2026-03-22 03:54:07
1060,ahou,女,杭州市,2024-08-20 02:40:12
1061,mengna,女,合肥市,2025-11-14 20:23:01
1062,dyi,男,上海市,2024-12-07 10:19:01
1063,shaolei,男,成都市,2023-10-26 21:19:25
1064,jingyi,女,北京市,2023-11-04 13:00:02
1065,yongcheng,男,兰州市,2024-02-01 16:03:00
1066,jieliu,女,北京市,2023-07-30 06:07:32
1067,ofeng,男,郑州市,2024-02-21 15:02:56
1068,yanzhou,女,贵阳市,2026-04-03 18:50:51
1069,juanqiu,男,上海市,2024-03-22 00:00:15
1070,yonghuang,女,海口市,2023-10-28 00:18:11
1071,kanggang,男,青岛市,2025-05-26 05:45:57
1072,ocao,男,杭州市,2024-06-22 12:48:09
1073,guiyingzhu,男,海口市,2024-02-12 21:35:15
1074,min15,男,北京市,2024-03-15 16:07:48
1075,nchen,男,重庆市,2024-05-13 01:43:33
1076,qhe,男,北京市,2024-06-29 05:21:15
1077,zhuwei,女,深圳市,2023-11-16 09:30:40
1078,yangwei,女,杭州市,2023-05-24 22:25:51
1079,na52,女,深圳市,2023-08-27 14:53:18
1080,jinqiang,女,上海市,2026-03-26 10:35:38
1081,taocheng,男,成都市,2026-02-28 19:47:14
1082,xiejuan,女,北京市,2026-01-20 06:32:16
1083,echen,女,上海市,2024-01-20 05:42:36
1084,jing27,女,西安市,2025-11-12 05:39:44
1085,jing12,男,广州市,2025-05-22 06:57:37
1086,xiulanchen,男,天津市,2025-12-20 01:43:29
1087,rshi,男,北京市,2024-06-07 18:09:49
1088,ymo,男,天津市,2025-09-27 15:23:36
1089,zhouyan,女,重庆市,2025-07-12 05:01:25
1090,ecai,男,深圳市,2026-02-18 09:29:45
1091,yong48,男,上海市,2024-04-23 23:40:52
1092,xiulanfan,男,武汉市,2023-08-27 07:40:19
1093,taoliao,男,贵阳市,2024-10-13 13:49:53
1094,yongzhong,女,武汉市,2024-04-03 16:05:14
1095,xpeng,男,杭州市,2026-01-27 22:16:58
1096,juanzeng,女,深圳市,2023-10-16 07:49:20
1097,gshen,女,深圳市,2025-11-13 16:02:59
1098,jinyong,女,长沙市,2025-09-01 15:39:39
1099,dongmin,男,广州市,2026-03-10 02:00:55
1100,hyang,女,重庆市,2025-09-26 18:45:00
1101,juan77,女,深圳市,2026-05-11 15:39:39
1102,jingqian,女,上海市,2025-06-07 22:17:34
1103,openg,男,深圳市,2025-10-18 05:48:26
1104,leizou,女,北京市,2024-06-07 06:58:11
1105,psu,男,北京市,2024-08-28 12:51:58
1106,xiulanding,女,成都市,2025-01-21 02:17:20
1107,fuyong,女,成都市,2024-04-25 09:39:35
1108,leixie,男,天津市,2024-11-02 22:13:43
1109,yixia,男,海口市,2023-09-25 11:25:25
1110,uluo,女,杭州市,2023-06-25 15:50:54
1111,eye,男,深圳市,2026-02-11 07:38:32
1112,jingcui,男,重庆市,2023-06-20 12:42:49
1113,zhangqiang,男,深圳市,2023-06-02 09:17:48
1114,pingdeng,女,南京市,2024-09-19 03:28:56
1115,gang70,女,郑州市,2024-01-30 23:07:30
1116,hougang,女,上海市,2025-01-21 14:32:49
1117,chaofu,女,广州市,2025-09-16 21:09:27
1118,xiuying84,女,北京市,2026-04-10 08:41:28
1119,jun33,男,青岛市,2025-08-04 00:22:37
1120,mcheng,男,深圳市,2025-06-15 12:17:42
1121,fangtao,男,上海市,2026-03-06 03:58:31
1122,jtian,女,郑州市,2023-06-20 10:05:00
1123,mindai,女,西安市,2024-11-17 11:43:43
1124,huyan,男,北京市,2025-02-02 06:57:13
1125,vzhu,男,合肥市,2024-05-06 09:17:45
1126,lei71,男,南京市,2025-09-22 23:17:36
1127,taotan,男,上海市,2024-07-15 16:25:02
1128,na11,男,成都市,2024-08-16 17:14:49
1129,tangjun,女,长沙市,2023-06-23 17:39:50
1130,wenli,女,广州市,2023-07-17 06:03:16
1131,ming38,男,北京市,2024-09-13 23:38:50
1132,linwei,女,合肥市,2024-04-23 15:20:18
1133,mingding,男,合肥市,2023-07-26 13:16:03
1134,yang35,女,广州市,2023-12-22 19:58:59
1135,qianxiulan,女,成都市,2023-07-29 00:49:00
1136,fanjie,男,青岛市,2024-02-04 23:31:53
1137,jiema,女,北京市,2023-08-19 05:19:32
1138,mengchao,男,重庆市,2024-02-09 22:27:36
1139,kxie,女,南昌市,2025-03-26 19:06:47
1140,fang60,男,深圳市,2025-04-20 21:00:08
1141,yang93,男,长沙市,2024-11-12 17:22:59
1142,li26,女,广州市,2024-05-31 11:45:27
1143,lihuang,女,上海市,2025-12-22 07:48:58
1144,daichao,女,广州市,2025-12-26 07:35:19
1145,wwen,女,上海市,2025-10-25 21:11:46
1146,chaozeng,女,深圳市,2025-02-06 11:13:28
1147,pxia,男,郑州市,2024-04-06 12:16:37
1148,yangzeng,男,成都市,2023-11-30 16:52:09
1149,fangtian,女,合肥市,2025-12-01 19:23:46
1150,juanyao,男,海口市,2026-05-20 19:45:47
1151,jie89,男,杭州市,2023-09-02 09:39:43
1152,dingxiuying,男,西安市,2025-01-05 01:32:32
1153,yan46,女,重庆市,2026-04-19 06:04:45
1154,ganggu,女,天津市,2026-01-24 02:43:32
1155,xlei,女,长沙市,2024-04-23 19:24:34
1156,jieyi,男,合肥市,2023-06-28 18:20:17
1157,xiulanshi,男,成都市,2023-09-26 22:11:15
1158,na96,男,郑州市,2024-05-18 19:45:14
1159,juan81,女,南京市,2024-09-28 12:07:24
1160,hantao,女,青岛市,2025-04-26 06:45:49
1161,junlai,男,上海市,2025-05-30 19:31:36
1162,yong36,男,合肥市,2024-04-26 04:24:32
1163,gaoxiulan,女,长沙市,2025-06-06 01:54:31
1164,wei87,女,上海市,2026-02-24 23:21:56
1165,gangxiang,男,深圳市,2026-03-15 17:59:24
1166,guiyingzou,女,北京市,2025-06-02 23:01:01
1167,huangchao,男,青岛市,2025-01-12 12:53:18
1168,zengchao,女,南京市,2026-04-18 13:01:47
1169,llin,女,北京市,2025-03-08 19:39:35
1170,pingliu,女,长沙市,2024-07-07 12:46:44
1171,zkang,男,上海市,2024-12-02 19:15:25
1172,liyuan,女,郑州市,2023-12-13 06:19:05
1173,fwei,女,南昌市,2025-07-03 09:22:29
1174,xiuyingtan,男,杭州市,2024-12-28 02:08:41
1175,xtian,男,杭州市,2025-01-18 08:51:39
1176,tianqiang,女,郑州市,2025-11-20 21:40:11
1177,kmo,女,海口市,2025-03-25 06:53:32
1178,chao53,女,重庆市,2025-11-25 03:01:48
1179,umeng,女,南昌市,2024-10-09 17:07:44
1180,fang20,男,北京市,2024-01-06 00:12:14
1181,ping04,男,西安市,2023-09-12 11:48:39
1182,mqin,女,杭州市,2025-02-01 05:49:39
1183,zhengxia,女,兰州市,2024-12-10 21:45:36
1184,along,男,成都市,2026-04-25 12:12:48
1185,yyao,男,深圳市,2025-07-28 03:28:38
1186,daixiulan,女,北京市,2026-05-04 06:28:36
1187,xia65,女,广州市,2025-05-02 13:46:13
1188,mliu,男,海口市,2023-08-31 11:57:00
1189,wwang,男,长沙市,2024-09-22 19:03:41
1190,xiaren,男,深圳市,2023-07-31 13:27:07
1191,xia97,男,青岛市,2023-08-14 09:35:54
1192,xiulanmeng,男,上海市,2024-09-24 13:56:37
1193,juan46,男,成都市,2023-08-31 01:35:26
1194,qiang90,男,杭州市,2025-03-06 14:22:01
1195,chaokong,女,上海市,2023-11-05 16:14:48
1196,pingmeng,男,成都市,2025-08-08 08:04:28
1197,jun51,女,贵阳市,2024-02-25 10:02:04
1198,jingye,女,广州市,2024-01-27 03:15:12
1199,fangfeng,女,长沙市,2023-09-27 23:29:41
1200,bfan,女,长沙市,2023-07-27 06:30:07
1201,luguiying,男,杭州市,2026-01-24 16:58:35
1202,wanyang,男,成都市,2023-07-08 20:11:30
1203,chao80,男,南昌市,2024-01-10 22:01:21
1204,wenmin,男,长沙市,2023-07-27 22:07:32
1205,xiuying61,男,杭州市,2024-11-29 07:27:57
1206,xiulan66,男,郑州市,2024-07-05 20:04:36
1207,baixiuying,女,上海市,2025-10-09 14:26:00
1208,jieyao,女,北京市,2025-09-03 09:28:13
1209,yongren,女,广州市,2025-12-17 02:23:15
1210,mmao,男,西安市,2025-12-06 02:45:25
1211,xiulan76,男,深圳市,2024-07-14 11:25:38
1212,tao72,男,成都市,2026-04-28 14:26:31
1213,yiyang,女,深圳市,2023-11-02 19:16:10
1214,caoxia,女,成都市,2024-04-18 03:06:22
1215,yuchao,男,上海市,2024-06-14 10:48:24
1216,tmao,男,成都市,2024-10-23 19:58:41
1217,ming21,女,西安市,2025-06-21 09:19:22
1218,okang,男,贵阳市,2025-02-23 02:32:46
1219,yongtan,女,杭州市,2023-05-27 05:02:13
1220,jieyao,女,合肥市,2025-12-07 13:09:57
1221,litang,女,海口市,2023-09-25 12:21:42
1222,kyi,女,武汉市,2023-06-03 13:09:53
1223,yongyi,女,南京市,2023-06-10 22:16:41
1224,natian,男,郑州市,2025-11-19 11:30:07
1225,ncao,男,郑州市,2024-02-28 08:07:24
1226,minshi,男,长沙市,2025-03-09 23:53:46
1227,jiecao,男,北京市,2024-02-16 01:54:06
1228,xia26,女,上海市,2026-02-09 22:08:19
1229,lei09,男,成都市,2024-03-26 10:38:32
1230,yqian,男,西安市,2025-09-29 12:10:30
1231,yuangang,男,青岛市,2023-09-12 09:32:59
1232,jiesun,女,上海市,2024-05-10 15:31:33
1233,najin,女,重庆市,2025-05-22 06:35:15
1234,dufang,男,北京市,2024-03-30 07:03:06
1235,yuli,男,北京市,2023-06-27 06:21:34
1236,min33,男,重庆市,2024-11-14 22:42:44
1237,lei66,男,南京市,2025-11-01 16:59:54
1238,naqiu,男,青岛市,2025-12-29 16:20:51
1239,xiulanfan,女,杭州市,2024-04-22 09:32:24
1240,zhouxia,男,广州市,2026-05-18 20:17:45
1241,chaocai,女,上海市,2023-12-31 02:17:03
1242,vlei,女,深圳市,2026-04-10 04:51:02
1243,rshen,男,南京市,2026-01-09 16:20:17
1244,gang52,男,郑州市,2024-09-05 09:34:37
1245,lhou,男,杭州市,2024-08-10 19:48:37
1246,fanjing,男,杭州市,2026-05-18 06:31:44
1247,gangkong,男,合肥市,2023-11-21 07:02:49
1248,juan55,女,北京市,2026-05-18 23:14:23
1249,eyuan,女,南京市,2026-04-26 06:05:51
1250,yangyin,男,长沙市,2023-09-26 11:34:29
1251,xiulanliu,女,贵阳市,2023-09-01 05:40:13
1252,xiuyingtan,女,武汉市,2024-04-03 21:43:43
1253,taowen,女,重庆市,2024-05-02 11:13:55
1254,qshao,女,西安市,2025-07-26 22:20:45
1255,yong05,女,西安市,2025-11-12 13:00:52
1256,yan53,女,海口市,2024-02-19 07:55:02
1257,pingcui,男,杭州市,2024-07-03 22:35:03
1258,jiemo,男,西安市,2025-01-29 17:12:14
1259,fanglin,男,海口市,2026-01-08 02:13:01
1260,uqin,女,杭州市,2024-08-17 12:04:32
1261,tao52,男,北京市,2025-08-27 12:38:07
1262,leiping,男,长沙市,2026-03-07 23:48:39
1263,kongwei,女,郑州市,2026-01-26 08:06:49
1264,lshao,女,郑州市,2024-08-03 02:37:54
1265,pingguo,男,成都市,2025-01-13 08:15:15
1266,lzeng,男,深圳市,2024-01-14 23:10:38
1267,yan29,女,北京市,2024-10-16 03:27:18
1268,wujing,男,南昌市,2024-08-29 08:25:10
1269,lixia,女,杭州市,2024-11-09 04:13:22
1270,wenfang,男,北京市,2023-09-29 17:13:35
1271,tao16,女,郑州市,2023-12-29 23:29:24
1272,eguo,男,上海市,2024-08-01 11:40:36
1273,hding,女,合肥市,2026-01-04 11:08:33
1274,xiulanluo,女,杭州市,2025-02-03 23:08:32
1275,scai,男,重庆市,2024-02-12 16:10:04
1276,minyu,女,武汉市,2024-11-20 18:07:17
1277,liwu,男,成都市,2026-03-13 01:02:42
1278,wqian,女,武汉市,2024-09-17 08:10:44
1279,esong,男,北京市,2023-07-29 21:33:07
1280,rliang,男,南京市,2025-09-27 16:55:02
1281,taoming,女,合肥市,2025-04-08 10:15:21
1282,qiang57,男,兰州市,2024-09-14 22:05:44
1283,nahou,男,重庆市,2025-05-23 12:12:31
1284,xzeng,女,广州市,2025-07-03 22:15:42
1285,nxiao,男,北京市,2023-10-04 03:11:31
1286,xiulan18,男,南京市,2024-10-28 07:21:20
1287,hxie,女,西安市,2023-07-09 13:32:57
1288,gongguiying,男,重庆市,2025-07-02 23:26:59
1289,taolin,女,广州市,2023-06-15 14:58:23
1290,xluo,男,北京市,2023-07-07 04:01:53
1291,xiuyingsun,女,上海市,2024-03-23 07:25:32
1292,rentao,女,成都市,2023-10-11 20:17:47
1293,eliu,男,合肥市,2024-07-08 19:29:42
1294,qiang98,男,深圳市,2024-02-21 15:50:01
1295,taomin,女,兰州市,2025-01-15 16:22:30
1296,xiulan17,男,深圳市,2023-08-18 12:18:02
1297,lei88,女,上海市,2025-11-28 23:56:18
1298,ygong,男,武汉市,2025-05-19 12:00:56
1299,gang16,女,广州市,2026-03-09 08:37:58
1300,fdu,男,重庆市,2025-06-24 14:01:45
1301,xiulan74,男,成都市,2025-05-04 10:04:51
1302,yongwu,女,北京市,2024-07-12 20:16:44
1303,kmao,男,武汉市,2025-01-09 08:50:40
1304,gbai,男,海口市,2024-10-09 20:06:17
1305,junzou,男,上海市,2025-03-19 16:17:05
1306,wei39,男,南昌市,2024-04-22 13:18:52
1307,min31,女,重庆市,2024-10-01 01:18:57
1308,yaojuan,男,广州市,2025-08-22 06:29:08
1309,weiren,男,武汉市,2026-02-27 22:52:00
1310,zhangming,男,广州市,2025-02-21 17:14:42
1311,haoxia,女,重庆市,2025-06-22 02:55:07
1312,xiulanliao,男,北京市,2025-11-21 13:01:26
1313,yong18,男,长沙市,2023-12-25 05:20:49
1314,gangwen,男,合肥市,2024-08-26 04:14:25
1315,sluo,女,北京市,2025-07-31 18:15:31
1316,maojun,女,北京市,2026-04-28 18:13:34
1317,yexiuying,女,杭州市,2024-04-05 02:15:43
1318,leiguiying,男,北京市,2024-02-24 18:47:52
1319,pye,男,北京市,2025-03-13 07:50:47
1320,pqian,男,深圳市,2024-02-27 17:31:29
1321,yan67,女,合肥市,2025-12-31 21:10:34
1322,ming96,女,郑州市,2024-09-16 06:37:31
1323,chaozhu,女,青岛市,2023-12-05 22:42:46
1324,qiangmeng,男,南京市,2024-09-29 02:11:49
1325,chao12,女,成都市,2025-07-31 05:48:42
1326,atang,男,南京市,2025-08-28 20:58:59
1327,xiazeng,女,兰州市,2025-05-12 21:44:17
1328,mqiu,男,成都市,2025-11-02 18:36:38
1329,caoping,男,广州市,2025-01-20 17:27:17
1330,zhengming,男,杭州市,2024-02-06 09:47:47
1331,dmeng,男,重庆市,2024-07-22 17:35:50
1332,guiyingshao,男,杭州市,2024-12-21 10:05:11
1333,fshen,女,天津市,2025-06-25 01:46:38
1334,minkang,男,长沙市,2025-02-25 20:31:54
1335,zhoutao,男,长沙市,2023-08-20 19:52:19
1336,jiema,男,南昌市,2025-01-08 17:49:29
1337,yshi,女,合肥市,2025-11-04 06:58:34
1338,huyong,男,北京市,2023-06-09 05:56:26
1339,tao58,男,深圳市,2025-05-14 20:36:40
1340,zhongxiuying,女,杭州市,2023-10-17 11:40:15
1341,linxiuying,男,北京市,2025-11-21 21:52:49
1342,ltian,女,广州市,2024-09-30 16:57:04
1343,yinming,男,天津市,2023-12-07 07:57:14
1344,renjuan,女,天津市,2026-01-23 17:43:46
1345,ijia,男,兰州市,2026-03-01 07:09:28
1346,min40,男,南昌市,2023-08-10 07:14:36
1347,yangtan,男,北京市,2025-10-19 23:55:59
1348,songqiang,男,重庆市,2026-04-10 05:39:13
1349,juanpeng,男,北京市,2024-12-29 16:42:16
1350,dyuan,男,天津市,2025-02-27 09:26:25
1351,huangjuan,男,重庆市,2024-08-02 00:53:03
1352,yanzhu,男,海口市,2024-06-12 11:48:56
1353,minzhong,女,天津市,2023-11-18 21:02:27
1354,ming36,女,杭州市,2025-08-23 09:44:38
1355,nameng,女,长沙市,2024-11-19 10:06:04
1356,jiachao,女,深圳市,2026-04-25 07:47:47
1357,chaoduan,女,杭州市,2023-10-15 08:12:07
1358,kcui,女,上海市,2023-10-26 07:34:36
1359,guiyingsu,男,南昌市,2023-08-30 13:07:26
1360,tangguiying,女,南京市,2025-03-26 14:58:36
1361,fchang,女,北京市,2024-02-13 06:11:20
1362,jingcheng,女,天津市,2023-09-05 14:53:33
1363,dingxiuying,男,重庆市,2025-02-21 15:45:01
1364,ykong,女,上海市,2023-07-14 13:27:47
1365,dlei,女,西安市,2025-04-28 15:42:56
1366,fangzeng,男,北京市,2024-04-15 23:04:05
1367,yongkong,女,重庆市,2023-12-14 02:56:02
1368,juantian,男,上海市,2025-05-10 22:49:20
1369,yan40,女,北京市,2024-11-21 18:56:05
1370,fanggang,男,成都市,2025-10-01 19:46:28
1371,leiguo,男,上海市,2025-02-09 22:31:22
1372,caiming,女,杭州市,2024-05-15 11:30:09
1373,yang11,女,北京市,2025-11-21 00:05:54
1374,kshen,女,广州市,2023-10-13 18:08:01
1375,nkang,女,杭州市,2024-05-13 13:52:30
1376,zenggang,女,深圳市,2026-05-04 05:01:27
1377,jxiao,女,上海市,2025-08-14 06:30:31
1378,xia97,女,郑州市,2026-04-09 14:30:05
1379,syang,女,广州市,2026-02-12 13:38:10
1380,weiqiao,男,上海市,2026-03-26 13:01:03
1381,fangshao,男,郑州市,2025-11-21 08:26:52
1382,cuixiulan,男,长沙市,2025-10-06 08:08:05
1383,chao36,女,上海市,2023-10-15 04:25:13
1384,chao17,男,北京市,2024-11-01 09:52:13
1385,wei54,男,杭州市,2026-04-21 19:13:33
1386,gangqiao,女,北京市,2025-11-30 08:06:36
1387,yanlong,男,重庆市,2023-05-23 13:05:58
1388,juansong,男,成都市,2026-01-07 22:48:57
1389,juanfu,男,上海市,2025-08-11 07:31:33
1390,weicai,男,上海市,2025-08-24 07:40:53
1391,zhouyan,女,南京市,2025-08-01 08:30:39
1392,xiulanxiang,女,深圳市,2025-12-27 20:58:41
1393,xiuying97,女,南京市,2024-11-11 08:12:12
1394,wei07,女,广州市,2024-03-28 15:37:23
1395,dqian,男,杭州市,2024-01-17 20:14:03
1396,ming70,男,兰州市,2026-04-26 03:53:51
1397,juan66,男,深圳市,2025-05-23 16:31:23
1398,xiaogang,女,北京市,2024-05-18 08:11:17
1399,guiyingzheng,女,杭州市,2026-05-02 21:09:50
1400,pingwen,女,北京市,2025-02-19 17:53:15
1401,sunqiang,女,上海市,2024-06-30 12:08:03
1402,yaojun,女,成都市,2026-04-01 23:52:42
1403,wei47,女,长沙市,2023-09-27 05:10:26
1404,rtang,男,深圳市,2024-04-11 18:02:11
1405,huangna,男,合肥市,2024-09-29 16:36:01
1406,zhongxiulan,女,青岛市,2025-04-03 21:52:52
1407,kongjun,男,武汉市,2025-10-16 20:59:23
1408,laiyang,男,深圳市,2023-10-30 20:17:49
1409,chao69,女,北京市,2023-09-26 05:17:58
1410,qiang14,男,广州市,2023-06-09 11:19:01
1411,lei35,男,深圳市,2024-08-13 07:43:53
1412,xiangchao,男,贵阳市,2025-03-18 09:05:49
1413,gang58,男,深圳市,2024-05-19 19:49:48
1414,jie21,男,长沙市,2024-11-02 12:56:40
1415,guiyingshi,男,天津市,2025-10-30 08:17:32
1416,sunping,女,广州市,2024-03-02 04:01:12
1417,junfan,男,海口市,2025-09-29 02:14:06
1418,qduan,女,深圳市,2024-03-11 07:26:57
1419,pchen,女,广州市,2024-01-31 13:02:35
1420,nasun,男,青岛市,2023-07-03 23:23:16
1421,mingyan,女,成都市,2025-06-09 11:44:40
1422,vxue,男,合肥市,2023-12-20 08:38:10
1423,xmao,女,上海市,2025-03-07 16:32:20
1424,wanjing,女,南京市,2025-04-11 14:27:49
1425,tanggang,男,杭州市,2024-07-31 11:21:37
1426,fliao,男,成都市,2023-11-29 08:27:01
1427,fanggang,男,青岛市,2025-08-02 02:50:05
1428,jcheng,男,上海市,2026-03-07 15:15:01
1429,yangang,男,北京市,2025-04-29 19:04:34
1430,guiying56,男,杭州市,2024-02-24 00:09:38
1431,jingyao,男,北京市,2024-05-05 20:55:33
1432,vzheng,女,深圳市,2025-02-20 02:28:23
1433,xiapeng,女,深圳市,2024-08-04 23:46:09
1434,xtian,女,郑州市,2025-11-21 16:07:19
1435,shaomin,男,广州市,2023-09-20 18:47:15
1436,qxia,女,青岛市,2025-12-07 18:53:11
1437,sunjuan,男,广州市,2024-03-09 03:09:46
1438,yonggong,女,重庆市,2024-01-23 19:34:18
1439,vtian,女,武汉市,2025-10-17 01:59:59
1440,jietan,女,北京市,2025-12-07 21:08:59
1441,jing60,男,郑州市,2024-01-29 06:19:11
1442,zhouna,男,西安市,2025-10-25 19:37:05
1443,yang20,女,长沙市,2023-09-30 07:31:07
1444,bjin,女,上海市,2023-09-15 17:55:35
1445,fang48,女,成都市,2025-06-18 06:27:22
1446,songyang,男,杭州市,2026-04-30 11:12:24
1447,nadu,男,杭州市,2026-02-08 01:11:42
1448,ltao,女,天津市,2025-01-04 21:11:49
1449,songyong,女,上海市,2025-12-30 06:29:07
1450,na86,女,青岛市,2026-05-18 01:34:06
1451,leizhu,女,深圳市,2024-06-18 15:28:16
1452,xiulan14,男,重庆市,2024-02-25 11:25:09
1453,fuxiulan,男,广州市,2026-01-15 19:36:52
1454,jing83,女,天津市,2024-06-09 20:53:00
1455,juan24,女,杭州市,2025-01-23 15:57:34
1456,gangkang,男,深圳市,2026-01-07 01:14:27
1457,yang64,女,杭州市,2026-04-21 05:43:42
1458,konglei,男,南京市,2025-02-16 12:56:09
1459,yang70,女,南京市,2024-12-16 13:40:03
1460,chaoqin,女,青岛市,2024-09-23 02:17:58
1461,xiuying19,男,成都市,2024-08-11 17:59:49
1462,xluo,男,西安市,2024-04-22 23:40:55
1463,fwei,男,武汉市,2025-11-21 18:12:49
1464,gongguiying,男,北京市,2025-11-10 17:29:48
1465,minxue,女,长沙市,2024-01-18 15:08:49
1466,yintao,男,长沙市,2024-08-22 00:58:28
1467,dongjun,男,北京市,2024-07-24 03:45:58
1468,kongjie,男,广州市,2024-02-29 12:36:00
1469,qiangzou,男,广州市,2026-02-20 23:46:27
1470,guiyingqiu,女,上海市,2023-10-22 16:26:37
1471,xli,女,上海市,2024-06-15 09:10:14
1472,caoqiang,男,广州市,2024-06-22 15:12:39
1473,xiafan,男,郑州市,2024-01-18 09:31:47
1474,taoyang,男,成都市,2023-12-20 23:03:57
1475,guiyingluo,女,南昌市,2024-09-07 10:09:35
1476,yong53,男,深圳市,2026-03-17 00:08:52
1477,xiuying46,男,深圳市,2024-05-17 23:01:32
1478,bzhou,男,长沙市,2024-04-07 12:53:21
1479,tyao,女,西安市,2023-08-07 17:27:52
1480,fanwei,女,长沙市,2024-06-13 14:59:06
1481,najiang,女,广州市,2026-01-31 04:47:13
1482,junzeng,男,重庆市,2023-08-06 05:13:09
1483,wei96,男,北京市,2025-11-25 17:51:47
1484,ndu,男,天津市,2024-02-20 13:33:26
1485,linyang,女,上海市,2025-05-27 17:16:22
1486,fsong,男,郑州市,2024-05-11 22:23:32
1487,yanduan,男,郑州市,2023-09-09 04:16:48
1488,jun98,男,长沙市,2025-07-01 02:24:42
1489,tqian,男,合肥市,2024-07-14 03:38:37
1490,cuitao,男,兰州市,2023-12-03 17:49:47
1491,juanguo,男,天津市,2023-10-27 01:54:26
1492,qiang68,女,上海市,2024-03-06 15:00:28
1493,leisun,女,北京市,2023-06-03 01:31:38
1494,yong10,男,重庆市,2023-09-04 11:11:56
1495,matao,男,成都市,2026-04-26 18:39:30
1496,hhu,男,郑州市,2024-05-11 02:34:45
1497,guiyingxia,女,成都市,2023-09-11 01:58:49
1498,weihan,女,合肥市,2025-01-13 12:52:28
1499,yang59,女,成都市,2026-01-03 18:40:30
1500,kyi,男,北京市,2025-11-11 21:06:33
1501,ping24,男,北京市,2025-06-26 20:34:47
1502,tao22,男,重庆市,2024-08-02 07:46:20
1503,chaoyuan,男,南京市,2023-08-24 13:49:35
1504,dutao,男,深圳市,2026-02-09 04:01:03
1505,fang03,男,成都市,2025-02-23 16:11:40
1506,yan91,男,成都市,2025-04-09 10:43:47
1507,jun57,女,长沙市,2025-03-13 12:44:37
1508,jiemo,男,北京市,2024-08-15 18:13:56
1509,ihe,女,北京市,2026-03-02 11:59:42
1510,ebai,女,深圳市,2024-03-27 10:23:12
1511,junwen,男,青岛市,2024-11-23 22:18:15
1512,min33,男,杭州市,2025-09-16 18:37:31
1513,lei47,女,上海市,2026-01-30 01:15:48
1514,zfang,女,北京市,2025-09-12 13:46:40
1515,jinjun,男,广州市,2024-06-23 04:10:27
1516,yuna,女,广州市,2026-04-11 19:46:00
1517,cuijing,女,深圳市,2024-03-02 07:01:48
1518,shijun,女,成都市,2025-02-27 14:18:37
1519,zouyan,男,天津市,2025-10-27 11:18:23
1520,gcui,女,郑州市,2023-09-07 11:23:14
1521,tao22,男,北京市,2025-08-30 00:14:42
1522,wei58,男,深圳市,2023-09-14 11:05:25
1523,minlin,男,海口市,2025-11-17 13:31:41
1524,jing22,女,武汉市,2024-06-08 23:40:38
1525,fanglei,男,深圳市,2025-04-12 00:38:34
1526,chaoyi,男,郑州市,2025-03-31 04:59:27
1527,dyan,女,北京市,2023-11-07 20:41:48
1528,taomao,女,合肥市,2023-10-02 19:20:44
1529,jiejia,女,成都市,2025-06-09 03:34:35
1530,fuyan,女,北京市,2024-11-08 22:24:42
1531,xiulanhou,女,郑州市,2025-08-02 12:20:14
1532,yangqiang,男,深圳市,2026-05-02 17:21:06
1533,suwei,女,北京市,2023-07-13 00:08:38
1534,jieding,女,广州市,2025-06-25 01:02:35
1535,yliang,女,上海市,2023-11-03 12:02:55
1536,junhe,男,贵阳市,2024-12-27 22:23:41
1537,tao86,女,重庆市,2024-08-24 16:38:56
1538,baijun,女,天津市,2024-12-20 16:54:22
1539,dlin,男,武汉市,2026-01-13 18:32:01
1540,chao64,女,贵阳市,2026-01-20 06:25:52
1541,xia96,女,广州市,2023-05-31 14:46:51
1542,yongyuan,男,上海市,2025-04-08 16:15:42
1543,hxiong,女,深圳市,2024-12-29 04:56:40
1544,guiying92,女,合肥市,2025-05-20 02:43:31
1545,yongyao,男,广州市,2025-07-19 10:14:10
1546,dzhang,男,杭州市,2023-08-08 10:07:53
1547,yuanyong,女,上海市,2025-07-14 14:55:20
1548,renqiang,女,北京市,2025-12-28 10:48:36
1549,yanfu,女,广州市,2025-09-21 05:46:45
1550,mdong,女,上海市,2026-03-28 09:08:02
1551,sren,女,北京市,2023-09-21 19:51:20
1552,hujie,女,北京市,2024-02-23 15:55:33
1553,tchang,女,上海市,2025-01-03 03:40:30
1554,wei07,女,杭州市,2023-07-24 21:04:05
1555,jie41,女,海口市,2024-12-02 00:01:25
1556,kmo,男,上海市,2025-01-27 04:15:00
1557,wkong,男,西安市,2025-05-14 00:23:18
1558,ddu,男,郑州市,2026-03-12 02:53:24
1559,juan60,男,深圳市,2026-03-15 12:16:39
1560,jun82,女,深圳市,2025-09-20 05:12:15
1561,ming40,女,北京市,2024-12-26 09:46:55
1562,yangqiu,女,郑州市,2023-07-12 04:30:37
1563,yanli,女,长沙市,2024-04-26 03:48:34
1564,yangdu,男,北京市,2025-07-30 04:20:39
1565,wei36,女,南京市,2024-03-05 23:09:20
1566,eyi,男,上海市,2025-09-07 07:13:40
1567,gaoqiang,女,广州市,2023-06-08 14:14:43
1568,pingfan,女,北京市,2024-06-04 17:20:03
1569,wzhang,女,南昌市,2024-08-08 23:36:17
1570,qfeng,男,广州市,2024-11-03 19:27:49
1571,jzhou,女,青岛市,2026-01-05 04:41:23
1572,gang10,女,成都市,2025-03-03 09:09:37
1573,chao10,女,深圳市,2025-09-12 11:19:17
1574,jingzhou,男,郑州市,2024-07-11 20:09:04
1575,yuanjie,男,海口市,2023-06-28 08:19:36
1576,pingqian,男,北京市,2025-02-09 05:58:32
1577,xqin,男,长沙市,2026-04-23 05:11:37
1578,ganglu,男,深圳市,2024-02-05 02:53:43
1579,leilei,女,长沙市,2024-10-08 10:16:27
1580,pqian,男,西安市,2025-04-19 21:08:32
1581,jie17,男,上海市,2024-07-10 22:33:39
1582,huangjun,女,重庆市,2024-07-31 21:57:14
1583,rcui,女,合肥市,2026-02-15 23:38:22
1584,xiulanduan,女,武汉市,2024-04-13 18:55:48
1585,yaowei,女,合肥市,2025-12-06 16:17:06
1586,udeng,女,杭州市,2025-10-22 03:55:40
1587,qiaoyong,女,成都市,2024-03-23 22:01:56
1588,chaowen,男,深圳市,2026-03-12 03:55:41
1589,xiuyingzhu,女,北京市,2023-11-16 12:03:38
1590,panna,男,兰州市,2024-08-01 05:36:16
1591,yongzhao,女,广州市,2025-08-14 17:17:04
1592,lei77,男,武汉市,2023-12-08 17:34:23
1593,gangdong,女,成都市,2024-02-07 00:00:55
1594,houyang,女,上海市,2025-05-29 17:12:21
1595,yongxue,女,郑州市,2026-05-11 22:39:25
1596,changxia,女,天津市,2025-03-31 21:34:28
1597,qianglin,男,北京市,2023-12-03 18:22:45
1598,xiahu,男,南昌市,2025-01-04 12:16:56
1599,ndai,男,深圳市,2024-10-14 08:50:07
1600,qiang95,男,西安市,2026-02-08 14:17:21
1601,zhaojie,男,上海市,2023-10-03 23:10:08
1602,taolu,男,上海市,2025-07-01 07:31:07
1603,eluo,男,广州市,2024-03-10 07:05:47
1604,xiuyingzheng,女,广州市,2025-04-17 18:05:04
1605,lei27,男,北京市,2026-05-13 21:46:20
1606,liyan,女,杭州市,2025-07-26 00:01:29
1607,junduan,男,南昌市,2023-08-12 22:02:08
1608,weixue,男,广州市,2023-10-21 16:10:55
1609,xia42,男,上海市,2025-11-14 00:14:40
1610,chaosu,男,上海市,2023-08-14 07:11:52
1611,zoulei,女,南京市,2025-11-17 16:46:15
1612,chao45,女,南昌市,2025-09-18 15:01:46
1613,yangtian,男,成都市,2025-11-02 18:45:58
1614,chengwei,女,南昌市,2024-07-27 13:32:50
1615,xiulanye,女,上海市,2024-07-23 08:20:17
1616,laixia,男,杭州市,2024-07-20 10:37:19
1617,laina,男,海口市,2025-04-09 13:43:58
1618,jguo,女,南京市,2025-01-05 22:01:28
1619,xialiu,女,杭州市,2025-07-07 03:24:38
1620,jie28,女,广州市,2024-10-15 03:35:07
1621,gzhou,女,广州市,2025-04-29 20:24:28
1622,nkong,男,南昌市,2024-06-06 09:48:25
1623,jing48,男,上海市,2025-05-04 04:08:46
1624,jinyan,男,成都市,2023-06-02 20:25:31
1625,vwei,男,广州市,2024-11-18 01:45:45
1626,uma,女,长沙市,2025-09-02 03:00:52
1627,yangtao,女,深圳市,2023-08-10 11:22:12
1628,yinming,女,成都市,2025-02-04 01:22:26
1629,yitao,男,合肥市,2024-09-19 00:41:04
1630,yanlai,男,青岛市,2023-12-08 07:55:32
1631,hxue,男,合肥市,2026-03-11 04:03:11
1632,xiulan62,女,青岛市,2025-11-04 09:09:08
1633,jingluo,男,北京市,2024-09-23 02:12:11
1634,xiulanchen,男,上海市,2026-01-02 19:45:00
1635,uliao,女,兰州市,2026-02-12 11:38:09
1636,oliu,男,西安市,2025-02-21 07:11:47
1637,li84,男,深圳市,2026-02-05 19:57:40
1638,zhouchao,女,贵阳市,2023-10-19 14:15:23
1639,xiuying01,男,武汉市,2024-01-01 20:31:22
1640,gongchao,男,武汉市,2025-12-30 11:05:04
1641,qqiao,男,杭州市,2023-06-19 08:14:07
1642,cuigang,女,深圳市,2024-12-15 04:02:41
1643,songjun,女,杭州市,2026-04-12 19:29:38
1644,wangmin,女,深圳市,2026-02-24 00:47:32
1645,fli,男,合肥市,2026-03-07 08:18:13
1646,lilai,女,深圳市,2025-05-22 13:42:35
1647,uwei,男,郑州市,2023-05-27 08:43:05
1648,jinlei,男,上海市,2024-10-26 04:23:31
1649,zhujun,女,杭州市,2023-09-17 05:32:40
1650,nazhu,男,西安市,2025-09-25 22:49:43
1651,lcao,女,西安市,2024-10-13 06:52:31
1652,xiazeng,女,合肥市,2023-06-30 20:50:23
1653,jie05,女,广州市,2025-03-02 02:44:33
1654,tangjie,女,西安市,2025-07-22 07:01:16
1655,kwan,男,郑州市,2025-03-27 07:29:55
1656,guiyingtian,男,上海市,2026-04-08 17:38:44
1657,yonggong,女,武汉市,2025-04-03 02:55:25
1658,wcheng,男,武汉市,2025-08-15 03:56:10
1659,dzeng,男,呼和浩特市,2024-10-11 19:53:17
1660,jie94,女,北京市,2026-02-23 12:21:13
1661,zli,女,北京市,2024-08-22 00:54:55
1662,luyong,男,海口市,2025-04-28 18:57:13
1663,xutao,女,海口市,2023-12-10 14:49:04
1664,xiulanwan,男,上海市,2024-06-29 22:50:27
1665,pzhang,男,杭州市,2025-09-20 15:29:47
1666,yangqiang,男,杭州市,2024-10-24 07:26:27
1667,yong41,女,广州市,2025-07-15 01:41:33
1668,juanli,女,杭州市,2024-06-06 22:02:11
1669,minsong,女,南昌市,2023-07-16 03:08:45
1670,csong,男,贵阳市,2025-07-13 18:20:23
1671,twei,女,青岛市,2026-04-26 23:35:16
1672,kcui,女,北京市,2025-01-29 10:28:43
1673,junhu,男,西安市,2025-11-15 15:51:21
1674,mincheng,女,广州市,2023-10-10 11:31:12
1675,yong95,女,北京市,2025-01-12 18:05:33
1676,yinjun,男,郑州市,2023-08-05 11:49:36
1677,gujun,男,上海市,2025-04-18 21:03:53
1678,mqiao,女,南昌市,2024-12-24 20:58:34
1679,echang,女,北京市,2025-05-03 02:24:44
1680,yang53,男,青岛市,2026-03-11 11:38:11
1681,mdu,女,南昌市,2026-01-28 23:12:02
1682,mengjun,女,上海市,2023-07-14 08:49:15
1683,yanliao,男,南京市,2026-01-06 07:25:13
1684,jun44,男,呼和浩特市,2026-05-01 20:10:58
1685,pingliang,女,青岛市,2025-12-19 20:28:16
1686,owen,男,贵阳市,2025-07-13 14:10:06
1687,hanyang,男,上海市,2023-10-31 17:55:48
1688,limin,男,北京市,2023-11-13 13:41:31
1689,na07,男,郑州市,2024-07-25 03:22:22
1690,haoxiulan,男,成都市,2025-08-30 13:38:18
1691,linguiying,男,郑州市,2024-01-24 19:01:18
1692,vxu,女,深圳市,2024-01-02 08:40:53
1693,jie40,男,杭州市,2023-11-11 12:16:22
1694,tangming,女,海口市,2024-06-27 17:19:26
1695,qiuyan,男,郑州市,2024-10-31 22:26:59
1696,wei59,男,杭州市,2023-09-12 06:25:21
1697,chaoguo,男,西安市,2026-04-01 19:23:24
1698,nsong,男,郑州市,2024-01-16 08:42:52
1699,ganglin,女,上海市,2024-09-17 14:45:13
1700,nkang,女,天津市,2023-10-01 21:11:27
1701,twen,女,青岛市,2025-07-26 13:24:48
1702,ccheng,女,南京市,2024-12-02 07:56:18
1703,luoping,女,北京市,2026-03-17 12:15:20
1704,ypeng,女,深圳市,2024-11-01 16:51:09
1705,jdai,男,北京市,2024-06-02 08:02:04
1706,fangdong,男,广州市,2024-11-12 02:03:06
1707,fangyi,女,青岛市,2026-03-09 00:32:14
1708,qiang22,女,武汉市,2023-06-16 05:29:40
1709,fangzhao,女,天津市,2025-12-19 15:24:30
1710,leixia,男,南京市,2024-01-14 02:19:15
1711,ofang,男,南京市,2024-03-13 06:55:55
1712,min09,男,天津市,2023-12-19 05:31:18
1713,yan93,女,兰州市,2025-07-26 08:17:09
1714,lidu,男,西安市,2023-05-27 10:27:24
1715,dshi,女,天津市,2025-08-30 02:36:38
1716,vcheng,女,广州市,2025-11-25 02:25:08
1717,zhangyong,女,上海市,2025-09-22 00:29:05
1718,iguo,女,上海市,2023-08-22 01:21:50
1719,weilei,女,杭州市,2023-12-20 08:48:18
1720,juan77,女,北京市,2025-09-19 07:00:40
1721,gangduan,女,呼和浩特市,2025-01-19 19:55:35
1722,gang55,男,重庆市,2026-01-14 00:55:32
1723,jing04,女,贵阳市,2026-02-12 16:57:26
1724,yong67,男,合肥市,2025-03-13 09:48:02
1725,jtang,男,南京市,2025-02-22 07:46:19
1726,sxue,男,成都市,2025-12-25 17:04:36
1727,qiang04,女,广州市,2026-04-25 22:23:40
1728,min89,女,深圳市,2025-03-19 02:51:23
1729,yangkang,男,重庆市,2024-12-07 02:16:30
1730,fwang,男,杭州市,2024-03-11 02:05:02
1731,qpan,男,深圳市,2023-09-04 20:08:06
1732,jing83,女,郑州市,2024-07-21 21:11:50
1733,gzhong,女,郑州市,2025-03-11 11:58:10
1734,caiping,女,上海市,2026-01-23 05:25:21
1735,yanxiuying,女,呼和浩特市,2023-11-20 02:27:14
1736,yong65,男,广州市,2024-10-07 11:59:57
1737,pengxiuying,女,深圳市,2025-08-31 23:10:49
1738,yaoguiying,女,武汉市,2024-01-11 03:07:00
1739,fangguiying,女,上海市,2024-09-28 09:18:20
1740,jing92,女,杭州市,2024-12-10 13:01:51
1741,yan56,女,广州市,2024-02-02 07:06:55
1742,xiuying82,男,兰州市,2025-04-11 11:53:01
1743,fqiu,女,杭州市,2025-02-21 05:43:25
1744,yan83,女,广州市,2023-07-27 01:35:20
1745,fshao,女,武汉市,2026-04-30 20:34:14
1746,liugang,男,重庆市,2024-10-04 21:51:58
1747,guiyingtang,女,长沙市,2023-09-09 00:51:56
1748,zhengjing,男,海口市,2025-07-07 00:30:46
1749,jiangyan,女,天津市,2023-11-28 08:47:14
1750,fang54,女,北京市,2025-07-01 17:51:34
1751,changli,男,南京市,2026-01-26 21:55:33
1752,jun36,女,广州市,2026-02-01 23:50:25
1753,jing75,男,南京市,2023-06-27 19:22:33
1754,ndong,男,深圳市,2024-04-24 04:06:50
1755,min40,男,海口市,2026-01-24 02:24:19
1756,yang77,男,广州市,2023-09-30 01:15:18
1757,qiang27,男,长沙市,2023-08-12 09:05:08
1758,na73,男,北京市,2025-01-05 11:30:41
1759,rzhao,女,上海市,2024-11-04 01:39:19
1760,chao93,女,深圳市,2025-12-14 05:52:49
1761,nazou,男,北京市,2025-12-30 03:30:46
1762,jiangjie,女,重庆市,2026-05-06 23:08:17
1763,xiacai,女,郑州市,2024-08-17 03:30:15
1764,jing82,男,上海市,2024-07-20 17:15:19
1765,ifan,女,杭州市,2023-05-27 02:11:40
1766,xiuying21,男,青岛市,2025-02-11 11:23:45
1767,wujie,男,北京市,2025-01-14 07:28:12
1768,longfang,女,南京市,2023-08-30 05:28:09
1769,xiulan93,男,北京市,2025-07-18 19:40:20
1770,guiying88,男,成都市,2025-07-12 11:24:03
1771,qiangwen,女,武汉市,2026-02-18 23:38:42
1772,dgao,女,杭州市,2024-12-04 02:19:31
1773,haofang,男,长沙市,2024-03-01 15:26:58
1774,ligao,男,广州市,2024-10-03 12:57:50
1775,baijuan,女,北京市,2023-06-04 18:15:34
1776,wei70,女,北京市,2023-11-19 09:32:52
1777,chao25,男,重庆市,2025-02-19 00:45:40
1778,oluo,男,上海市,2024-04-26 04:44:09
1779,mengtao,男,杭州市,2025-06-24 00:22:57
1780,houguiying,女,上海市,2024-04-24 03:09:00
1781,denglei,男,青岛市,2026-03-26 23:18:55
1782,fanwei,女,深圳市,2024-11-14 17:28:18
1783,vyan,女,武汉市,2024-11-02 13:05:09
1784,yangtao,女,重庆市,2025-05-19 21:53:40
1785,jun62,女,深圳市,2024-02-23 07:29:47
1786,weitan,女,郑州市,2026-01-13 08:37:41
1787,juanqin,男,长沙市,2024-10-26 14:57:51
1788,xtian,男,广州市,2026-01-14 13:06:10
1789,syang,女,武汉市,2026-03-10 23:38:15
1790,xiuying59,男,北京市,2026-04-08 12:21:16
1791,xiaxia,男,北京市,2023-10-14 08:46:06
1792,ping59,女,杭州市,2023-09-03 15:44:53
1793,hye,男,杭州市,2024-01-02 01:29:14
1794,chaomeng,女,北京市,2025-11-24 18:50:19
1795,chaodai,男,武汉市,2023-08-20 09:50:21
1796,longxiulan,女,上海市,2025-09-07 02:58:48
1797,gang56,男,天津市,2024-01-27 08:46:30
1798,li68,女,南京市,2024-01-12 03:43:41
1799,fang85,男,呼和浩特市,2024-01-02 08:43:15
1800,zhou,男,北京市,2025-07-24 19:10:28
1801,xiashao,女,深圳市,2025-08-03 07:50:25
1802,yongdu,女,贵阳市,2023-11-24 00:07:24
1803,rguo,女,海口市,2024-11-26 04:18:14
1804,xiuyingxiong,男,北京市,2023-08-09 19:35:17
1805,lixue,男,青岛市,2025-08-01 23:05:13
1806,yijie,女,成都市,2025-05-01 04:40:14
1807,yangyao,男,广州市,2024-10-03 03:21:19
1808,jing72,女,郑州市,2026-05-17 01:17:02
1809,naduan,男,长沙市,2024-08-25 23:38:15
1810,cgong,女,重庆市,2023-09-16 00:20:33
1811,ping26,女,杭州市,2024-02-14 10:59:49
1812,cliao,女,上海市,2026-03-16 18:02:52
1813,ping58,女,上海市,2024-06-26 04:44:49
1814,zsong,女,上海市,2026-03-19 23:08:18
1815,litao,女,兰州市,2023-06-08 10:19:57
1816,huchao,男,贵阳市,2023-11-26 11:30:20
1817,wei92,男,深圳市,2025-05-14 11:22:50
1818,qiang35,男,海口市,2023-08-28 21:49:53
1819,tianyong,女,北京市,2024-10-24 17:00:49
1820,gaoxiuying,女,南京市,2025-02-06 18:52:10
1821,juanxiong,女,海口市,2023-12-01 20:35:18
1822,gangjiang,女,上海市,2023-08-24 22:37:53
1823,kongfang,女,重庆市,2023-12-04 01:28:28
1824,xiaxiulan,男,上海市,2024-03-09 20:59:19
1825,oyang,男,西安市,2023-07-30 05:51:10
1826,qiulei,女,青岛市,2025-01-07 05:27:12
1827,lei44,女,北京市,2023-09-07 09:18:09
1828,ugong,男,北京市,2024-07-23 18:28:40
1829,juan01,男,成都市,2025-02-11 05:46:29
1830,jiejia,女,重庆市,2024-12-31 01:58:01
1831,chengli,男,合肥市,2025-09-05 09:47:10
1832,dlong,女,上海市,2025-09-29 08:16:47
1833,gang40,男,北京市,2023-06-24 13:37:23
1834,yongwu,男,深圳市,2024-01-24 20:45:12
1835,na84,女,武汉市,2026-03-06 22:48:02
1836,lpan,男,长沙市,2025-07-16 13:38:23
1837,wei54,男,广州市,2025-09-02 16:34:39
1838,haoming,男,杭州市,2025-04-09 16:47:50
1839,liaoxiuying,女,武汉市,2023-07-01 02:44:53
1840,panqiang,女,深圳市,2025-02-12 21:36:25
1841,jchen,女,成都市,2023-07-20 21:44:34
1842,sqin,女,南京市,2023-07-08 13:45:36
1843,gjin,男,广州市,2024-02-02 02:46:22
1844,jingcheng,女,杭州市,2025-09-21 19:19:03
1845,li64,女,重庆市,2024-01-14 20:48:31
1846,wei81,女,重庆市,2024-11-20 13:24:04
1847,eye,女,兰州市,2023-06-22 09:37:30
1848,lei73,男,北京市,2024-12-24 20:03:14
1849,leixiao,女,上海市,2024-07-23 08:45:36
1850,mingjia,男,武汉市,2024-11-27 10:21:16
1851,ping11,女,天津市,2025-01-26 17:00:04
1852,kongjun,男,成都市,2024-08-08 23:49:05
1853,qinguiying,女,天津市,2024-08-08 05:54:18
1854,wwen,女,上海市,2025-02-25 05:52:36
1855,jiewei,女,广州市,2024-07-20 18:50:50
1856,zouxiuying,男,武汉市,2024-07-06 08:14:57
1857,yangshao,女,深圳市,2025-05-19 19:37:36
1858,xqin,女,南京市,2025-12-14 01:50:44
1859,xia02,女,上海市,2024-12-11 12:06:32
1860,dulei,女,青岛市,2024-09-25 05:09:52
1861,tiangang,男,南京市,2024-12-06 11:41:08
1862,fangxiulan,男,青岛市,2024-07-21 06:03:02
1863,mincheng,女,合肥市,2023-07-21 12:38:44
1864,weixia,女,上海市,2025-11-18 14:36:53
1865,liuli,男,武汉市,2025-05-16 02:02:54
1866,chaowan,女,长沙市,2025-02-11 14:47:28
1867,dingmin,女,杭州市,2026-01-08 20:37:10
1868,lei63,女,广州市,2025-12-10 15:21:19
1869,guiyinghuang,男,天津市,2025-05-16 16:34:32
1870,juanzhu,女,广州市,2026-04-22 19:38:47
1871,xiuyingshen,女,成都市,2024-05-06 22:28:31
1872,qianghou,女,上海市,2026-03-31 10:40:49
1873,xiulanbai,女,西安市,2025-04-20 19:29:15
1874,bma,男,上海市,2024-08-08 21:22:14
1875,yongxia,女,上海市,2026-03-17 22:23:19
1876,juanpeng,女,广州市,2024-01-16 02:38:04
1877,xiuyingsu,女,杭州市,2025-12-30 18:57:59
1878,xiongjuan,女,广州市,2024-10-26 02:54:43
1879,min43,男,合肥市,2025-09-30 21:11:26
1880,junyan,女,北京市,2024-08-31 18:41:31
1881,yan75,女,深圳市,2023-12-29 07:43:46
1882,taocui,女,成都市,2023-12-18 18:15:17
1883,qli,男,上海市,2025-01-17 04:44:33
1884,lcui,男,武汉市,2026-05-07 00:39:26
1885,xiulanyin,女,广州市,2024-05-29 08:09:52
1886,caoyan,女,北京市,2024-12-30 14:45:26
1887,caiyan,男,成都市,2025-06-23 13:50:07
1888,guiying92,男,天津市,2023-06-22 00:52:37
1889,fanwei,男,成都市,2025-06-28 21:37:49
1890,xuejie,女,郑州市,2025-05-29 23:56:39
1891,hanna,男,南京市,2023-07-25 05:01:32
1892,xiuying80,女,成都市,2026-04-07 09:19:40
1893,laixiulan,女,成都市,2024-01-13 12:52:15
1894,chaodeng,男,郑州市,2024-08-23 19:01:41
1895,uye,女,杭州市,2025-01-07 22:22:44
1896,gangqiao,男,上海市,2025-04-02 00:10:18
1897,ghuang,男,青岛市,2024-09-08 22:54:28
1898,jqian,女,青岛市,2023-12-26 04:54:37
1899,yuyan,女,西安市,2024-06-11 11:36:42
1900,wangming,女,武汉市,2025-08-12 09:36:35
1901,nlin,男,北京市,2024-08-31 11:23:30
1902,jie90,男,北京市,2023-11-26 05:13:43
1903,pingbai,女,重庆市,2026-04-12 19:46:06
1904,maowei,男,重庆市,2023-07-25 00:02:59
1905,gangshen,女,西安市,2026-05-02 07:57:59
1906,yye,女,深圳市,2025-12-15 21:03:22
1907,yeyang,女,重庆市,2024-06-20 08:40:04
1908,xialin,女,重庆市,2025-12-30 17:31:28
1909,xia23,男,南昌市,2025-05-25 20:58:59
1910,taoxia,男,北京市,2024-06-11 04:54:21
1911,ecao,女,重庆市,2025-10-25 16:31:19
1912,yang64,男,郑州市,2024-08-13 15:32:16
1913,swang,男,杭州市,2024-08-04 13:10:57
1914,fang98,男,上海市,2024-12-26 07:56:16
1915,xiulanyuan,男,成都市,2024-11-29 03:27:14
1916,luming,男,重庆市,2024-05-09 19:50:05
1917,yanqin,女,杭州市,2023-11-17 00:25:04
1918,bsu,男,杭州市,2023-12-09 15:27:34
1919,ezhong,男,合肥市,2025-02-19 14:38:49
1920,aguo,男,南昌市,2026-05-07 18:06:58
1921,yantao,男,杭州市,2024-03-27 06:06:40
1922,pzhao,女,贵阳市,2023-06-26 09:46:34
1923,qinxiuying,女,西安市,2026-05-06 06:10:47
1924,yongjin,男,南昌市,2025-09-22 01:08:51
1925,fangfan,女,上海市,2024-11-08 14:13:35
1926,mingxue,女,杭州市,2024-04-24 15:11:47
1927,sshao,女,重庆市,2025-12-01 15:05:55
1928,jiafang,女,成都市,2024-01-10 02:55:46
1929,fangwu,女,武汉市,2024-11-16 11:49:48
1930,xiulan75,男,合肥市,2025-09-11 09:52:28
1931,weilu,男,贵阳市,2023-12-30 10:46:57
1932,jyan,女,海口市,2024-04-22 06:09:08
1933,zhongping,女,上海市,2025-02-07 00:00:59
1934,ywen,男,青岛市,2026-03-05 18:36:59
1935,mlei,女,广州市,2025-10-24 02:01:45
1936,xionglei,女,武汉市,2023-08-01 07:28:01
1937,leisun,女,杭州市,2025-12-03 04:50:28
1938,xiangchao,男,青岛市,2024-04-22 16:01:21
1939,nama,女,北京市,2023-12-22 23:16:02
1940,fang85,女,广州市,2024-06-13 17:31:09
1941,xmeng,男,成都市,2024-10-31 11:48:25
1942,tangxia,男,北京市,2025-03-28 05:03:36
1943,houjun,男,天津市,2025-08-07 11:27:39
1944,minren,女,青岛市,2025-10-17 08:53:38
1945,min39,女,上海市,2025-08-23 16:27:22
1946,fangxiong,女,上海市,2025-10-13 15:28:11
1947,yanglu,男,深圳市,2023-06-11 18:16:20
1948,qinxia,男,上海市,2025-10-14 10:53:35
1949,jun41,男,合肥市,2025-02-04 14:50:31
1950,taowei,女,广州市,2025-03-24 02:44:04
1951,mingwu,女,长沙市,2024-07-11 08:39:35
1952,tao33,女,广州市,2024-11-30 08:23:12
1953,sujun,女,北京市,2023-09-20 23:31:37
1954,liuqiang,女,上海市,2024-01-21 00:27:56
1955,fanggang,女,北京市,2025-10-02 12:51:02
1956,yxiong,女,南京市,2025-07-31 17:31:20
1957,juan99,女,深圳市,2026-01-22 03:49:07
1958,jiedai,女,深圳市,2024-12-27 12:21:10
1959,yan66,男,上海市,2024-11-21 18:06:05
1960,bzhao,女,长沙市,2023-09-11 14:49:13
1961,taowei,男,上海市,2025-08-18 18:39:37
1962,naxiang,女,广州市,2025-02-28 20:50:46
1963,jiexue,男,成都市,2025-06-21 00:29:53
1964,tanxiuying,男,深圳市,2024-06-03 16:57:51
1965,wtao,女,合肥市,2024-05-09 13:27:48
1966,renjun,女,天津市,2025-02-28 04:17:43
1967,yangqiu,男,上海市,2025-03-07 00:45:42
1968,jieliu,女,天津市,2023-09-07 10:40:33
1969,taomao,女,北京市,2026-04-11 08:14:38
1970,jun60,女,武汉市,2025-08-01 10:24:08
1971,weiliao,女,深圳市,2025-01-20 07:40:58
1972,wei56,男,武汉市,2024-12-09 05:01:00
1973,yuxiulan,男,西安市,2025-09-29 03:12:06
1974,fang51,男,杭州市,2025-01-02 18:49:08
1975,yang40,男,合肥市,2026-02-19 16:33:54
1976,taojuan,男,广州市,2023-11-09 05:46:18
1977,shiguiying,男,郑州市,2024-02-21 06:23:41
1978,li41,女,西安市,2025-03-02 01:46:39
1979,jieqian,男,成都市,2024-04-19 12:11:20
1980,yong70,男,郑州市,2023-06-14 23:54:24
1981,kangjing,男,长沙市,2026-02-11 12:50:43
1982,lei58,男,重庆市,2026-02-09 20:03:03
1983,min92,男,南昌市,2023-11-27 06:49:14
1984,pingqiu,女,重庆市,2026-02-10 18:10:47
1985,pengmin,男,青岛市,2023-07-26 19:35:35
1986,na31,女,重庆市,2024-12-30 11:33:57
1987,guiying85,女,长沙市,2023-09-01 02:03:10
1988,hliang,女,广州市,2026-03-16 07:55:16
1989,guyan,男,杭州市,2025-11-23 12:13:30
1990,jiaxia,女,成都市,2023-10-31 23:25:13
1991,zhaona,女,上海市,2024-11-11 22:41:53
1992,wjiang,男,重庆市,2025-09-03 05:46:12
1993,nahe,男,海口市,2024-03-08 11:51:30
1994,gfang,女,北京市,2026-01-30 00:40:41
1995,menglei,女,兰州市,2023-10-07 20:02:12
1996,wei53,男,北京市,2023-11-30 17:30:21
1997,qiang95,男,杭州市,2025-08-15 23:56:45
1998,maoli,女,北京市,2025-09-28 23:36:02
1999,qianghu,女,广州市,2023-11-23 18:47:22
2000,xiadai,女,北京市,2025-12-12 14:09:47
2001,jun92,男,杭州市,2023-07-01 21:45:38
2002,qiang43,女,青岛市,2024-01-30 06:53:00
2003,weimin,男,重庆市,2024-05-19 17:09:21
2004,swang,女,成都市,2025-08-27 06:53:38
2005,zhaoyang,男,成都市,2025-04-08 17:05:02
2006,xcui,女,长沙市,2024-09-09 05:19:02
2007,shiqiang,女,南京市,2023-10-07 21:44:23
2008,nliao,男,南昌市,2024-05-19 00:43:16
2009,xialu,女,西安市,2025-12-27 18:09:07
2010,tao57,男,上海市,2026-05-17 01:44:06
2011,rtao,女,海口市,2024-07-21 16:57:35
2012,xuwei,女,成都市,2024-08-05 19:12:14
2013,fujie,女,杭州市,2024-05-10 17:59:10
2014,lei15,女,上海市,2024-08-04 11:43:48
2015,leijiang,男,海口市,2024-03-07 03:45:18
2016,minglei,女,上海市,2024-09-14 15:30:33
2017,gang16,男,成都市,2024-08-07 19:26:25
2018,juan33,女,长沙市,2024-09-01 14:09:39
2019,yangguo,女,呼和浩特市,2025-01-01 04:49:27
2020,yan91,男,长沙市,2025-07-19 02:43:42
2021,jun85,女,广州市,2023-08-15 18:33:06
2022,fanqiang,女,广州市,2023-10-26 01:38:46
2023,xiangwei,女,武汉市,2023-11-07 16:06:41
2024,tfan,男,郑州市,2025-11-05 08:31:10
2025,yongtao,女,广州市,2025-06-02 02:47:58
2026,yongzhu,女,北京市,2026-01-20 23:04:46
2027,pingjin,女,长沙市,2023-10-27 23:50:00
2028,baimin,女,合肥市,2024-05-04 22:18:59
2029,xia17,男,成都市,2023-10-28 13:14:03
2030,guiying46,男,杭州市,2023-07-30 03:18:29
2031,fangpan,女,上海市,2026-05-21 12:34:07
2032,xiulan45,男,青岛市,2026-01-29 16:42:14
2033,guiyingmo,女,上海市,2024-04-03 05:55:11
2034,caijun,男,南昌市,2023-08-16 08:22:03
2035,pingcui,男,北京市,2025-07-13 22:17:32
2036,wugang,男,广州市,2024-06-14 23:07:59
2037,zhaoguiying,男,重庆市,2025-05-25 00:02:33
2038,jingcao,男,北京市,2025-11-25 12:07:57
2039,pingzeng,男,北京市,2025-01-24 20:55:47
2040,jie61,男,杭州市,2025-02-01 18:15:04
2041,weikong,女,贵阳市,2025-12-24 04:50:06
2042,yong98,女,青岛市,2026-04-08 03:05:39
2043,mincui,男,重庆市,2026-01-15 15:49:01
2044,shaoyan,女,杭州市,2023-09-04 09:19:44
2045,yanyu,女,北京市,2023-09-10 01:35:56
2046,jshi,女,上海市,2024-03-16 15:27:00
2047,na77,男,成都市,2024-04-03 13:07:33
2048,fangchang,男,北京市,2023-12-14 02:50:33
2049,zhengmin,女,呼和浩特市,2024-03-21 12:52:55
2050,juan45,男,郑州市,2025-07-25 16:16:34
2051,xxia,男,天津市,2025-01-29 06:31:06
2052,lei03,女,郑州市,2025-09-28 16:33:25
2053,zhongming,男,广州市,2024-11-22 16:37:50
2054,guiyingfan,女,成都市,2023-05-31 05:30:18
2055,ryi,男,合肥市,2024-02-12 08:00:59
2056,caijie,男,深圳市,2025-12-12 18:56:10
2057,dcheng,男,上海市,2025-07-27 19:41:34
2058,ksong,女,武汉市,2023-11-01 20:44:56
2059,pmao,男,贵阳市,2026-01-20 14:04:07
2060,vshao,女,长沙市,2025-06-29 22:04:37
2061,yan01,男,深圳市,2023-10-28 05:38:12
2062,gangcui,女,深圳市,2024-05-30 16:28:41
2063,guiyingjia,男,成都市,2023-09-21 00:42:29
2064,qiangzou,女,南昌市,2023-12-07 18:25:14
2065,yang16,女,北京市,2025-11-24 07:47:52
2066,longjing,男,南昌市,2023-09-03 18:24:45
2067,renxiuying,男,郑州市,2026-01-27 18:21:59
2068,chenyong,男,深圳市,2024-07-26 08:05:26
2069,nazeng,男,合肥市,2024-05-15 05:07:24
2070,tangxiuying,女,南昌市,2025-07-26 12:56:50
2071,ming85,男,南京市,2025-05-24 11:25:27
2072,li14,女,南京市,2024-07-10 20:02:21
2073,udu,女,郑州市,2024-07-01 16:18:14
2074,yinxiuying,男,成都市,2025-01-25 00:57:46
2075,juan25,女,长沙市,2023-12-19 02:36:43
2076,xia23,男,重庆市,2023-07-21 11:48:36
2077,liuwei,女,广州市,2024-10-12 21:35:33
2078,yandai,男,广州市,2026-02-06 13:02:40
2079,aliu,男,重庆市,2024-03-24 08:37:47
2080,guiyingwang,女,南京市,2025-03-05 00:40:48
2081,liujuan,女,合肥市,2025-02-19 04:46:15
2082,guiying14,男,杭州市,2023-12-11 08:09:43
2083,qiangren,男,合肥市,2025-10-17 01:59:45
2084,qianghuang,女,杭州市,2025-01-10 16:23:59
2085,tao68,男,海口市,2025-12-14 06:15:00
2086,scui,男,上海市,2025-01-21 07:53:28
2087,hwang,男,武汉市,2025-11-10 17:45:31
2088,renwei,男,广州市,2025-09-09 13:36:43
2089,yanma,男,杭州市,2026-01-10 06:20:40
2090,jie83,男,成都市,2024-07-15 02:38:43
2091,zchang,女,呼和浩特市,2024-01-31 20:38:36
2092,jun91,男,重庆市,2026-01-31 22:19:31
2093,rcao,男,北京市,2024-12-06 21:08:37
2094,jduan,男,深圳市,2024-04-21 13:01:03
2095,vpeng,男,深圳市,2026-05-13 23:52:34
2096,xiulan49,女,上海市,2025-05-13 11:49:23
2097,ubai,男,广州市,2025-08-01 15:17:53
2098,pingyan,男,西安市,2024-11-01 02:52:00
2099,hanxiuying,男,南昌市,2023-12-27 01:36:29
2100,tao35,女,南昌市,2026-04-08 22:18:05
2101,juan97,男,天津市,2026-01-28 05:03:16
2102,lei07,男,成都市,2024-08-07 13:16:06
2103,natao,女,上海市,2025-01-23 13:55:01
2104,lei54,男,北京市,2024-10-03 08:32:11
2105,ping01,女,合肥市,2024-02-07 02:29:00
2106,eren,男,南京市,2025-05-21 12:31:51
2107,longli,男,武汉市,2023-08-21 17:44:18
2108,idai,男,广州市,2025-04-05 10:38:08
2109,haoping,男,郑州市,2024-05-03 23:49:47
2110,yanlu,男,长沙市,2025-04-23 03:15:19
2111,na59,男,天津市,2024-10-04 00:33:13
2112,rguo,女,重庆市,2025-01-30 02:24:11
2113,menggang,男,重庆市,2024-02-19 08:30:30
2114,junyao,女,上海市,2024-01-22 20:18:38
2115,jing13,男,重庆市,2025-01-20 08:19:52
2116,imeng,女,北京市,2024-04-11 15:40:58
2117,weichang,男,上海市,2024-04-10 03:58:30
2118,juntang,女,合肥市,2025-05-02 21:00:39
2119,taotan,男,深圳市,2024-10-18 22:15:03
2120,wlei,男,重庆市,2025-12-15 13:21:54
2121,houping,男,南昌市,2023-08-06 00:16:00
2122,daiping,男,北京市,2024-08-04 15:21:39
2123,xwan,男,深圳市,2023-11-23 16:17:42
2124,yan45,男,兰州市,2025-07-13 23:54:09
2125,wei61,男,北京市,2024-01-06 04:16:54
2126,xiuyingwang,女,南京市,2025-01-12 08:09:53
2127,yan50,男,杭州市,2023-06-13 06:16:37
2128,yongli,男,上海市,2025-03-13 04:52:16
2129,ulong,男,南京市,2025-12-15 05:12:45
2130,daiyang,男,武汉市,2024-06-05 18:12:33
2131,ozhou,女,杭州市,2026-03-17 02:22:49
2132,yinwei,女,广州市,2025-11-05 01:44:13
2133,dshi,男,北京市,2025-07-08 04:20:18
2134,pingcao,女,天津市,2024-10-04 19:14:06
2135,fqian,男,杭州市,2024-10-24 02:09:51
2136,tao46,男,广州市,2023-09-24 16:06:08
2137,lipan,女,重庆市,2025-04-13 12:03:29
2138,fang57,女,杭州市,2025-08-04 00:59:02
2139,yan27,女,上海市,2026-04-11 02:43:11
2140,weiwei,女,上海市,2024-12-20 07:58:00
2141,tianjuan,男,杭州市,2023-06-22 19:08:44
2142,chaoyuan,男,郑州市,2025-09-30 00:55:06
2143,jieqin,男,郑州市,2025-04-08 16:38:33
2144,jingcui,女,西安市,2024-09-14 11:34:10
2145,lmo,女,深圳市,2024-01-10 04:18:09
2146,pliao,女,重庆市,2024-03-16 21:43:26
2147,yong29,女,青岛市,2024-12-06 14:36:46
2148,qxia,女,郑州市,2024-04-03 07:34:53
2149,vtian,男,合肥市,2024-06-07 09:28:41
2150,xiachang,女,杭州市,2024-02-10 03:31:12
2151,rdeng,女,杭州市,2026-01-19 02:59:28
2152,lixiong,女,北京市,2026-01-18 20:29:21
2153,nashi,女,兰州市,2025-03-27 07:11:49
2154,nyan,女,深圳市,2025-05-24 23:48:28
2155,wengang,女,天津市,2026-01-02 20:03:52
2156,jingli,女,青岛市,2024-07-23 22:22:11
2157,laiping,男,合肥市,2023-10-07 13:03:31
2158,xiulan97,男,长沙市,2026-05-13 00:14:43
2159,min23,女,杭州市,2023-10-25 12:13:21
2160,weigang,女,北京市,2025-02-15 19:10:44
2161,mingpeng,女,杭州市,2026-03-09 01:48:36
2162,xzhao,男,深圳市,2025-07-14 11:55:54
2163,eyan,男,上海市,2025-12-24 18:24:31
2164,guiying60,男,长沙市,2025-09-15 15:09:54
2165,idong,女,广州市,2024-08-21 19:55:30
2166,guiying31,男,深圳市,2026-01-31 04:14:25
2167,ming21,女,上海市,2024-05-28 12:15:24
2168,bshi,男,杭州市,2026-03-23 10:48:27
2169,duanjuan,女,南昌市,2024-03-10 13:27:55
2170,caoyan,男,海口市,2024-11-26 08:56:39
2171,edong,女,合肥市,2023-09-14 09:21:29
2172,sunxia,女,武汉市,2026-03-21 01:13:17
2173,jing02,男,上海市,2024-02-17 20:28:26
2174,the,女,深圳市,2024-03-18 19:09:41
2175,wangli,男,长沙市,2023-11-19 08:30:46
2176,li38,女,广州市,2024-11-21 10:37:45
2177,wenwei,男,上海市,2023-07-11 02:14:52
2178,gangfeng,男,杭州市,2024-09-04 20:40:38
2179,guqiang,女,北京市,2024-04-15 05:44:00
2180,fuxiuying,男,上海市,2026-03-13 11:06:21
2181,xiulan80,女,广州市,2024-07-26 09:43:56
2182,licai,女,深圳市,2024-10-28 06:43:50
2183,jun38,女,武汉市,2025-01-11 02:14:06
2184,leijin,男,广州市,2023-09-14 18:05:13
2185,lei47,男,北京市,2025-12-17 01:23:15
2186,adong,男,广州市,2024-09-18 23:25:04
2187,xiulanshen,男,长沙市,2023-09-02 08:26:27
2188,lmeng,女,重庆市,2025-10-07 13:32:34
2189,dchang,女,北京市,2026-05-11 06:36:07
2190,wanxiuying,男,成都市,2024-02-03 03:54:07
2191,xxiong,男,深圳市,2025-09-24 20:25:30
2192,taoyu,男,兰州市,2025-06-21 17:51:24
2193,shaojun,男,广州市,2024-05-10 19:22:38
2194,liwan,男,深圳市,2025-11-13 23:27:39
2195,pingcai,女,重庆市,2023-11-08 19:43:33
2196,qiaoyang,女,杭州市,2023-06-13 07:40:37
2197,sli,女,杭州市,2025-08-26 00:13:41
2198,jun82,男,北京市,2024-12-10 10:02:39
2199,bwu,女,深圳市,2024-05-05 06:04:40
2200,xiagang,女,武汉市,2023-10-27 21:30:16
2201,chao39,男,深圳市,2024-08-13 23:55:16
2202,fang04,男,合肥市,2023-07-09 17:01:29
2203,imeng,男,合肥市,2026-03-21 16:54:30
2204,jtao,女,青岛市,2023-11-03 01:47:04
2205,hanna,男,郑州市,2025-01-11 01:03:24
2206,myang,男,南京市,2023-06-22 05:52:32
2207,weidu,男,兰州市,2024-04-18 04:12:49
2208,nadeng,男,广州市,2026-03-11 11:14:36
2209,gang83,女,北京市,2025-08-25 20:35:18
2210,kangjun,男,成都市,2024-11-09 19:17:59
2211,baiyang,女,郑州市,2024-04-10 08:16:53
2212,taolei,女,贵阳市,2024-10-02 02:27:26
2213,ebai,男,南昌市,2024-10-28 12:28:14
2214,minpan,男,广州市,2023-11-10 02:40:22
2215,dengjuan,男,上海市,2024-02-19 11:59:47
2216,xiangwei,女,广州市,2026-01-13 21:55:18
2217,taoma,男,兰州市,2025-08-28 20:08:51
2218,guiying72,男,长沙市,2025-07-22 11:03:24
2219,hutao,女,合肥市,2023-11-28 13:16:02
2220,bjin,男,青岛市,2026-04-19 05:17:29
2221,gfeng,女,广州市,2025-12-13 02:15:21
2222,fang53,男,合肥市,2023-06-05 08:27:04
2223,taoyong,男,成都市,2025-10-02 01:41:40
2224,minwei,男,广州市,2023-09-27 08:07:49
2225,xiulanfan,女,重庆市,2025-07-10 02:39:12
2226,jxiong,女,北京市,2025-03-28 09:40:43
2227,wei54,男,西安市,2024-02-16 20:26:44
2228,fangang,女,北京市,2025-02-16 02:20:13
2229,xiongyang,女,上海市,2025-12-29 17:01:31
2230,tao13,男,杭州市,2025-01-17 12:26:50
2231,mingjiang,男,长沙市,2024-04-22 10:37:57
2232,baiwei,男,广州市,2025-05-28 17:34:52
2233,tyu,男,兰州市,2023-07-01 22:10:52
2234,fang59,男,北京市,2024-06-09 09:50:19
2235,fliang,女,成都市,2023-12-06 03:05:38
2236,jie73,男,成都市,2025-10-15 05:19:13
2237,gongna,男,兰州市,2024-03-08 19:41:47
2238,guwei,男,深圳市,2024-08-14 16:17:19
2239,xiongwei,女,郑州市,2024-10-04 17:07:48
2240,wanxia,男,成都市,2024-07-30 12:56:19
2241,changtao,女,杭州市,2025-03-16 02:32:06
2242,yaomin,男,杭州市,2024-06-14 14:29:21
2243,guiying41,女,重庆市,2026-02-08 06:55:44
2244,min59,女,上海市,2023-06-08 12:40:46
2245,mqiao,男,重庆市,2025-06-21 10:37:31
2246,kjia,男,天津市,2026-05-21 11:14:31
2247,xiuying83,男,武汉市,2025-02-05 17:47:03
2248,twei,女,合肥市,2024-04-08 16:59:18
2249,fwei,女,天津市,2024-05-01 05:47:41
2250,bdong,男,广州市,2025-02-08 00:29:27
2251,dmao,男,南京市,2024-06-05 20:19:57
2252,li27,男,成都市,2025-03-08 02:32:28
2253,xiazeng,女,青岛市,2024-06-09 21:58:44
2254,gang38,男,南昌市,2023-07-21 22:43:42
2255,zshen,男,上海市,2026-01-11 07:14:12
2256,jing39,男,上海市,2024-10-10 16:25:49
2257,weixiang,男,青岛市,2025-05-09 19:08:56
2258,zhuguiying,男,南昌市,2024-03-10 09:43:43
2259,igu,女,广州市,2024-05-03 03:18:14
2260,chaoyao,女,上海市,2023-10-30 19:43:22
2261,na93,女,成都市,2026-02-27 12:26:07
2262,lei44,男,西安市,2025-11-13 00:26:21
2263,qiaomin,男,南京市,2025-08-09 13:23:08
2264,icao,女,合肥市,2025-02-13 11:17:55
2265,liulei,女,北京市,2026-01-13 08:57:51
2266,juan96,女,北京市,2024-12-18 08:09:42
2267,yongding,男,深圳市,2025-12-23 10:02:50
2268,weiyong,男,南昌市,2025-12-05 11:30:04
2269,mzhang,女,广州市,2024-05-25 23:12:32
2270,nakong,女,上海市,2024-03-24 04:46:41
2271,chaolai,男,广州市,2024-01-25 21:54:07
2272,liaotao,女,南昌市,2025-01-05 10:44:18
2273,leizeng,男,南昌市,2026-05-12 16:37:53
2274,taowei,女,长沙市,2025-03-05 10:57:04
2275,xia37,女,成都市,2024-06-02 12:34:23
2276,na45,男,西安市,2025-05-02 10:19:05
2277,yongkong,女,青岛市,2024-07-04 16:19:58
2278,junzhao,男,上海市,2024-10-24 00:08:39
2279,xia72,男,天津市,2026-03-15 02:33:37
2280,pinglu,男,广州市,2025-06-27 02:54:05
2281,fuyang,男,长沙市,2025-11-27 03:37:31
2282,jintao,女,武汉市,2026-03-13 01:11:27
2283,min89,男,上海市,2025-08-22 16:05:21
2284,cuixia,女,杭州市,2023-06-08 06:27:13
2285,xiuying70,女,广州市,2025-02-09 13:45:39
2286,caoli,女,广州市,2025-02-21 04:42:51
2287,hxia,女,合肥市,2025-10-01 04:36:44
2288,jing36,女,深圳市,2024-07-04 20:05:09
2289,yang88,男,深圳市,2026-05-15 14:36:22
2290,lpan,男,兰州市,2024-10-14 08:56:34
2291,zoujuan,女,杭州市,2024-03-07 04:52:17
2292,ewang,男,上海市,2023-07-29 17:52:48
2293,xpan,男,深圳市,2023-10-23 10:16:28
2294,qiangduan,男,重庆市,2026-01-08 16:56:33
2295,nazhu,女,杭州市,2025-01-14 11:42:32
2296,chaobai,女,重庆市,2025-07-08 17:21:04
2297,pingliu,男,郑州市,2023-08-20 18:05:08
2298,dqiao,男,成都市,2024-04-27 04:00:54
2299,yingang,女,南昌市,2025-07-25 16:18:15
2300,xiulanlong,女,上海市,2025-11-25 10:30:41
2301,na88,男,北京市,2025-03-18 09:58:43
2302,guiying60,女,西安市,2025-04-09 08:15:13
2303,yuanjie,女,海口市,2023-08-06 19:30:02
2304,jzeng,女,西安市,2024-09-14 04:11:56
2305,jie60,女,长沙市,2025-03-15 23:48:53
2306,yuanxiuying,女,上海市,2025-05-28 07:19:47
2307,xtang,男,长沙市,2024-09-25 19:49:55
2308,tyuan,男,南昌市,2023-10-29 04:11:27
2309,gongyong,女,长沙市,2024-10-27 09:24:22
2310,yinfang,男,合肥市,2025-05-01 03:14:33
2311,esun,女,上海市,2023-11-11 01:41:29
2312,gangkong,男,上海市,2024-10-10 06:14:35
2313,yan29,女,兰州市,2026-01-27 17:55:56
2314,lei55,女,杭州市,2024-05-01 15:55:44
2315,xiulan64,男,广州市,2025-02-04 11:50:53
2316,qiangren,女,重庆市,2024-09-16 14:40:05
2317,liyuan,女,天津市,2024-11-17 08:12:49
2318,dyi,女,上海市,2026-01-19 17:37:54
2319,rdong,男,北京市,2025-10-10 07:20:21
2320,lei14,男,武汉市,2023-10-31 12:35:26
2321,yinxiulan,男,南京市,2025-07-03 07:39:32
2322,xiulankong,男,青岛市,2026-01-14 09:38:22
2323,xuefang,男,西安市,2025-04-04 12:18:03
2324,jun46,女,武汉市,2025-03-03 02:00:12
2325,juan16,女,北京市,2023-07-18 21:37:16
2326,lei91,女,贵阳市,2024-05-19 00:00:31
2327,rxia,女,长沙市,2025-10-23 09:26:21
2328,lei97,女,北京市,2024-05-13 04:16:00
2329,qianghou,女,成都市,2023-07-04 15:42:36
2330,taosong,男,西安市,2025-03-03 23:06:06
2331,ktang,女,贵阳市,2025-04-02 02:27:23
2332,qiang59,男,郑州市,2023-06-01 05:50:51
2333,xuexiuying,男,青岛市,2025-12-24 21:22:22
2334,wei55,男,成都市,2025-05-03 19:58:05
2335,vhu,男,上海市,2025-05-27 06:13:50
2336,yangshao,男,长沙市,2023-11-08 23:51:39
2337,wenfang,女,成都市,2025-01-09 18:56:08
2338,zsu,女,武汉市,2026-04-13 20:53:01
2339,jing21,女,青岛市,2025-10-30 03:38:06
2340,slei,男,北京市,2025-11-17 21:47:05
2341,weili,女,杭州市,2025-11-26 15:15:47
2342,liaoyang,女,深圳市,2024-04-16 07:44:05
2343,mzheng,女,深圳市,2023-08-27 04:30:24
2344,duanjuan,男,上海市,2023-10-07 15:54:53
2345,xiongxia,女,成都市,2026-03-18 13:53:15
2346,guiying12,男,西安市,2024-02-16 04:58:35
2347,yangtang,女,兰州市,2025-09-16 02:28:50
2348,qyu,男,广州市,2026-03-01 13:52:18
2349,nfang,女,武汉市,2024-11-26 20:40:33
2350,xhou,男,广州市,2025-08-08 20:27:49
2351,qdu,男,杭州市,2025-08-31 19:18:41
2352,juan43,女,天津市,2023-09-19 16:26:07
2353,xia80,女,兰州市,2023-08-10 14:30:01
2354,jyang,男,天津市,2026-03-24 02:45:10
2355,mwan,女,杭州市,2024-02-08 21:48:26
2356,xiuyingmao,女,深圳市,2025-03-29 23:23:06
2357,guiying91,男,西安市,2024-05-02 21:03:21
2358,iliao,女,杭州市,2025-10-16 08:28:57
2359,wjia,男,广州市,2025-09-07 23:26:33
2360,jun45,男,广州市,2025-09-19 12:42:57
2361,taojiang,男,郑州市,2024-12-14 13:00:43
2362,owan,男,郑州市,2024-02-13 23:09:43
2363,fangye,男,深圳市,2025-04-19 18:43:08
2364,wenxia,女,重庆市,2024-06-17 23:50:13
2365,lqian,男,青岛市,2024-01-14 12:21:53
2366,tao81,女,杭州市,2023-09-02 11:25:17
2367,mingcao,女,武汉市,2025-12-23 18:12:37
2368,smao,女,成都市,2025-05-10 14:05:22
2369,gxue,男,郑州市,2023-05-29 17:02:04
2370,liangxiuying,女,杭州市,2024-05-30 10:08:20
2371,jlei,女,合肥市,2024-12-02 08:57:37
2372,yangxue,女,呼和浩特市,2023-11-26 09:31:30
2373,nyu,女,北京市,2025-10-15 12:22:35
2374,xiuyingtao,男,武汉市,2023-10-01 12:02:37
2375,zhaona,女,广州市,2024-08-09 19:39:13
2376,sshao,女,深圳市,2024-01-11 01:22:43
2377,leiliao,女,北京市,2024-05-09 19:32:20
2378,dxue,男,深圳市,2023-12-16 07:19:29
2379,fangxia,男,上海市,2026-03-23 08:14:10
2380,xiaping,男,上海市,2025-05-24 09:17:53
2381,xiulanzheng,男,北京市,2026-02-14 17:25:58
2382,czhou,男,上海市,2024-01-26 21:49:07
2383,xiaojun,女,南昌市,2025-12-17 05:36:45
2384,taofu,男,上海市,2023-12-07 14:47:09
2385,dren,女,北京市,2025-05-06 00:15:50
2386,taohuang,女,广州市,2026-04-19 14:04:17
2387,ming93,男,成都市,2023-07-04 18:17:33
2388,xiajia,女,青岛市,2024-02-14 22:57:30
2389,yangliang,男,北京市,2024-09-28 10:40:54
2390,pkong,女,北京市,2024-12-13 13:43:49
2391,mzhong,男,青岛市,2024-12-18 13:20:34
2392,tao63,女,重庆市,2025-03-27 07:00:27
2393,leifang,女,合肥市,2024-09-13 17:39:49
2394,li53,女,郑州市,2024-09-16 09:05:19
2395,ming59,男,南京市,2025-10-03 22:34:49
2396,yong52,男,长沙市,2024-10-25 14:13:53
2397,chao94,女,上海市,2024-02-27 07:34:42
2398,xiuying03,女,青岛市,2024-07-23 02:46:16
2399,pengjie,女,重庆市,2025-02-09 08:22:41
2400,chenxia,女,海口市,2024-12-04 23:07:45
2401,cpan,女,北京市,2026-02-20 05:41:52
2402,liujun,男,武汉市,2024-12-12 18:04:08
2403,liaomin,女,武汉市,2024-12-06 22:42:53
2404,minsu,女,广州市,2024-12-03 03:01:00
2405,hefang,男,长沙市,2023-11-19 01:20:03
2406,lyin,男,南昌市,2025-03-29 08:47:19
2407,changxiulan,男,杭州市,2026-05-17 11:25:00
2408,yangwang,女,上海市,2024-09-20 13:03:16
2409,xionglei,女,北京市,2025-02-09 03:56:54
2410,xiafang,女,郑州市,2025-03-20 17:18:52
2411,tanjing,男,合肥市,2025-01-13 06:07:23
2412,fantao,女,海口市,2025-08-15 20:06:49
2413,jie11,男,重庆市,2026-05-19 08:25:06
2414,odeng,男,兰州市,2024-05-26 13:12:20
2415,wuwei,男,杭州市,2025-07-11 11:55:20
2416,yanxue,男,长沙市,2026-05-02 12:17:02
2417,yangyang,女,青岛市,2024-03-24 15:02:49
2418,taozhong,女,北京市,2024-05-14 11:27:34
2419,min52,男,成都市,2024-09-08 12:16:02
2420,xiajia,女,郑州市,2023-12-02 13:53:50
2421,fengxiulan,女,广州市,2024-08-04 02:35:57
2422,zhaoxiuying,女,深圳市,2026-03-18 21:10:40
2423,wei18,男,天津市,2025-01-06 13:36:32
2424,chao34,男,上海市,2025-09-07 01:11:40
2425,juanyi,女,郑州市,2024-10-01 10:08:35
2426,yang15,女,重庆市,2024-03-24 23:31:08
2427,qianjing,女,兰州市,2025-06-15 07:45:07
2428,li13,女,上海市,2024-03-14 15:12:16
2429,liaomin,男,郑州市,2025-10-27 13:35:48
2430,yong62,男,深圳市,2024-04-30 03:32:27
2431,yinming,女,杭州市,2024-10-19 22:25:55
2432,azhu,男,长沙市,2023-10-01 14:03:58
2433,wfeng,女,长沙市,2026-04-24 00:34:10
2434,mojuan,男,北京市,2025-05-08 18:29:38
2435,ozhou,女,南京市,2024-10-04 18:06:38
2436,yang77,男,成都市,2025-02-03 00:40:47
2437,jie11,女,青岛市,2024-12-01 03:51:10
2438,haofang,女,海口市,2025-06-24 14:59:30
2439,weixia,女,青岛市,2026-04-01 08:37:26
2440,sunli,男,广州市,2025-09-15 18:19:30
2441,cuilei,女,武汉市,2026-01-24 10:12:01
2442,flu,女,深圳市,2024-08-25 07:28:54
2443,chaozeng,女,武汉市,2025-11-23 15:16:37
2444,yangwen,女,杭州市,2023-10-14 10:58:41
2445,guiyinghuang,女,成都市,2023-07-28 10:52:23
2446,xiulan50,女,上海市,2023-10-08 04:27:19
2447,weitao,女,合肥市,2025-10-18 13:11:18
2448,junfu,女,杭州市,2024-05-30 09:51:26
2449,jun70,女,南京市,2026-04-02 06:47:07
2450,cding,男,杭州市,2023-07-01 19:55:07
2451,li35,男,合肥市,2023-12-29 05:40:32
2452,klin,女,北京市,2023-09-19 19:02:43
2453,junzeng,男,武汉市,2024-03-04 04:24:10
2454,qianghu,女,北京市,2024-09-02 21:33:57
2455,jing50,女,南京市,2025-10-18 04:08:10
2456,changtao,男,青岛市,2023-07-10 20:22:25
2457,zhou,男,北京市,2023-10-29 17:23:21
2458,yanjiang,女,上海市,2024-05-02 10:42:48
2459,guli,女,南昌市,2023-12-14 05:33:00
2460,lei21,女,重庆市,2023-06-15 06:08:36
2461,eyu,女,海口市,2024-06-16 15:58:37
2462,ogao,男,海口市,2025-03-13 19:36:47
2463,zengxiulan,女,合肥市,2024-01-21 09:04:53
2464,xiejun,女,南京市,2025-11-14 22:28:58
2465,mingyin,男,海口市,2024-06-26 12:53:41
2466,iyu,女,杭州市,2025-03-16 00:31:50
2467,ychang,女,郑州市,2024-09-17 07:43:57
2468,hulei,男,北京市,2024-02-13 09:20:28
2469,guiyingxue,男,青岛市,2025-01-31 04:33:27
2470,jiachao,男,北京市,2024-11-04 11:05:53
2471,xiadong,男,杭州市,2025-07-16 01:23:01
2472,yongfeng,女,上海市,2025-08-03 15:29:33
2473,zma,男,上海市,2024-11-01 01:40:15
2474,cwang,男,广州市,2023-07-23 10:59:30
2475,na91,男,杭州市,2024-02-09 07:03:00
2476,ecai,男,西安市,2025-11-14 11:45:12
2477,liujing,男,长沙市,2023-08-02 02:59:41
2478,renyan,男,杭州市,2024-01-19 13:10:43
2479,gangdu,女,青岛市,2023-07-12 12:05:01
2480,yangwu,男,深圳市,2025-03-15 03:19:03
2481,pinggong,女,武汉市,2024-08-28 11:15:38
2482,leikong,女,天津市,2023-07-06 23:36:49
2483,lei49,男,北京市,2023-07-19 11:58:21
2484,yuantao,男,郑州市,2023-06-26 09:11:51
2485,jingyuan,男,南京市,2025-02-04 11:27:59
2486,na72,女,海口市,2023-08-25 15:22:50
2487,caina,女,成都市,2023-09-18 23:24:37
2488,gangqian,女,广州市,2023-11-14 01:24:46
2489,wwan,男,成都市,2025-03-03 11:01:49
2490,dfeng,女,上海市,2024-01-16 14:40:28
2491,jun05,女,杭州市,2026-04-03 15:21:45
2492,taocui,男,天津市,2024-04-21 12:51:19
2493,zhouxia,男,长沙市,2026-01-24 08:55:40
2494,fzhu,女,深圳市,2024-08-21 17:55:52
2495,wei67,男,深圳市,2023-06-18 16:02:35
2496,xiulan12,女,深圳市,2025-08-26 08:31:31
2497,yang16,男,成都市,2024-10-12 20:02:47
2498,xiulan91,女,武汉市,2023-09-06 05:09:16
2499,duanyong,女,天津市,2025-08-16 01:01:52
2500,jing91,女,武汉市,2024-09-06 04:23:33
2501,minliao,男,成都市,2024-12-12 16:14:35
2502,xli,男,杭州市,2024-08-12 22:15:27
2503,ggao,男,杭州市,2023-07-02 16:49:07
2504,mwan,男,北京市,2023-11-28 08:45:24
2505,chaozou,女,南京市,2025-04-17 22:12:44
2506,chaoma,男,上海市,2024-12-12 03:50:15
2507,dumin,男,北京市,2024-02-02 15:04:38
2508,dpan,男,天津市,2026-03-24 03:00:22
2509,fuxia,女,北京市,2023-07-04 00:25:00
2510,tianli,女,北京市,2025-02-09 05:28:24
2511,sunwei,男,上海市,2024-12-07 13:18:14
2512,guiyingdeng,女,天津市,2024-05-04 16:37:39
2513,lmao,女,北京市,2023-06-01 12:29:37
2514,mali,男,重庆市,2025-12-26 12:19:46
2515,yan53,男,武汉市,2025-10-29 21:39:10
2516,min22,男,贵阳市,2024-02-29 07:53:26
2517,xiuyingsong,女,重庆市,2025-03-11 05:53:06
2518,hhu,男,武汉市,2023-12-24 01:08:30
2519,yang09,女,青岛市,2025-05-05 19:39:10
2520,qlu,女,上海市,2026-03-31 02:28:11
2521,fangzhang,男,西安市,2023-09-15 06:54:13
2522,weitang,女,成都市,2024-12-11 15:06:43
2523,shaoyang,男,西安市,2026-01-08 02:26:37
2524,ligong,女,北京市,2025-06-04 02:00:00
2525,taoding,男,合肥市,2024-09-23 13:48:52
2526,fanlei,女,重庆市,2025-08-24 23:01:38
2527,qiangwan,男,南京市,2025-09-21 12:22:07
2528,vsong,女,成都市,2023-12-17 16:10:38
2529,kcai,女,上海市,2024-09-02 16:30:45
2530,chao17,男,兰州市,2025-09-05 07:13:58
2531,fuxiulan,男,长沙市,2026-01-01 17:08:01
2532,wei45,女,上海市,2024-02-20 08:10:06
2533,ping07,男,重庆市,2025-10-20 00:38:41
2534,lei92,女,北京市,2023-05-23 04:37:17
2535,hzhong,男,长沙市,2023-09-10 03:51:14
2536,chaoliao,男,天津市,2024-12-23 15:49:48
2537,zengyong,女,杭州市,2025-11-24 12:48:25
2538,zsong,女,成都市,2024-08-02 14:33:28
2539,uqiao,男,贵阳市,2026-01-14 19:10:01
2540,xiulanmao,男,深圳市,2023-09-07 13:59:40
2541,shiguiying,女,长沙市,2026-01-03 04:26:58
2542,hhou,女,北京市,2024-03-17 13:05:41
2543,juan11,女,深圳市,2025-02-20 17:03:47
2544,li21,女,西安市,2024-05-28 10:28:09
2545,jing69,女,北京市,2025-10-24 22:31:49
2546,zhangxiuying,女,广州市,2026-02-20 04:19:46
2547,wenlei,男,上海市,2023-07-14 16:25:59
2548,udeng,男,北京市,2025-10-16 01:21:14
2549,gangsun,男,天津市,2026-01-09 12:56:32
2550,shenyong,男,北京市,2025-12-30 10:43:02
2551,yang26,男,天津市,2023-09-19 09:57:21
2552,gyuan,男,北京市,2024-03-13 07:59:43
2553,sdeng,男,广州市,2026-01-30 17:33:46
2554,lei68,女,深圳市,2024-07-02 06:20:46
2555,xiuying33,女,青岛市,2025-06-24 18:00:23
2556,houwei,男,西安市,2026-05-04 01:05:34
2557,ndeng,女,海口市,2025-02-09 22:35:02
2558,juan51,男,合肥市,2024-01-02 23:10:16
2559,weicui,男,上海市,2023-08-19 05:27:45
2560,chenguiying,男,杭州市,2023-06-17 15:04:25
2561,kxue,女,上海市,2023-11-06 15:05:19
2562,junding,男,南京市,2023-07-19 17:11:22
2563,houjun,女,南京市,2024-04-20 11:06:35
2564,fqin,女,长沙市,2025-09-18 06:20:55
2565,ayi,男,西安市,2026-05-17 17:19:17
2566,weihuang,女,郑州市,2024-10-31 11:19:00
2567,qinping,女,杭州市,2026-01-28 20:06:45
2568,hanping,女,重庆市,2024-07-15 03:54:55
2569,yong25,女,南京市,2024-05-31 02:42:03
2570,guiying99,男,深圳市,2023-06-27 23:32:26
2571,yanliu,男,广州市,2024-02-08 09:03:59
2572,hanjing,女,西安市,2023-08-24 17:45:59
2573,junzhou,女,重庆市,2024-05-08 20:16:30
2574,cliu,男,海口市,2025-03-06 05:23:49
2575,minlu,男,合肥市,2025-10-18 10:53:58
2576,nayang,女,南京市,2023-09-27 05:51:20
2577,xpeng,女,兰州市,2025-03-14 00:35:05
2578,qiangsu,女,深圳市,2024-11-11 11:50:00
2579,min63,男,合肥市,2026-01-02 17:28:22
2580,ming24,男,深圳市,2023-12-14 19:49:34
2581,junyin,男,广州市,2024-10-02 08:19:36
2582,houjun,男,成都市,2023-08-01 19:04:40
2583,qiujuan,女,天津市,2023-09-10 07:48:26
2584,qiang98,女,北京市,2024-10-08 16:18:44
2585,na61,女,广州市,2025-02-07 23:17:03
2586,min88,女,上海市,2024-07-24 21:30:54
2587,xia89,男,武汉市,2024-08-16 07:54:00
2588,lding,女,成都市,2025-07-31 05:42:29
2589,guiying61,男,重庆市,2024-11-20 07:29:55
2590,xwen,女,成都市,2025-01-20 01:21:14
2591,hujun,女,成都市,2024-07-26 11:46:58
2592,caixiulan,女,上海市,2024-11-26 21:38:06
2593,maxiuying,男,深圳市,2023-11-19 08:45:39
2594,chao88,男,杭州市,2025-06-03 19:49:57
2595,chengping,男,青岛市,2025-02-27 07:35:45
2596,fang54,男,上海市,2026-03-14 14:32:13
2597,wei15,男,上海市,2023-10-11 02:25:24
2598,wulei,男,杭州市,2024-11-28 20:56:31
2599,fangfeng,男,青岛市,2023-10-18 12:11:36
2600,uwen,男,北京市,2024-01-01 18:00:37
2601,dingtao,男,广州市,2024-04-18 22:20:48
2602,czhang,女,重庆市,2025-03-31 09:28:33
2603,weitao,女,上海市,2025-07-19 13:02:46
2604,liaoguiying,女,兰州市,2024-11-08 15:13:49
2605,qiang21,男,武汉市,2023-12-03 09:20:11
2606,dzou,男,海口市,2023-06-26 06:46:53
2607,yanwen,男,武汉市,2024-08-11 11:24:09
2608,xiuyingguo,男,南京市,2025-04-09 01:39:54
2609,hchang,男,郑州市,2024-12-29 11:57:41
2610,luqiang,男,南昌市,2025-07-12 11:24:50
2611,yanqin,女,海口市,2023-11-26 20:34:55
2612,laiping,女,北京市,2025-08-17 07:25:22
2613,pfang,女,广州市,2023-12-14 09:11:56
2614,juan53,女,北京市,2024-07-22 00:37:06
2615,linchao,男,兰州市,2023-06-23 21:46:59
2616,taolei,女,天津市,2025-06-08 17:25:32
2617,taoxu,女,上海市,2024-05-18 12:34:02
2618,ming52,男,海口市,2025-12-13 09:07:21
2619,linxiulan,男,郑州市,2026-03-29 08:51:11
2620,bdu,女,西安市,2024-04-05 11:14:25
2621,jielin,女,兰州市,2024-11-18 19:02:30
2622,guojun,女,上海市,2025-12-06 18:10:28
2623,guiying77,女,杭州市,2024-05-26 12:22:38
2624,qianghou,女,北京市,2024-06-18 06:46:32
2625,yanqian,男,武汉市,2026-05-16 14:21:48
2626,yong28,男,西安市,2024-10-14 19:20:35
2627,taofan,男,广州市,2025-03-03 06:00:36
2628,lei84,男,深圳市,2024-11-14 10:53:54
2629,xiulanshao,女,成都市,2026-04-29 19:52:46
2630,tianfang,男,上海市,2024-06-14 10:58:26
2631,zchang,女,北京市,2023-12-18 02:08:47
2632,yan65,女,南京市,2024-09-17 23:17:10
2633,dliu,女,武汉市,2025-10-28 21:44:15
2634,yanqiu,男,天津市,2024-01-30 10:22:37
2635,duyong,女,贵阳市,2023-07-13 02:52:07
2636,yongli,男,南京市,2024-03-01 03:13:08
2637,xiulanxu,女,北京市,2025-11-17 15:19:26
2638,qiang57,女,深圳市,2024-06-23 17:36:02
2639,minding,女,北京市,2024-08-17 00:11:54
2640,tcheng,女,杭州市,2023-05-27 23:37:13
2641,nagao,女,上海市,2024-04-01 11:19:40
2642,jiemao,男,北京市,2024-09-17 09:42:57
2643,thou,男,西安市,2025-02-20 14:14:33
2644,weixue,女,青岛市,2024-08-25 11:08:55
2645,mingsu,女,上海市,2024-11-07 02:46:59
2646,minsong,女,西安市,2024-04-09 04:50:41
2647,huangxia,女,上海市,2025-05-06 14:50:56
2648,nahou,男,成都市,2025-04-17 22:23:31
2649,jingcai,女,长沙市,2024-06-24 06:34:54
2650,maoping,女,杭州市,2024-04-21 12:51:19
2651,yanren,男,广州市,2024-01-29 08:42:47
2652,zluo,男,青岛市,2025-07-08 23:30:49
2653,bgu,男,南京市,2025-06-12 07:00:36
2654,yanliao,女,杭州市,2023-12-14 23:08:45
2655,xiongwei,男,长沙市,2025-03-23 22:09:37
2656,jieye,男,上海市,2026-01-20 15:40:17
2657,moming,男,杭州市,2024-09-30 23:36:26
2658,na66,男,北京市,2024-04-22 17:49:29
2659,minyin,男,深圳市,2025-06-07 14:34:50
2660,tao66,女,贵阳市,2024-07-25 06:15:47
2661,xiangqiang,男,上海市,2023-09-02 06:38:47
2662,caoyang,女,深圳市,2024-06-13 11:52:33
2663,taowan,女,深圳市,2023-06-20 07:03:56
2664,ntan,男,海口市,2026-01-17 08:45:52
2665,duanmin,女,郑州市,2024-04-11 21:53:01
2666,chengyan,女,天津市,2023-07-03 23:51:27
2667,ming19,男,郑州市,2024-11-09 19:56:36
2668,yanfeng,男,西安市,2023-10-13 21:16:42
2669,baixia,男,青岛市,2026-04-24 03:39:57
2670,mamin,男,杭州市,2023-09-22 21:38:27
2671,jiesong,女,上海市,2025-08-28 22:08:09
2672,qiang15,女,深圳市,2025-08-06 17:55:39
2673,jinglei,男,上海市,2025-05-26 13:10:52
2674,guowei,男,深圳市,2025-07-08 11:17:05
2675,duna,女,西安市,2025-10-02 09:34:56
2676,minmeng,女,广州市,2025-01-24 20:27:14
2677,wma,男,重庆市,2024-09-23 03:13:22
2678,eli,女,青岛市,2023-12-10 06:31:18
2679,longgang,女,长沙市,2025-12-25 08:16:48
2680,naxiao,男,青岛市,2023-10-10 00:33:24
2681,chao96,男,重庆市,2025-07-30 18:17:55
2682,pzou,男,上海市,2024-04-09 00:06:30
2683,duanjing,男,上海市,2024-04-08 15:47:26
2684,wwang,女,广州市,2023-11-01 06:42:12
2685,lei39,男,武汉市,2025-04-26 15:08:09
2686,lsu,女,杭州市,2026-01-26 17:15:29
2687,jiefeng,女,南京市,2023-12-07 14:38:00
2688,gangyin,男,上海市,2025-01-23 14:22:28
2689,taohuang,男,兰州市,2023-10-07 13:30:38
2690,ping72,女,深圳市,2024-08-04 13:12:33
2691,rren,男,海口市,2023-07-17 17:16:29
2692,liujuan,女,上海市,2026-01-10 20:45:17
2693,minluo,女,青岛市,2025-11-22 10:37:59
2694,na74,女,合肥市,2024-09-08 17:57:37
2695,zliu,男,贵阳市,2024-11-25 15:13:02
2696,gaoyang,男,上海市,2024-03-10 19:38:39
2697,xiaoxiuying,女,广州市,2024-09-09 04:17:54
2698,fanglai,男,西安市,2023-06-26 02:10:34
2699,kluo,男,海口市,2025-06-01 11:10:10
2700,vzhong,女,北京市,2023-08-18 21:30:04
2701,rbai,男,青岛市,2024-03-28 12:35:49
2702,guomin,女,广州市,2024-08-24 07:40:17
2703,rliao,女,南京市,2024-01-21 02:40:24
2704,weiqiao,女,深圳市,2026-02-28 12:22:47
2705,qianguiying,女,上海市,2025-05-09 20:56:19
2706,fang50,男,海口市,2025-12-20 12:02:03
2707,gkang,男,重庆市,2024-05-27 18:00:08
2708,lei74,女,北京市,2025-08-15 05:51:45
2709,minlong,女,武汉市,2023-10-05 03:52:50
2710,tiantao,女,天津市,2026-04-12 10:33:20
2711,jiehan,女,合肥市,2025-01-01 00:26:05
2712,yanwang,男,深圳市,2025-01-20 00:15:02
2713,fangqian,女,上海市,2025-12-03 06:07:49
2714,chaochang,女,兰州市,2025-07-25 10:34:37
2715,wei28,男,天津市,2026-04-24 11:05:12
2716,yang61,女,西安市,2024-09-01 08:50:58
2717,yfang,男,上海市,2025-05-28 03:35:22
2718,dchen,男,杭州市,2025-10-25 07:10:46
2719,pinglin,女,成都市,2026-05-21 09:59:44
2720,gwen,女,南昌市,2025-03-20 10:26:15
2721,jinghuang,男,长沙市,2023-11-23 03:57:57
2722,tao89,女,成都市,2023-06-02 21:10:24
2723,wren,男,杭州市,2025-06-27 04:59:47
2724,tao93,女,上海市,2024-12-07 22:13:22
2725,sungang,女,深圳市,2025-02-13 14:56:49
2726,na15,男,北京市,2026-05-07 17:19:45
2727,nshen,男,呼和浩特市,2023-09-06 20:01:16
2728,min75,女,深圳市,2025-02-23 15:58:57
2729,xia35,女,成都市,2025-07-08 04:03:59
2730,mtan,男,北京市,2024-08-31 22:05:41
2731,yang75,女,杭州市,2025-11-20 05:13:53
2732,yong15,女,杭州市,2025-06-04 04:02:58
2733,mmeng,女,上海市,2025-09-05 12:50:34
2734,xialin,女,贵阳市,2026-02-28 09:22:41
2735,xiasong,男,杭州市,2023-09-03 23:12:25
2736,xueyang,男,南京市,2025-09-21 16:21:48
2737,chaohu,女,深圳市,2026-03-31 21:46:09
2738,yan69,女,广州市,2024-03-06 09:50:38
2739,xlai,男,武汉市,2024-05-29 00:27:29
2740,xzhong,女,杭州市,2025-07-13 07:09:04
2741,jingdai,女,杭州市,2025-09-24 11:54:12
2742,qzhong,男,青岛市,2024-08-13 05:42:09
2743,houjuan,男,兰州市,2025-12-09 03:34:33
2744,panwei,男,合肥市,2024-12-12 02:06:19
2745,acheng,男,深圳市,2023-11-25 07:26:02
2746,yan35,男,武汉市,2025-12-05 08:18:35
2747,wei18,女,深圳市,2025-06-14 04:49:17
2748,gangyu,女,北京市,2025-04-08 10:20:31
2749,qianjuan,女,成都市,2025-05-02 22:30:27
2750,zhangjing,男,武汉市,2024-02-04 22:50:58
2751,junguo,男,郑州市,2024-12-28 23:49:30
2752,jie43,女,长沙市,2025-02-23 14:30:25
2753,jiangjuan,男,北京市,2024-06-22 23:36:21
2754,gguo,男,上海市,2025-04-03 11:38:52
2755,yangshao,男,海口市,2023-08-11 09:26:52
2756,clu,女,南京市,2023-11-28 21:23:55
2757,jun77,女,深圳市,2025-08-29 06:06:47
2758,leixiong,男,北京市,2025-12-26 07:10:32
2759,jinggu,男,南京市,2026-03-09 18:11:55
2760,xiajin,女,北京市,2025-08-04 06:04:50
2761,hzeng,女,杭州市,2025-12-02 13:56:20
2762,xia16,女,长沙市,2025-02-22 12:11:36
2763,wenguiying,女,杭州市,2026-04-22 03:34:07
2764,nayi,女,天津市,2026-03-28 08:48:25
2765,yanli,女,深圳市,2023-06-27 03:38:15
2766,xia41,男,天津市,2025-01-17 23:13:49
2767,qiangzou,女,广州市,2024-09-15 08:58:05
2768,xiuyinggao,男,青岛市,2023-10-15 20:57:07
2769,xma,男,成都市,2025-10-22 11:43:04
2770,vcui,男,广州市,2025-09-03 16:44:54
2771,lijiang,男,上海市,2024-06-28 21:28:41
2772,caofang,女,北京市,2025-03-26 07:30:45
2773,xiongjun,女,北京市,2025-12-15 17:29:48
2774,gangyuan,女,成都市,2025-11-11 15:51:43
2775,liangjun,女,上海市,2023-11-13 05:46:01
2776,pliu,女,重庆市,2025-03-31 21:26:55
2777,sxiong,女,上海市,2024-02-29 14:44:54
2778,luoguiying,男,北京市,2023-10-21 16:33:49
2779,icai,女,杭州市,2026-02-22 02:19:34
2780,chaodong,女,青岛市,2023-06-11 13:15:11
2781,qiangsun,女,长沙市,2023-12-20 07:52:47
2782,ping01,男,北京市,2024-05-13 06:25:25
2783,cdu,女,成都市,2024-01-13 07:10:29
2784,xia29,女,杭州市,2024-03-08 13:18:10
2785,hdeng,男,重庆市,2023-12-11 19:15:55
2786,wanli,女,海口市,2023-05-30 15:52:39
2787,xiulanpeng,男,西安市,2023-08-18 06:57:58
2788,yong96,女,南京市,2023-09-28 12:47:34
2789,yong52,女,北京市,2025-08-02 10:34:23
2790,leizhou,女,郑州市,2025-10-18 17:57:34
2791,liangjing,男,西安市,2025-11-04 17:37:32
2792,yong31,男,上海市,2024-02-19 16:48:33
2793,gufang,女,重庆市,2023-07-22 07:38:47
2794,leihe,女,南京市,2026-04-18 05:31:06
2795,guiyinghao,女,西安市,2025-02-18 10:03:50
2796,minding,女,合肥市,2023-11-03 21:08:25
2797,minyao,女,北京市,2025-01-11 18:26:42
2798,tanming,男,上海市,2025-11-24 15:48:28
2799,mbai,男,长沙市,2024-08-25 16:21:23
2800,minghao,男,广州市,2025-05-06 11:35:19
2801,gang99,男,青岛市,2024-01-07 16:52:18
2802,taoxu,女,成都市,2025-10-09 10:32:21
2803,shuang,女,南昌市,2024-02-20 01:21:08
2804,taomeng,男,长沙市,2026-02-07 10:50:13
2805,zhouli,男,广州市,2024-04-09 23:59:10
2806,ming73,男,长沙市,2023-10-04 19:16:40
2807,uduan,男,北京市,2025-09-02 04:12:58
2808,gangyao,男,深圳市,2023-08-23 23:17:57
2809,linxia,男,天津市,2023-07-29 19:13:58
2810,guiyingqian,男,海口市,2023-10-11 00:06:37
2811,zoutao,女,重庆市,2023-06-24 18:04:01
2812,fangyuan,女,北京市,2026-03-21 14:26:03
2813,uzhou,男,深圳市,2024-10-21 01:55:25
2814,wufang,女,上海市,2023-08-21 00:15:21
2815,yanfan,女,武汉市,2024-01-31 11:40:17
2816,min43,女,天津市,2025-01-18 10:55:58
2817,zougang,女,北京市,2025-12-17 05:45:13
2818,xia05,女,上海市,2023-12-27 06:57:39
2819,na30,女,南京市,2023-12-25 07:20:27
2820,xiuying11,女,成都市,2023-10-24 18:55:26
2821,yuanjuan,女,广州市,2024-03-05 19:03:53
2822,jun78,女,西安市,2023-09-18 13:34:27
2823,caoping,男,天津市,2026-01-17 07:10:15
2824,pinghao,男,天津市,2023-11-18 00:33:07
2825,wei39,女,南京市,2026-03-07 08:26:23
2826,zougang,女,北京市,2025-11-22 12:29:25
2827,ming28,女,北京市,2025-05-07 02:38:38
2828,mingzhao,女,深圳市,2026-04-26 10:21:32
2829,chaozhu,男,成都市,2025-03-19 13:30:45
2830,kongxia,女,武汉市,2024-12-05 18:42:56
2831,ozou,男,上海市,2026-03-10 12:38:14
2832,hujun,男,天津市,2024-06-30 21:16:05
2833,fangxiong,男,杭州市,2026-03-29 17:28:30
2834,iye,男,合肥市,2024-02-21 05:26:31
2835,lixiong,男,长沙市,2024-10-29 15:07:58
2836,yonghe,女,长沙市,2025-12-23 19:55:06
2837,naqiao,男,合肥市,2026-02-09 16:11:50
2838,lihou,男,武汉市,2025-09-06 17:24:43
2839,agao,男,青岛市,2024-10-02 09:15:48
2840,kzhao,男,上海市,2025-11-26 08:35:05
2841,zhengyan,男,上海市,2025-07-01 12:32:28
2842,yhan,女,北京市,2024-08-29 16:20:11
2843,ping76,男,上海市,2024-12-17 10:31:25
2844,ping43,女,南京市,2026-02-10 05:00:07
2845,vren,女,海口市,2024-12-09 11:55:16
2846,opan,女,杭州市,2026-01-19 14:54:48
2847,fang41,女,南昌市,2025-08-07 10:30:24
2848,pxiao,男,长沙市,2025-08-01 02:38:17
2849,gulei,男,上海市,2025-10-16 02:48:15
2850,li57,男,南京市,2025-07-12 08:08:28
2851,chaowang,男,武汉市,2024-08-24 13:26:45
2852,cqiu,男,海口市,2025-10-04 14:38:39
2853,qiangshi,男,上海市,2023-07-13 01:22:53
2854,weizhou,女,北京市,2024-08-13 19:38:21
2855,dtang,男,广州市,2025-05-13 15:49:11
2856,awen,女,天津市,2024-10-16 07:13:14
2857,ping29,女,武汉市,2024-07-13 11:33:33
2858,mindu,女,杭州市,2023-05-26 12:43:13
2859,udai,男,合肥市,2025-06-07 00:47:07
2860,jiangming,男,成都市,2025-02-18 09:52:04
2861,yang48,女,贵阳市,2025-09-04 20:33:01
2862,lei59,女,北京市,2023-08-09 00:07:32
2863,guiyingzou,女,上海市,2025-04-28 15:45:13
2864,qyao,女,合肥市,2025-12-29 20:08:53
2865,liuqiang,女,杭州市,2023-08-30 13:39:06
2866,mmeng,男,广州市,2023-11-18 13:39:33
2867,guoyong,女,北京市,2025-12-06 08:04:12
2868,cguo,男,杭州市,2023-09-20 01:58:15
2869,nlei,男,北京市,2024-12-24 14:17:17
2870,lijiang,男,上海市,2023-06-07 18:54:39
2871,li97,男,成都市,2024-05-31 14:37:45
2872,wuyan,女,上海市,2025-11-06 13:46:08
2873,gangren,男,杭州市,2025-07-25 06:54:35
2874,fenggang,女,上海市,2025-11-10 07:51:53
2875,rfan,女,兰州市,2024-10-10 01:31:41
2876,qiutao,男,南昌市,2024-07-30 15:58:58
2877,zqiu,女,青岛市,2024-11-07 20:06:29
2878,xiaxu,女,南京市,2024-02-06 16:00:17
2879,htian,女,南昌市,2023-06-19 05:39:59
2880,tao79,女,上海市,2025-06-03 06:24:11
2881,yangshen,女,西安市,2024-06-20 09:17:16
2882,juansong,女,武汉市,2025-09-23 09:49:56
2883,hgu,男,天津市,2023-12-27 08:12:56
2884,juan71,女,杭州市,2023-08-08 20:12:45
2885,xiuyingqian,男,海口市,2026-02-15 03:48:29
2886,juantan,男,海口市,2024-02-08 01:55:38
2887,qiang38,女,长沙市,2023-12-26 12:36:46
2888,chaoqiao,女,天津市,2025-10-26 17:46:56
2889,yhou,女,杭州市,2025-03-31 01:40:43
2890,fangye,女,南昌市,2024-05-25 06:11:41
2891,maoxiulan,女,北京市,2023-07-08 21:20:36
2892,tao80,女,兰州市,2023-12-14 21:50:06
2893,yang34,男,长沙市,2023-11-01 08:39:56
2894,vduan,女,西安市,2024-01-02 14:58:30
2895,cdu,女,北京市,2023-09-24 23:29:31
2896,fang36,男,西安市,2024-03-14 20:35:33
2897,yang35,男,杭州市,2025-03-30 21:51:08
2898,chenjing,女,杭州市,2024-02-21 05:49:08
2899,juancai,女,青岛市,2025-07-04 15:26:32
2900,jiangjing,女,上海市,2025-05-05 09:29:44
2901,chao09,男,成都市,2026-05-15 03:41:36
2902,pengjing,女,贵阳市,2025-03-31 05:50:38
2903,weixue,男,成都市,2023-10-08 19:05:35
2904,juan59,女,深圳市,2026-02-27 00:14:08
2905,guiying66,男,北京市,2024-03-30 13:16:29
2906,izheng,男,杭州市,2024-02-05 08:22:47
2907,llai,女,深圳市,2023-09-01 01:05:45
2908,eduan,女,广州市,2025-12-02 04:12:54
2909,tjin,男,成都市,2025-04-25 10:31:24
2910,minmo,男,西安市,2024-06-12 06:08:50
2911,uxia,女,武汉市,2023-08-17 07:31:32
2912,xiuyingzeng,男,杭州市,2026-03-14 15:56:17
2913,xiaxiong,女,成都市,2024-04-30 04:06:58
2914,igao,女,南昌市,2023-11-13 21:44:45
2915,li30,男,南京市,2024-05-25 16:21:03
2916,nzhang,女,上海市,2026-02-22 17:22:21
2917,qiuchao,女,深圳市,2023-08-15 16:02:52
2918,oxia,男,杭州市,2025-03-28 09:50:01
2919,xiulan51,男,成都市,2025-03-15 00:28:03
2920,guiyingfan,女,郑州市,2023-12-27 14:43:51
2921,xiuyingcheng,男,西安市,2025-12-21 15:45:15
2922,bshao,女,成都市,2026-04-19 15:13:23
2923,ecui,女,成都市,2023-11-09 08:30:36
2924,xiulanyuan,女,深圳市,2025-08-22 15:22:05
2925,linwei,男,重庆市,2023-06-22 12:16:39
2926,gangwu,男,长沙市,2024-09-16 04:02:01
2927,xuemin,男,重庆市,2024-07-08 00:30:59
2928,jun17,女,深圳市,2025-05-21 02:25:29
2929,fang27,男,合肥市,2024-09-08 05:21:03
2930,weiqiao,男,西安市,2024-07-19 03:58:51
2931,jingcai,女,青岛市,2024-10-20 17:57:31
2932,wuna,男,杭州市,2026-01-04 22:33:55
2933,liaoming,女,南昌市,2023-11-13 11:01:57
2934,caiyan,男,天津市,2024-10-10 02:05:19
2935,gang95,男,广州市,2024-03-31 10:49:39
2936,fang78,女,北京市,2024-02-16 12:14:00
2937,zengtao,男,上海市,2026-02-16 06:02:25
2938,yan79,男,上海市,2026-04-03 01:43:41
2939,pxiong,男,成都市,2025-04-03 16:21:53
2940,ping10,男,兰州市,2023-10-27 14:27:40
2941,li42,女,长沙市,2024-03-28 21:08:35
2942,na31,男,呼和浩特市,2025-09-04 08:46:29
2943,juncui,男,兰州市,2025-05-29 11:05:30
2944,yang71,女,杭州市,2024-07-19 22:51:30
2945,min12,女,兰州市,2024-05-09 03:32:00
2946,chaozhang,女,北京市,2026-03-16 01:59:38
2947,xiuyingqiao,女,南昌市,2023-07-10 09:58:10
2948,weideng,男,南京市,2025-02-25 16:47:11
2949,wei03,女,杭州市,2023-10-22 21:42:07
2950,ocao,男,杭州市,2024-07-16 14:50:19
2951,slei,男,呼和浩特市,2025-02-23 16:29:55
2952,ahao,男,深圳市,2023-10-21 22:10:10
2953,libai,男,青岛市,2025-09-09 15:42:46
2954,hdai,女,北京市,2025-01-27 15:48:05
2955,jun55,男,合肥市,2024-05-20 00:29:38
2956,cyu,女,上海市,2023-06-17 20:53:03
2957,liaolei,女,深圳市,2025-08-24 05:40:57
2958,pengwei,女,郑州市,2026-03-24 08:01:00
2959,chao20,女,杭州市,2026-01-11 20:30:33
2960,min22,男,北京市,2023-10-01 04:32:15
2961,yejing,女,上海市,2026-05-07 05:00:15
2962,zengjing,男,南昌市,2026-02-10 17:35:08
2963,gang63,男,上海市,2025-01-19 10:53:53
2964,minxie,男,北京市,2024-07-08 05:14:51
2965,qkang,女,重庆市,2025-10-10 09:38:14
2966,rlong,女,长沙市,2023-11-29 05:42:49
2967,rxia,女,广州市,2023-11-10 01:44:31
2968,jun32,女,北京市,2026-01-21 03:17:28
2969,egong,女,杭州市,2025-08-15 22:13:34
2970,gang60,女,广州市,2024-05-28 22:10:41
2971,zhongyan,女,重庆市,2025-06-10 12:12:27
2972,mingchen,男,长沙市,2025-11-27 12:45:09
2973,nyao,女,长沙市,2024-01-15 21:25:39
2974,jinglu,女,武汉市,2026-05-06 01:50:33
2975,tsun,女,兰州市,2024-11-03 12:36:32
2976,pengfang,女,深圳市,2025-03-18 03:46:48
2977,nadu,女,重庆市,2024-08-11 22:40:18
2978,osu,男,南京市,2024-04-09 16:16:47
2979,xiulanshi,女,北京市,2025-11-03 17:29:32
2980,min02,男,长沙市,2025-03-10 18:32:35
2981,guiying19,女,海口市,2024-12-05 18:39:20
2982,jie41,男,长沙市,2024-07-16 14:13:03
2983,hduan,男,广州市,2023-08-22 23:03:19
2984,xuping,男,贵阳市,2023-06-09 04:24:41
2985,chao62,女,合肥市,2024-02-17 23:07:24
2986,qiangpeng,男,西安市,2025-08-30 03:46:06
2987,taofang,男,北京市,2025-09-05 11:59:13
2988,min19,男,青岛市,2024-03-03 07:15:08
2989,ming12,女,广州市,2024-03-05 03:51:12
2990,qiang24,男,呼和浩特市,2025-07-06 17:15:12
2991,nading,男,海口市,2023-07-25 02:37:16
2992,kxiao,女,北京市,2024-05-26 16:04:54
2993,hchen,男,上海市,2025-03-24 03:53:53
2994,xia37,男,呼和浩特市,2023-12-26 07:55:14
2995,xiatang,女,杭州市,2024-07-23 16:46:45
2996,guojing,女,合肥市,2024-07-06 11:13:33
2997,molei,女,广州市,2026-04-11 14:06:10
2998,scui,女,合肥市,2023-06-23 22:23:34
2999,jing52,女,广州市,2025-09-23 11:22:39
3000,xiulanxia,女,郑州市,2025-02-25 14:44:11
3001,btian,女,南京市,2024-08-09 17:49:37
3002,liyang,男,北京市,2024-10-28 09:08:46
3003,dengyong,男,郑州市,2024-05-22 18:38:21
3004,yong95,男,西安市,2024-07-13 06:57:40
3005,ulin,男,上海市,2023-06-18 05:00:23
3006,gongqiang,女,郑州市,2026-01-03 23:28:09
3007,wanping,男,成都市,2023-08-13 18:26:31
3008,jie22,男,北京市,2023-11-30 07:55:29
3009,echen,男,杭州市,2025-11-10 23:27:37
3010,ezheng,男,长沙市,2023-11-11 03:24:56
3011,xialu,男,武汉市,2025-07-12 07:25:11
3012,rgao,男,上海市,2024-06-04 09:27:32
3013,gang46,女,广州市,2026-04-24 00:48:53
3014,mxue,女,南京市,2025-07-12 16:22:15
3015,ming50,女,成都市,2025-11-12 16:02:24
3016,juanxu,女,南昌市,2025-05-27 21:21:12
3017,cyang,女,深圳市,2023-09-13 13:15:25
3018,qiangdong,男,西安市,2025-05-13 10:07:56
3019,xia52,女,深圳市,2025-06-06 11:08:57
3020,qiaoguiying,女,北京市,2023-06-03 01:14:12
3021,xiulan36,男,深圳市,2023-12-23 10:10:54
3022,yong91,女,深圳市,2023-11-24 07:24:26
3023,jun33,女,北京市,2024-05-03 13:33:55
3024,cye,男,重庆市,2024-08-07 16:38:42
3025,daijing,男,兰州市,2023-08-14 23:29:21
3026,udong,女,上海市,2025-11-16 07:21:57
3027,fangliu,男,北京市,2024-09-01 16:47:40
3028,taogang,女,郑州市,2024-10-19 21:48:10
3029,wei28,男,深圳市,2026-02-21 05:50:06
3030,lei90,女,西安市,2024-12-05 20:52:03
3031,tao19,男,上海市,2023-09-06 04:06:47
3032,yang37,男,重庆市,2025-02-19 20:44:41
3033,qdeng,男,上海市,2023-10-29 01:24:14
3034,jiangjuan,男,杭州市,2023-06-16 12:20:06
3035,xiuyingfan,男,重庆市,2025-06-01 12:23:59
3036,liangfang,男,上海市,2026-04-16 04:53:05
3037,xiulansong,女,南昌市,2025-07-04 00:29:56
3038,xiulanyan,男,深圳市,2026-04-07 23:53:17
3039,uhu,女,贵阳市,2024-05-16 02:00:06
3040,guiying33,女,深圳市,2023-07-07 23:11:11
3041,yangjuan,女,深圳市,2026-05-11 07:44:28
3042,liwang,女,海口市,2024-11-16 15:42:04
3043,guxia,女,深圳市,2023-06-18 01:40:24
3044,mintao,男,青岛市,2025-02-23 07:06:13
3045,liguiying,男,上海市,2023-06-25 14:00:12
3046,songxia,女,青岛市,2024-07-21 15:39:55
3047,ppeng,男,广州市,2026-03-11 11:01:10
3048,taosun,女,南京市,2023-08-20 16:22:52
3049,jiewen,男,杭州市,2024-05-30 08:06:14
3050,jun17,女,南京市,2025-06-19 00:49:42
3051,taozhang,女,北京市,2024-07-05 17:11:52
3052,fangdai,男,贵阳市,2023-10-18 07:43:19
3053,xiulanzhang,男,上海市,2024-12-20 09:39:38
3054,chenlei,男,武汉市,2026-05-16 16:31:37
3055,uyang,男,西安市,2025-11-19 03:14:56
3056,lei44,男,广州市,2023-05-22 09:33:06
3057,huchao,男,广州市,2024-01-20 11:48:14
3058,ming91,男,上海市,2025-12-18 01:24:42
3059,jiaping,女,郑州市,2023-06-22 23:22:18
3060,na85,男,青岛市,2025-07-20 02:30:52
3061,gangsun,女,成都市,2023-11-14 23:47:41
3062,xzhu,女,成都市,2025-03-08 07:26:53
3063,jie56,女,杭州市,2025-09-08 10:39:04
3064,yongzheng,男,青岛市,2023-12-25 19:01:29
3065,xiulan88,男,杭州市,2024-05-24 10:40:49
3066,mgu,男,杭州市,2026-04-25 02:37:54
3067,yanshi,男,合肥市,2023-09-29 07:38:53
3068,ming71,男,深圳市,2024-10-26 22:11:10
3069,juan07,女,合肥市,2024-07-04 12:30:03
3070,khao,女,北京市,2023-07-28 06:12:47
3071,yanliao,男,合肥市,2025-10-22 12:32:53
3072,gang27,男,武汉市,2024-04-09 14:44:33
3073,ldeng,男,西安市,2023-11-15 17:08:26
3074,likong,女,重庆市,2024-07-17 08:54:08
3075,dengguiying,女,天津市,2024-09-01 19:24:20
3076,yyan,男,重庆市,2025-07-08 06:05:52
3077,zhaoping,男,北京市,2024-01-24 15:46:45
3078,gaotao,女,上海市,2026-04-14 00:46:04
3079,xiuyingyao,女,南京市,2023-08-29 06:02:19
3080,edeng,男,深圳市,2024-09-11 11:02:19
3081,jiehou,女,深圳市,2026-02-26 19:08:10
3082,xiulan41,男,长沙市,2025-02-21 03:49:44
3083,kduan,女,深圳市,2023-07-04 06:20:06
3084,wfu,男,深圳市,2023-09-16 08:21:25
3085,qiujun,男,成都市,2024-02-04 01:47:07
3086,na70,男,合肥市,2023-07-06 23:49:19
3087,jinjun,男,武汉市,2024-07-26 15:36:58
3088,jietao,女,贵阳市,2024-07-05 02:46:05
3089,dzou,男,上海市,2023-07-24 17:34:22
3090,pcao,男,重庆市,2025-01-05 11:38:24
3091,mdong,男,长沙市,2023-12-04 17:47:36
3092,ping71,男,天津市,2026-01-19 06:14:33
3093,mingwen,女,深圳市,2025-06-16 13:01:23
3094,kongfang,男,深圳市,2024-04-12 18:16:39
3095,yanwen,女,上海市,2024-07-17 00:50:51
3096,xiuyingkong,女,武汉市,2025-08-07 01:17:03
3097,ligao,男,贵阳市,2025-07-30 02:48:14
3098,edu,男,武汉市,2023-11-12 13:24:50
3099,zhaojing,男,长沙市,2023-09-29 04:57:43
3100,sfan,男,兰州市,2024-11-01 05:42:18
3101,chao89,男,合肥市,2023-05-23 01:22:51
3102,wei38,女,上海市,2024-05-13 13:21:20
3103,fang35,男,南京市,2025-08-13 14:26:17
3104,juan28,女,长沙市,2025-05-20 07:49:28
3105,yaoyong,女,广州市,2024-11-22 09:50:43
3106,linlei,男,成都市,2023-08-12 02:29:19
3107,mbai,男,重庆市,2024-09-05 02:28:15
3108,tchen,男,重庆市,2024-06-18 22:27:43
3109,zyao,女,深圳市,2024-12-12 05:07:14
3110,caoyang,男,北京市,2026-05-15 17:31:15
3111,whe,男,西安市,2025-04-28 01:59:22
3112,oding,男,北京市,2024-02-27 14:40:54
3113,pengjun,男,上海市,2024-11-18 13:23:47
3114,owen,女,长沙市,2026-01-08 20:01:36
3115,gangsun,男,合肥市,2023-05-23 06:31:46
3116,kongchao,男,深圳市,2024-01-06 15:04:36
3117,sxue,女,海口市,2026-03-18 08:33:16
3118,rliang,男,南京市,2024-06-13 02:33:12
3119,jingmao,男,青岛市,2024-02-09 08:18:53
3120,na59,女,上海市,2025-02-16 21:04:29
3121,taomin,女,深圳市,2025-08-30 00:01:57
3122,xiulan71,男,成都市,2024-11-23 03:47:09
3123,wenjuan,男,兰州市,2023-08-06 07:21:43
3124,qiaojing,男,海口市,2024-09-30 07:01:22
3125,yangkong,男,杭州市,2026-05-19 12:30:31
3126,qiang25,女,杭州市,2023-06-20 12:05:10
3127,shenlei,女,武汉市,2024-10-23 14:27:44
3128,guoxia,男,合肥市,2024-02-04 13:34:13
3129,maoyang,男,上海市,2023-08-13 23:30:06
3130,wxiong,男,西安市,2024-05-01 23:44:13
3131,zhongli,男,郑州市,2025-11-16 22:06:55
3132,guiyingdeng,男,杭州市,2026-04-03 14:28:52
3133,songtao,女,北京市,2024-07-08 11:37:21
3134,nyao,女,广州市,2024-03-20 13:03:33
3135,chao22,女,杭州市,2025-08-20 23:44:14
3136,ndong,男,广州市,2025-05-14 17:41:43
3137,gangqiu,女,广州市,2025-08-23 00:14:35
3138,xiulan39,男,郑州市,2024-10-11 18:08:17
3139,jiangmin,女,杭州市,2024-09-18 18:33:08
3140,nmao,女,成都市,2024-01-26 04:15:46
3141,baiyang,男,上海市,2024-05-23 01:08:40
3142,jun30,男,北京市,2024-01-27 22:03:37
3143,ming98,男,深圳市,2024-08-15 06:09:10
3144,chaozou,男,兰州市,2024-10-16 12:04:57
3145,chaoduan,男,上海市,2025-06-06 01:49:51
3146,leiliu,男,兰州市,2026-03-04 20:10:57
3147,gaoxia,男,杭州市,2024-05-18 14:29:07
3148,qiuna,男,上海市,2024-12-20 02:55:22
3149,ganghou,男,北京市,2023-08-09 19:51:10
3150,gangshen,男,成都市,2024-09-04 11:32:11
3151,yangxiao,女,天津市,2026-02-18 05:59:27
3152,shina,男,天津市,2023-08-24 17:34:05
3153,vlu,女,兰州市,2023-09-16 23:32:54
3154,limo,女,广州市,2023-12-28 06:53:51
3155,renjun,男,青岛市,2024-02-09 09:25:44
3156,gang52,男,天津市,2023-06-07 13:07:31
3157,xiahou,男,西安市,2026-05-13 13:17:55
3158,ming80,男,重庆市,2024-07-02 20:47:21
3159,wei33,女,上海市,2026-05-20 12:30:14
3160,yan65,男,天津市,2025-02-15 14:15:32
3161,qiulei,女,南昌市,2025-04-05 09:17:28
3162,juan55,男,合肥市,2024-03-15 05:01:40
3163,leiping,女,重庆市,2025-11-04 10:56:41
3164,yang79,男,郑州市,2025-07-25 07:22:17
3165,hbai,男,兰州市,2025-03-28 10:24:09
3166,jie21,女,北京市,2025-12-18 07:49:27
3167,jun00,男,上海市,2026-04-02 10:37:57
3168,fengtao,男,杭州市,2024-02-24 01:57:53
3169,xiuying35,男,上海市,2025-01-30 15:57:35
3170,minwang,男,上海市,2025-03-16 22:39:10
3171,yongliang,女,重庆市,2024-01-08 18:11:56
3172,fhao,女,武汉市,2025-02-13 08:40:13
3173,penggang,男,西安市,2024-05-13 10:39:06
3174,qluo,男,成都市,2025-09-05 17:17:50
3175,yan96,女,北京市,2023-07-16 12:11:54
3176,longchao,女,广州市,2024-10-05 11:07:58
3177,xiuying05,女,青岛市,2025-02-02 15:52:02
3178,gangduan,男,成都市,2025-03-12 07:42:07
3179,amao,男,青岛市,2026-04-10 06:44:56
3180,xiuying08,男,广州市,2024-10-13 06:49:17
3181,jing66,男,重庆市,2025-11-24 17:29:31
3182,zouxia,女,上海市,2023-05-23 07:20:48
3183,yumin,男,杭州市,2025-12-27 17:35:49
3184,fpan,男,西安市,2024-05-03 15:33:52
3185,guiying83,女,重庆市,2024-11-12 17:39:02
3186,wlu,女,武汉市,2025-09-28 03:20:38
3187,qinming,男,西安市,2025-06-12 06:52:51
3188,xiulan53,男,北京市,2023-05-29 05:00:35
3189,zhongyang,女,成都市,2026-01-17 04:38:46
3190,nzhao,女,成都市,2025-02-20 13:57:22
3191,pinglin,男,北京市,2026-02-24 19:39:22
3192,fanlei,女,上海市,2026-03-30 22:39:25
3193,dujie,女,广州市,2024-06-06 04:49:31
3194,kmo,男,广州市,2025-02-03 17:56:54
3195,nadai,女,天津市,2026-01-04 06:13:15
3196,ddong,男,深圳市,2025-07-05 03:59:33
3197,xiatian,男,武汉市,2024-12-12 06:12:40
3198,kdong,女,深圳市,2025-11-24 06:59:00
3199,yangtang,女,杭州市,2023-09-05 13:25:12
3200,bgao,男,武汉市,2025-02-25 07:51:58
3201,qianyong,男,西安市,2025-09-21 07:32:41
3202,gangliu,女,郑州市,2024-02-13 08:10:35
3203,hxia,女,杭州市,2025-05-14 02:14:20
3204,jingkang,男,贵阳市,2024-12-16 04:41:06
3205,jjia,女,西安市,2024-07-21 02:27:35
3206,yanghan,女,深圳市,2026-05-01 03:19:38
3207,jun18,女,北京市,2025-05-30 00:40:25
3208,oduan,女,杭州市,2023-09-07 00:56:19
3209,jmo,男,北京市,2025-10-12 17:46:16
3210,tao51,女,西安市,2024-05-26 22:51:11
3211,tanchao,男,北京市,2024-08-26 03:37:01
3212,min79,男,武汉市,2024-07-29 11:51:03
3213,li01,男,合肥市,2024-08-14 15:36:21
3214,li56,女,成都市,2023-12-18 19:04:33
3215,fangwan,男,广州市,2024-01-03 08:15:05
3216,jingzhou,女,天津市,2025-07-29 18:06:25
3217,jing30,男,广州市,2026-04-14 18:28:29
3218,tao72,女,北京市,2025-07-25 05:35:38
3219,kqian,男,兰州市,2025-03-10 12:12:16
3220,tao17,女,南昌市,2023-07-08 21:04:15
3221,yzhu,男,成都市,2026-01-16 05:42:12
3222,wdu,女,上海市,2025-08-04 11:27:02
3223,icheng,男,北京市,2025-12-04 14:26:31
3224,iluo,男,武汉市,2025-05-23 17:17:48
3225,jingyi,女,广州市,2024-10-25 22:31:39
3226,guiying57,女,杭州市,2024-12-23 09:31:54
3227,zfu,男,杭州市,2024-02-20 20:07:25
3228,nqin,女,北京市,2026-02-06 05:08:29
3229,lzeng,女,重庆市,2025-08-27 20:13:18
3230,cshi,女,成都市,2023-12-16 01:27:55
3231,cuiming,女,杭州市,2026-05-10 20:00:49
3232,uzhong,男,重庆市,2023-10-07 19:44:00
3233,lei80,女,北京市,2023-08-18 00:07:36
3234,fanming,男,重庆市,2024-07-13 11:29:23
3235,jzhu,男,武汉市,2023-09-13 04:23:09
3236,maojun,女,杭州市,2025-10-12 15:36:27
3237,lifang,女,长沙市,2025-06-02 02:05:01
3238,renguiying,女,武汉市,2025-07-16 02:03:07
3239,qiang59,男,合肥市,2024-02-20 12:39:59
3240,panqiang,女,合肥市,2023-10-13 22:03:16
3241,shenming,女,杭州市,2025-07-24 21:58:39
3242,chengjie,女,重庆市,2026-05-13 13:24:25
3243,juan22,女,上海市,2023-08-11 01:42:01
3244,qiujuan,男,青岛市,2024-04-28 03:14:13
3245,jzhao,男,深圳市,2023-06-20 02:20:31
3246,whu,女,北京市,2024-02-12 10:18:01
3247,fangchen,女,郑州市,2025-12-19 13:04:53
3248,ryuan,男,上海市,2026-02-13 22:12:59
3249,bding,男,上海市,2025-01-26 10:04:34
3250,nalai,女,郑州市,2025-05-26 21:32:58
3251,lei25,男,北京市,2024-05-21 01:55:20
3252,fengyong,男,长沙市,2024-10-02 21:34:55
3253,fxiong,女,武汉市,2024-12-06 05:24:15
3254,taocui,女,南昌市,2024-08-19 12:48:36
3255,mwen,男,郑州市,2024-03-13 11:28:27
3256,ping44,男,郑州市,2024-10-28 17:25:28
3257,ilai,男,北京市,2024-02-07 18:06:48
3258,majun,女,上海市,2025-03-08 23:22:51
3259,bmeng,男,上海市,2025-04-23 00:41:18
3260,junxu,女,广州市,2024-11-27 10:57:20
3261,jhu,女,北京市,2026-01-04 11:32:33
3262,yong18,男,广州市,2023-06-01 02:15:59
3263,chenwei,男,天津市,2025-05-17 03:28:11
3264,wanjing,女,郑州市,2025-10-23 07:24:08
3265,zhaotao,女,上海市,2025-12-27 12:10:10
3266,zenglei,女,深圳市,2024-10-22 13:26:32
3267,tyang,男,深圳市,2023-07-01 18:10:44
3268,yong13,男,成都市,2026-02-15 08:32:47
3269,fang04,男,上海市,2026-02-13 10:06:54
3270,jinming,男,广州市,2023-11-24 13:48:16
3271,naxu,男,西安市,2024-07-05 15:12:01
3272,the,男,呼和浩特市,2024-05-03 05:37:17
3273,li43,女,重庆市,2025-11-25 15:27:37
3274,mingchen,男,郑州市,2024-01-30 15:37:01
3275,xiaomin,女,上海市,2024-02-16 06:22:05
3276,yang56,男,北京市,2023-11-17 18:20:13
3277,tao07,男,武汉市,2023-09-26 15:49:47
3278,qiaoyan,女,杭州市,2025-08-28 01:45:10
3279,jiangxiulan,男,深圳市,2025-10-09 04:47:54
3280,wgong,男,成都市,2025-06-29 05:37:39
3281,lilei,女,杭州市,2025-03-11 18:30:53
3282,bqin,女,武汉市,2024-08-10 08:33:51
3283,yang42,男,上海市,2025-07-19 06:45:43
3284,chenyong,男,广州市,2024-02-06 01:32:36
3285,qiangluo,女,重庆市,2025-06-14 22:11:41
3286,na41,男,武汉市,2024-05-23 02:25:02
3287,hxie,女,上海市,2025-10-02 00:05:00
3288,xiulan34,男,长沙市,2025-04-05 21:31:11
3289,yangjun,男,上海市,2025-09-26 01:24:19
3290,yjin,男,上海市,2025-02-05 00:49:14
3291,fengchao,女,武汉市,2026-01-08 05:20:13
3292,jing45,女,天津市,2024-07-02 05:32:06
3293,na06,女,合肥市,2023-10-10 10:14:07
3294,minyuan,女,长沙市,2025-10-03 08:42:55
3295,xiuying03,男,北京市,2025-05-03 17:29:43
3296,yaona,男,武汉市,2025-11-02 19:24:59
3297,xiuyingdong,女,西安市,2024-02-03 21:05:30
3298,pdong,男,广州市,2024-07-18 00:53:48
3299,guiying32,女,郑州市,2023-11-10 09:36:41
3300,hemin,女,上海市,2025-05-25 07:54:51
3301,laiguiying,女,重庆市,2023-10-23 16:41:55
3302,li66,男,南京市,2025-04-05 04:57:24
3303,pdu,男,长沙市,2024-02-20 22:18:19
3304,taoma,男,西安市,2024-02-26 17:49:08
3305,qiang51,女,广州市,2025-03-22 02:18:39
3306,xiulan81,男,海口市,2025-12-15 16:24:26
3307,qianxiuying,男,广州市,2023-07-30 04:55:54
3308,liugang,女,深圳市,2026-02-14 18:35:26
3309,juandu,男,深圳市,2024-07-09 07:18:14
3310,ohou,女,成都市,2025-11-03 09:56:30
3311,xiulan24,女,重庆市,2023-12-06 07:20:42
3312,ming20,女,郑州市,2024-11-12 01:35:02
3313,ping82,女,西安市,2025-03-11 09:35:40
3314,jzhang,女,郑州市,2023-08-03 14:03:42
3315,shimin,男,重庆市,2024-04-30 21:18:03
3316,etian,男,青岛市,2024-07-31 17:26:05
3317,yaojing,女,广州市,2024-10-27 05:36:52
3318,kqiao,男,郑州市,2023-06-16 06:50:00
3319,pingdong,女,北京市,2025-01-23 12:58:50
3320,qiangmao,女,深圳市,2024-01-23 06:56:21
3321,zhengwei,男,深圳市,2026-05-13 16:06:03
3322,yan23,女,长沙市,2023-12-08 15:54:05
3323,gulei,女,重庆市,2024-10-29 18:17:11
3324,duxiulan,男,成都市,2023-09-13 04:44:40
3325,yuanwei,女,杭州市,2024-12-10 00:33:54
3326,gang49,男,成都市,2024-08-02 08:23:10
3327,nxu,男,北京市,2023-09-11 11:30:03
3328,gang93,女,重庆市,2026-04-11 12:02:45
3329,suxiulan,女,广州市,2025-08-22 07:47:31
3330,maping,男,成都市,2025-04-14 13:20:53
3331,yexia,女,天津市,2025-05-17 13:12:48
3332,plai,男,广州市,2024-08-05 04:04:16
3333,chaoxiang,女,青岛市,2023-06-25 11:48:07
3334,lixiong,男,上海市,2025-01-23 07:27:24
3335,jing41,男,杭州市,2024-03-26 11:11:44
3336,tao98,女,呼和浩特市,2025-01-05 06:48:32
3337,junzhong,女,成都市,2024-12-22 23:33:04
3338,gxiao,女,天津市,2025-09-10 13:19:49
3339,nazheng,男,武汉市,2023-12-01 16:21:13
3340,tao07,男,青岛市,2023-12-01 02:54:38
3341,xiaqian,男,北京市,2024-04-25 08:26:48
3342,juanye,女,上海市,2024-05-16 07:06:29
3343,qkong,女,西安市,2024-12-04 14:08:14
3344,taoyuan,女,长沙市,2023-11-11 17:45:14
3345,gang33,女,郑州市,2024-08-11 08:30:05
3346,cuixia,女,天津市,2024-10-22 12:52:33
3347,hulei,女,重庆市,2024-04-27 15:10:39
3348,umo,男,合肥市,2023-08-03 09:16:36
3349,kongming,男,上海市,2024-04-25 06:09:48
3350,mindu,女,北京市,2024-11-20 10:56:32
3351,zhuwei,男,长沙市,2023-07-08 15:38:30
3352,myang,男,杭州市,2025-06-21 14:29:34
3353,xzeng,女,青岛市,2024-01-15 09:55:20
3354,li41,女,上海市,2023-09-03 04:06:26
3355,mintian,女,西安市,2023-07-18 16:01:42
3356,jie86,男,广州市,2024-12-24 01:46:41
3357,huangjun,女,天津市,2025-03-30 03:21:37
3358,min72,男,深圳市,2023-11-24 02:21:53
3359,lei19,男,杭州市,2023-09-05 10:40:51
3360,xiuying42,女,西安市,2024-05-26 14:15:01
3361,juanyang,女,青岛市,2025-12-01 11:13:56
3362,zlei,女,郑州市,2026-03-21 13:01:02
3363,ming96,男,杭州市,2023-12-28 18:35:52
3364,songqiang,男,广州市,2025-01-29 14:41:38
3365,lutao,女,杭州市,2026-03-24 08:03:38
3366,yang63,女,南京市,2023-10-01 10:29:22
3367,yang19,男,北京市,2024-09-14 17:47:44
3368,duping,男,郑州市,2024-11-14 05:42:51
3369,zcao,女,长沙市,2024-02-10 19:32:52
3370,caiyong,女,武汉市,2023-06-01 23:23:22
3371,fanglei,男,重庆市,2026-03-24 04:39:09
3372,na78,女,武汉市,2025-03-29 06:05:55
3373,pfan,男,上海市,2024-04-09 12:42:09
3374,na49,女,杭州市,2025-09-04 03:15:33
3375,yong85,男,北京市,2025-08-27 07:08:06
3376,yexiulan,男,合肥市,2026-03-10 01:11:44
3377,yechao,女,北京市,2024-03-20 18:44:39
3378,ping14,男,西安市,2024-07-18 19:02:24
3379,caixiulan,男,杭州市,2024-10-14 01:42:02
3380,tanguiying,女,深圳市,2025-05-09 08:38:53
3381,lren,男,北京市,2024-01-27 16:26:39
3382,xiulan05,女,西安市,2024-04-19 22:35:22
3383,xiuyingfeng,女,北京市,2025-04-18 12:25:37
3384,ytang,女,上海市,2026-03-05 13:05:41
3385,fanyang,女,北京市,2025-08-19 02:19:43
3386,pmao,女,上海市,2025-05-14 17:18:12
3387,luping,男,南京市,2024-05-08 03:20:22
3388,rwang,女,天津市,2023-11-20 22:59:38
3389,yangcao,男,广州市,2024-05-07 02:55:30
3390,fang75,男,广州市,2023-10-19 16:52:10
3391,fang43,男,武汉市,2023-07-09 20:56:00
3392,yaoxia,男,郑州市,2025-03-16 02:29:17
3393,yeli,女,重庆市,2024-10-20 04:54:47
3394,guiying82,女,成都市,2024-05-02 05:17:57
3395,wenqiang,男,合肥市,2024-06-10 16:23:54
3396,songjun,女,南京市,2025-09-09 11:17:02
3397,ofeng,女,杭州市,2024-07-20 13:02:28
3398,yan43,男,北京市,2025-09-26 00:43:09
3399,yong16,女,重庆市,2024-03-10 22:01:19
3400,xiuying38,男,南京市,2026-04-24 22:56:47
3401,dzhong,男,广州市,2023-10-27 04:46:13
3402,juan93,男,青岛市,2025-04-04 14:22:48
3403,yongqiao,男,上海市,2023-10-18 20:42:44
3404,xia43,男,西安市,2025-04-07 16:22:26
3405,mfang,女,北京市,2026-04-15 06:19:34
3406,lei45,女,深圳市,2023-12-10 07:30:28
3407,min75,男,西安市,2024-07-31 20:31:36
3408,panyong,男,北京市,2023-06-02 18:46:32
3409,juan77,男,兰州市,2024-10-24 18:35:22
3410,qiujuan,男,深圳市,2024-03-10 04:00:33
3411,fjiang,男,北京市,2024-11-03 19:34:42
3412,bzhu,女,广州市,2024-11-06 02:57:04
3413,ping53,男,合肥市,2025-04-21 07:24:22
3414,jiagang,女,贵阳市,2024-09-08 09:28:47
3415,gang05,男,郑州市,2025-05-18 04:59:10
3416,ozou,男,南昌市,2023-10-03 10:21:37
3417,houming,男,郑州市,2025-01-08 11:32:25
3418,guiyingsu,男,南京市,2025-02-26 22:14:13
3419,li93,男,合肥市,2023-08-15 00:40:14
3420,ktian,女,海口市,2025-02-11 12:35:15
3421,tanyong,女,成都市,2026-04-02 10:43:09
3422,shaoming,女,郑州市,2025-11-11 06:20:24
3423,xiulanren,女,杭州市,2025-08-17 17:53:21
3424,juan42,女,西安市,2025-01-08 11:49:22
3425,xiulansu,女,广州市,2023-12-22 10:16:38
3426,oqiu,男,呼和浩特市,2025-10-25 15:05:01
3427,jingwei,男,海口市,2026-01-23 14:34:44
3428,dulei,男,深圳市,2024-07-27 08:31:52
3429,yexia,女,北京市,2024-05-29 20:39:45
3430,mincui,女,深圳市,2024-10-25 07:35:42
3431,na19,女,广州市,2025-04-11 15:09:32
3432,xiulanxia,男,重庆市,2024-07-11 19:45:35
3433,xiuyingcai,女,重庆市,2024-03-12 21:49:32
3434,xiuyinggu,男,成都市,2024-06-21 13:57:11
3435,hlin,女,北京市,2023-09-10 06:03:30
3436,gkong,男,上海市,2023-06-30 13:01:32
3437,jie92,女,天津市,2024-01-21 17:53:13
3438,wei35,女,呼和浩特市,2024-03-28 07:19:39
3439,fangmo,男,合肥市,2023-11-23 06:41:47
3440,gangsu,男,北京市,2025-04-30 11:59:21
3441,jietang,男,西安市,2025-05-19 00:01:40
3442,cuiyang,女,上海市,2024-09-21 04:09:32
3443,fzhu,男,武汉市,2025-07-26 07:42:11
3444,yongxiang,女,贵阳市,2024-06-11 17:08:25
3445,uwu,男,成都市,2023-07-27 01:03:43
3446,chengtao,女,北京市,2025-08-06 17:55:04
3447,fangyi,女,上海市,2024-02-16 01:50:50
3448,xiuying45,女,长沙市,2025-01-30 23:16:06
3449,minchang,男,青岛市,2025-04-02 00:45:38
3450,rxie,女,重庆市,2025-08-21 12:23:46
3451,chengping,男,广州市,2024-07-31 20:40:26
3452,yanfeng,女,合肥市,2025-08-03 18:47:50
3453,min88,女,合肥市,2025-07-03 21:03:11
3454,qiang17,女,重庆市,2024-12-03 15:31:37
3455,min32,男,南京市,2025-06-30 11:38:47
3456,panyan,女,杭州市,2025-10-23 14:33:45
3457,qiangbai,女,南京市,2025-03-18 03:29:42
3458,chaojin,女,贵阳市,2025-06-13 13:06:09
3459,jingcai,男,上海市,2023-07-21 22:33:13
3460,wuxiuying,女,青岛市,2025-10-09 03:35:39
3461,cyin,男,合肥市,2023-08-18 07:33:59
3462,cuixiuying,男,深圳市,2023-05-27 00:09:28
3463,xiuying21,女,海口市,2024-08-05 11:06:21
3464,chaochen,女,武汉市,2025-01-10 09:46:08
3465,ping22,女,上海市,2023-07-13 22:03:31
3466,qiantao,男,长沙市,2025-05-12 15:15:53
3467,blin,男,上海市,2024-05-12 13:32:58
3468,yhan,男,北京市,2026-01-30 06:15:24
3469,houna,男,南昌市,2025-05-24 05:48:07
3470,xia62,男,武汉市,2026-01-22 05:52:47
3471,min82,男,成都市,2023-05-23 19:37:32
3472,jing00,女,重庆市,2026-04-10 01:14:41
3473,ming11,女,深圳市,2024-08-23 01:08:58
3474,ganglin,女,合肥市,2026-04-26 14:44:32
3475,gzhao,女,成都市,2025-02-24 17:33:54
3476,yong39,女,合肥市,2025-10-08 14:19:53
3477,xiuyinglin,男,上海市,2025-10-01 23:28:18
3478,fang45,男,西安市,2024-08-12 04:13:11
3479,zhaochao,男,杭州市,2025-04-12 14:50:46
3480,qiang13,女,北京市,2024-06-17 16:43:15
3481,fang61,女,上海市,2024-04-04 11:44:50
3482,cuiyong,女,北京市,2026-02-02 04:49:21
3483,qiang05,女,南京市,2025-06-30 00:03:44
3484,chenjie,女,重庆市,2026-03-21 23:17:17
3485,tao57,男,上海市,2025-04-19 02:52:40
3486,guiying65,男,深圳市,2024-04-14 02:21:54
3487,chaohou,男,郑州市,2026-03-23 03:58:25
3488,xiuying31,女,长沙市,2025-04-21 22:03:47
3489,jun43,男,杭州市,2024-07-14 23:52:23
3490,chenna,女,北京市,2024-11-11 23:04:43
3491,tianjie,男,深圳市,2024-06-28 20:54:36
3492,fshen,女,广州市,2024-08-18 21:12:55
3493,lhe,女,北京市,2024-10-11 14:11:31
3494,liangmin,女,广州市,2025-10-22 18:44:10
3495,jie92,男,西安市,2026-01-28 17:34:57
3496,hyu,男,长沙市,2024-07-28 20:34:28
3497,qiang56,男,北京市,2023-11-03 15:02:31
3498,maomin,男,深圳市,2025-12-02 23:30:13
3499,fang19,男,长沙市,2023-08-06 07:38:45
3500,minqiao,女,广州市,2025-02-20 08:12:21
3501,zhangguiying,女,广州市,2024-05-15 13:07:47
3502,daijie,女,成都市,2023-06-11 13:19:33
3503,fanjuan,男,杭州市,2024-10-21 07:13:10
3504,fangkang,女,深圳市,2023-11-19 03:42:27
3505,liangfang,男,成都市,2023-11-14 04:40:16
3506,yinping,男,海口市,2024-08-15 20:22:35
3507,shijun,女,上海市,2025-06-07 08:44:07
3508,fangyuan,男,广州市,2024-03-04 16:54:10
3509,wei03,女,成都市,2023-08-10 18:22:53
3510,jzhu,男,南京市,2023-08-17 09:06:03
3511,mingmo,男,南昌市,2026-01-13 10:47:06
3512,ntian,女,西安市,2023-07-24 16:13:26
3513,gongjun,男,深圳市,2024-10-11 08:29:56
3514,yan92,男,成都市,2024-07-02 05:00:42
3515,xufang,男,北京市,2026-01-31 21:14:59
3516,caoxiuying,女,长沙市,2025-07-08 13:26:10
3517,xiulankong,男,广州市,2024-02-27 19:34:54
3518,mamin,女,深圳市,2023-10-13 19:51:47
3519,yongdong,女,深圳市,2023-05-25 12:05:20
3520,min78,女,杭州市,2024-08-27 18:48:20
3521,nameng,男,杭州市,2024-08-05 02:26:03
3522,wengang,男,贵阳市,2025-10-17 11:16:44
3523,xuexiulan,男,深圳市,2023-10-13 00:35:53
3524,min81,女,上海市,2026-04-11 06:44:30
3525,guiyingcheng,女,青岛市,2023-10-20 11:05:09
3526,plu,男,西安市,2024-01-18 17:55:51
3527,zwen,女,广州市,2024-02-29 15:19:51
3528,xiulanjiang,女,西安市,2024-09-26 08:51:02
3529,mengli,男,兰州市,2025-11-14 11:51:50
3530,gang90,女,北京市,2025-03-19 05:43:01
3531,juan70,女,上海市,2026-04-18 11:20:23
3532,odong,男,南昌市,2024-09-23 23:47:53
3533,jingang,女,深圳市,2023-11-26 19:23:50
3534,yongxiao,女,西安市,2023-05-28 23:52:38
3535,hemin,男,深圳市,2025-08-24 07:44:48
3536,vguo,女,西安市,2025-02-25 06:44:24
3537,gang56,男,长沙市,2024-09-16 19:57:07
3538,taozhao,女,成都市,2026-05-12 17:32:40
3539,gangchang,女,南京市,2023-11-13 11:09:18
3540,xiulan60,男,武汉市,2025-04-01 16:11:34
3541,fyin,男,杭州市,2023-05-27 13:13:20
3542,gcui,女,杭州市,2026-04-03 15:39:25
3543,minyin,女,贵阳市,2024-02-27 08:14:46
3544,xiewei,男,南京市,2025-02-11 01:15:45
3545,jiegao,男,武汉市,2023-06-06 16:50:59
3546,udeng,男,广州市,2025-04-01 11:02:21
3547,chaozeng,男,上海市,2025-05-01 18:24:38
3548,juan22,男,呼和浩特市,2026-03-18 22:52:23
3549,li35,男,青岛市,2024-03-18 08:03:27
3550,ming28,男,合肥市,2024-10-18 03:08:40
3551,dingchao,女,合肥市,2025-06-17 03:20:27
3552,yangtang,男,成都市,2026-03-05 20:39:33
3553,yeming,男,青岛市,2023-10-16 11:46:56
3554,na09,男,重庆市,2023-10-06 18:07:58
3555,mingdeng,女,上海市,2024-07-28 00:36:15
3556,qiang58,女,天津市,2025-11-15 06:40:05
3557,weiyuan,女,上海市,2024-09-23 21:43:57
3558,yongyi,男,北京市,2023-10-09 19:19:38
3559,pyao,男,北京市,2025-10-27 13:41:56
3560,qiang49,女,郑州市,2025-09-07 17:05:38
3561,xia94,男,重庆市,2025-11-11 12:27:03
3562,rjin,女,西安市,2023-12-25 15:30:16
3563,luojing,男,北京市,2025-04-19 05:25:00
3564,xiaqin,女,武汉市,2024-03-30 12:07:12
3565,weixie,男,深圳市,2024-04-04 20:03:03
3566,luyan,女,广州市,2024-10-29 05:34:16
3567,guiying33,女,长沙市,2023-11-14 15:13:08
3568,shixia,女,北京市,2024-09-06 14:22:10
3569,juan49,男,杭州市,2024-05-13 22:19:38
3570,zfu,女,杭州市,2024-05-12 19:54:51
3571,baiyan,女,广州市,2025-10-22 22:48:29
3572,mlin,男,郑州市,2025-09-25 15:36:31
3573,asu,女,贵阳市,2024-05-06 12:25:50
3574,fwei,男,上海市,2023-10-13 14:48:54
3575,juanyang,女,上海市,2025-10-04 20:53:28
3576,chao71,女,郑州市,2024-08-30 04:27:36
3577,sguo,女,广州市,2026-01-21 14:53:00
3578,wujun,女,郑州市,2025-07-27 04:12:59
3579,vzhao,女,上海市,2025-10-28 15:54:01
3580,gangpan,女,杭州市,2023-12-18 19:20:26
3581,yongzou,男,重庆市,2025-02-10 13:08:35
3582,gangpeng,男,北京市,2025-04-08 20:29:59
3583,zchang,女,上海市,2025-04-20 06:40:29
3584,utang,男,海口市,2025-08-30 02:07:59
3585,zouyong,女,合肥市,2024-01-22 19:48:08
3586,naliang,男,上海市,2024-03-13 02:01:47
3587,qqian,男,贵阳市,2025-09-20 06:40:42
3588,xia03,男,南京市,2023-10-30 12:21:02
3589,xiuyinghe,男,合肥市,2023-09-13 02:10:33
3590,gangyin,女,深圳市,2024-09-03 16:22:15
3591,mingdu,女,青岛市,2023-10-23 10:23:41
3592,jun87,女,广州市,2024-08-15 07:02:29
3593,na64,男,成都市,2026-01-06 12:06:50
3594,juanren,男,青岛市,2024-01-24 10:04:16
3595,umeng,男,海口市,2025-12-18 23:26:22
3596,jingang,女,上海市,2023-11-02 23:42:42
3597,yanding,女,南京市,2023-10-30 15:06:59
3598,eluo,女,贵阳市,2026-03-29 02:14:28
3599,yhao,男,北京市,2025-01-07 16:52:24
3600,pzhou,男,广州市,2024-07-14 06:10:28
3601,junlu,女,杭州市,2023-12-02 03:54:27
3602,xia68,男,上海市,2023-07-04 13:02:33
3603,lhu,女,深圳市,2024-04-21 22:43:54
3604,xia42,女,北京市,2024-11-07 21:22:59
3605,sqiao,男,西安市,2023-09-28 01:11:25
3606,yonglai,男,西安市,2023-06-28 13:08:11
3607,zhouchao,女,成都市,2025-08-28 12:51:45
3608,minkong,女,南京市,2025-06-04 16:42:48
3609,guoguiying,女,深圳市,2025-03-09 16:58:15
3610,jiechen,女,呼和浩特市,2024-05-05 02:50:50
3611,ming89,女,北京市,2023-10-30 13:26:40
3612,xshen,男,广州市,2024-03-16 00:48:12
3613,iwu,女,广州市,2023-09-09 20:37:33
3614,shaojuan,女,合肥市,2026-01-11 16:08:10
3615,gonglei,女,郑州市,2024-01-21 22:04:11
3616,gangtian,女,合肥市,2024-09-10 11:05:01
3617,qianggu,男,上海市,2025-03-14 04:43:09
3618,xiulan68,女,深圳市,2024-01-23 02:56:59
3619,duli,男,杭州市,2026-02-22 18:14:24
3620,qiuqiang,男,上海市,2024-10-31 15:02:38
3621,pye,女,贵阳市,2026-04-16 01:10:58
3622,luoqiang,女,成都市,2025-09-23 10:55:19
3623,cuiming,女,成都市,2024-06-29 23:52:47
3624,ihou,男,青岛市,2023-08-09 23:54:16
3625,jie11,男,杭州市,2024-02-25 14:08:02
3626,fliao,女,上海市,2024-07-08 13:57:17
3627,guojuan,男,南京市,2025-10-22 10:24:19
3628,jma,女,杭州市,2025-02-13 04:39:32
3629,haogang,女,成都市,2025-06-01 04:58:24
3630,juan53,男,上海市,2026-05-10 11:03:31
3631,gangzou,女,成都市,2025-01-20 18:03:25
3632,houjie,男,北京市,2023-09-15 18:03:59
3633,junlu,男,杭州市,2026-01-26 11:10:52
3634,gangjia,男,杭州市,2024-09-15 15:56:57
3635,xiahu,女,郑州市,2025-03-29 20:38:28
3636,zyu,男,长沙市,2025-09-07 18:34:46
3637,gangding,女,天津市,2024-12-30 13:31:54
3638,denglei,女,北京市,2024-09-16 05:20:20
3639,qshen,男,杭州市,2024-11-22 18:54:32
3640,ezhang,男,长沙市,2025-05-20 09:44:15
3641,mxiong,男,合肥市,2025-03-30 23:36:20
3642,yongyin,女,北京市,2024-04-20 22:20:07
3643,minqiu,女,上海市,2024-11-16 14:32:15
3644,ming92,女,杭州市,2026-05-11 06:11:48
3645,qiang54,男,广州市,2024-05-17 07:31:51
3646,xiuyingfang,女,杭州市,2025-06-02 10:22:58
3647,cshen,男,北京市,2026-01-26 21:08:22
3648,yanlu,男,深圳市,2024-01-05 13:26:41
3649,guiyingyi,女,深圳市,2024-11-23 16:45:26
3650,tao10,男,长沙市,2024-08-24 21:13:26
3651,chao04,女,广州市,2025-04-10 00:42:20
3652,laina,男,广州市,2025-12-25 11:11:44
3653,jingsong,女,重庆市,2023-11-17 22:01:16
3654,xiuying86,女,广州市,2025-03-01 14:09:45
3655,jiangjie,男,天津市,2024-07-25 17:30:04
3656,juantao,女,杭州市,2025-05-29 23:18:36
3657,qiangtao,男,贵阳市,2023-07-02 16:06:36
3658,li65,男,西安市,2024-04-15 21:03:56
3659,bzhang,男,成都市,2026-04-05 08:25:47
3660,zhaofang,女,武汉市,2024-12-05 03:59:37
3661,mojie,男,呼和浩特市,2024-08-03 14:10:06
3662,jieqiao,男,杭州市,2025-12-14 02:18:04
3663,xmeng,男,合肥市,2025-11-27 14:03:05
3664,xiulanlu,男,杭州市,2024-10-02 07:48:22
3665,qiangmo,女,成都市,2024-06-10 00:43:39
3666,xiulan57,男,武汉市,2025-07-17 06:10:20
3667,min08,女,杭州市,2024-04-03 02:41:50
3668,ezhu,男,北京市,2024-11-03 15:38:24
3669,yanzou,男,上海市,2025-02-14 19:13:23
3670,yonglai,女,长沙市,2025-05-06 18:04:30
3671,weili,男,深圳市,2023-12-29 00:12:33
3672,yandong,女,长沙市,2024-02-20 08:49:40
3673,ujiang,男,上海市,2024-10-15 02:05:19
3674,taoshen,女,南昌市,2024-08-16 09:11:26
3675,xuejie,女,成都市,2024-08-29 18:55:17
3676,yanzou,女,郑州市,2024-03-27 00:22:48
3677,ucai,女,上海市,2025-05-06 07:27:50
3678,guiyingdeng,男,武汉市,2023-11-17 05:49:41
3679,liaomin,女,贵阳市,2024-06-30 17:48:28
3680,yanfu,男,青岛市,2024-10-17 22:36:52
3681,fkong,女,杭州市,2025-08-30 21:36:16
3682,daitao,男,青岛市,2024-03-16 11:49:46
3683,qye,女,西安市,2025-03-01 06:09:31
3684,vding,女,成都市,2026-03-20 03:47:43
3685,cuitao,男,南京市,2025-04-26 11:02:59
3686,yongwan,女,武汉市,2024-03-13 15:43:48
3687,tyu,女,南京市,2025-07-13 15:33:00
3688,jun62,女,杭州市,2023-07-11 09:52:09
3689,leibai,男,西安市,2024-05-21 01:06:58
3690,qiang36,女,杭州市,2023-07-24 09:23:27
3691,shaojie,女,深圳市,2026-04-16 12:17:55
3692,wei96,女,北京市,2025-12-25 21:43:17
3693,min19,女,成都市,2024-01-01 12:29:34
3694,vxie,男,成都市,2025-09-22 16:17:35
3695,li99,女,南昌市,2023-06-04 17:18:18
3696,lei17,男,北京市,2025-04-27 16:35:41
3697,jing29,女,北京市,2023-07-06 19:33:44
3698,lei03,男,北京市,2024-07-06 13:45:22
3699,daijun,男,北京市,2025-08-02 05:12:18
3700,lidu,男,天津市,2025-12-10 08:38:47
3701,guiying64,女,深圳市,2025-12-31 02:09:43
3702,cwei,男,南昌市,2025-09-25 00:05:42
3703,taoyuan,男,深圳市,2024-11-02 08:20:11
3704,dwei,女,西安市,2024-11-29 02:32:54
3705,nhou,女,重庆市,2023-05-31 08:02:46
3706,ping91,女,深圳市,2023-12-21 23:37:32
3707,qiuli,男,郑州市,2025-09-02 18:23:47
3708,gang23,女,兰州市,2024-02-05 21:41:35
3709,xiuying43,女,深圳市,2024-08-29 11:13:03
3710,jingyuan,男,上海市,2024-05-22 21:54:35
3711,wei49,女,南昌市,2025-08-04 03:39:53
3712,fang45,男,呼和浩特市,2024-05-15 09:08:03
3713,na24,男,杭州市,2024-03-19 20:43:22
3714,vsun,女,合肥市,2024-01-28 13:34:40
3715,chaoyan,男,重庆市,2023-08-04 06:51:47
3716,guoyong,男,广州市,2023-11-24 04:03:52
3717,juan91,女,郑州市,2025-05-25 11:57:04
3718,nali,男,广州市,2025-09-29 21:34:48
3719,qiang66,女,杭州市,2024-01-03 21:55:44
3720,yan76,女,青岛市,2023-08-13 20:12:50
3721,na05,男,杭州市,2023-06-17 23:19:43
3722,tianjie,男,杭州市,2023-06-26 10:57:14
3723,yiwei,女,上海市,2024-12-03 15:00:34
3724,xiaxue,男,青岛市,2024-02-16 14:02:37
3725,minwei,女,贵阳市,2024-07-09 23:04:30
3726,xhuang,女,北京市,2026-04-30 03:28:22
3727,xiulanzhu,男,北京市,2026-01-23 20:37:46
3728,vpan,男,南昌市,2026-04-18 08:00:02
3729,shiqiang,女,深圳市,2023-08-03 16:10:49
3730,junqiu,女,西安市,2025-06-25 11:41:40
3731,tjiang,男,南昌市,2025-08-06 15:03:00
3732,juan79,男,北京市,2025-08-21 13:28:42
3733,ping82,女,合肥市,2025-09-19 05:00:08
3734,junwan,女,天津市,2026-05-16 08:08:29
3735,na57,女,成都市,2025-04-07 16:37:01
3736,juanlong,男,郑州市,2025-09-09 11:05:15
3737,ihou,男,南昌市,2024-10-14 12:35:08
3738,duanqiang,女,南京市,2026-03-25 15:10:17
3739,eyao,女,深圳市,2023-11-21 01:33:07
3740,swen,女,青岛市,2026-02-23 06:01:36
3741,zhengyang,女,北京市,2026-03-23 22:59:18
3742,yongwei,男,北京市,2025-08-29 12:33:53
3743,leiyao,女,合肥市,2024-06-24 18:42:44
3744,yangsu,女,上海市,2025-10-21 05:10:10
3745,nalong,男,南京市,2023-12-28 14:54:31
3746,ping25,女,深圳市,2026-02-11 15:28:03
3747,caotao,男,贵阳市,2024-01-13 02:21:12
3748,fangyan,女,上海市,2025-09-02 20:52:41
3749,yansun,男,西安市,2024-01-16 01:53:53
3750,ping71,女,杭州市,2024-08-07 05:31:28
3751,jun39,男,上海市,2024-12-21 03:09:01
3752,weifeng,男,上海市,2023-10-12 08:37:28
3753,xfang,男,西安市,2024-03-08 02:30:43
3754,li73,女,上海市,2025-06-17 06:04:33
3755,wshen,女,青岛市,2026-05-17 03:33:06
3756,daimin,男,武汉市,2025-06-02 10:39:29
3757,majuan,女,成都市,2023-06-17 21:32:48
3758,min98,女,北京市,2023-06-29 15:18:33
3759,juanguo,女,贵阳市,2026-05-02 06:27:38
3760,yyu,女,上海市,2024-11-28 21:44:01
3761,xiulanmo,男,广州市,2025-11-29 14:54:00
3762,yangyan,女,上海市,2025-11-01 11:53:14
3763,yang24,男,长沙市,2026-04-27 14:43:57
3764,bfan,女,成都市,2025-09-13 21:29:58
3765,shaoqiang,女,杭州市,2024-02-10 07:38:25
3766,bding,女,上海市,2026-03-02 23:01:34
3767,qqin,男,重庆市,2024-11-22 04:41:41
3768,dguo,女,广州市,2024-12-06 08:31:56
3769,minghu,女,重庆市,2026-04-30 01:04:44
3770,min18,男,兰州市,2026-04-27 21:33:57
3771,fang91,男,上海市,2026-01-06 23:53:54
3772,fangyin,女,上海市,2024-03-04 02:57:05
3773,taoliao,女,重庆市,2025-01-19 14:58:55
3774,wangjuan,女,上海市,2023-07-11 08:59:13
3775,wujing,女,成都市,2024-01-10 19:43:01
3776,gangqian,男,杭州市,2025-08-18 02:44:09
3777,xia31,男,重庆市,2026-01-19 20:03:54
3778,chao49,男,杭州市,2024-06-03 07:22:27
3779,yang06,男,广州市,2023-05-25 20:44:00
3780,chaogao,男,上海市,2025-04-23 21:44:23
3781,huangchao,女,杭州市,2024-09-10 04:39:57
3782,nfeng,男,成都市,2025-10-11 16:59:23
3783,dhao,男,北京市,2026-01-07 08:36:09
3784,yan61,女,杭州市,2024-11-21 02:20:09
3785,gang99,女,杭州市,2023-09-07 05:59:54
3786,ganggu,男,北京市,2023-10-29 20:17:11
3787,yanliu,女,广州市,2025-06-08 21:57:19
3788,na82,女,南京市,2025-01-11 08:19:35
3789,guiying51,女,合肥市,2024-10-20 01:48:20
3790,uliu,男,成都市,2025-06-04 15:06:25
3791,xiulanmo,男,深圳市,2024-10-23 02:15:32
3792,xwen,男,北京市,2025-11-04 06:28:26
3793,haojuan,男,西安市,2026-01-29 16:34:36
3794,hfang,男,南京市,2024-08-24 08:47:54
3795,huguiying,男,上海市,2023-12-08 12:26:15
3796,yyuan,女,广州市,2024-03-08 03:35:15
3797,chaotan,女,长沙市,2024-01-22 10:30:21
3798,tao63,女,深圳市,2025-05-31 21:05:49
3799,ptan,女,郑州市,2024-07-27 05:25:27
3800,guiying13,男,合肥市,2024-12-12 07:35:26
3801,kangmin,男,深圳市,2026-04-06 03:50:06
3802,nama,男,深圳市,2024-04-08 01:20:19
3803,nshi,男,北京市,2025-02-17 14:53:15
3804,luchao,女,上海市,2026-04-21 18:29:13
3805,lixie,女,南昌市,2024-05-07 00:58:17
3806,xiuying63,女,上海市,2024-12-03 19:05:34
3807,guomin,男,北京市,2023-12-21 11:56:18
3808,jing34,女,成都市,2024-02-16 01:12:55
3809,gang63,女,贵阳市,2023-06-24 15:16:14
3810,guiyingsong,女,武汉市,2026-04-02 04:19:25
3811,udai,男,成都市,2025-02-23 22:08:14
3812,wangping,女,上海市,2024-03-14 01:55:28
3813,tangtao,女,合肥市,2026-02-22 00:18:04
3814,litian,男,西安市,2026-02-04 22:13:17
3815,igao,男,南京市,2023-11-27 10:26:08
3816,eqiu,男,天津市,2025-11-20 07:39:10
3817,minhe,男,深圳市,2024-05-24 17:29:09
3818,ffeng,男,武汉市,2025-07-13 08:07:29
3819,yang52,女,北京市,2026-01-05 11:56:19
3820,etang,男,成都市,2023-08-10 10:43:29
3821,juan11,男,上海市,2025-03-22 15:16:16
3822,lisu,女,重庆市,2023-10-03 04:16:26
3823,yangbai,女,合肥市,2023-09-18 22:35:24
3824,qiang77,男,天津市,2024-05-29 22:00:55
3825,wei56,男,广州市,2026-03-17 10:09:56
3826,zhaoguiying,女,北京市,2025-09-26 20:18:01
3827,maoli,男,郑州市,2024-09-14 07:09:39
3828,lizhong,男,成都市,2024-03-13 05:20:26
3829,jun66,女,重庆市,2024-01-29 04:19:57
3830,qiaoyan,女,北京市,2024-12-13 04:36:27
3831,yangjuan,男,天津市,2023-10-19 06:03:25
3832,jzhong,男,深圳市,2024-05-02 03:19:10
3833,liangyang,男,北京市,2025-11-28 01:40:26
3834,xialuo,男,武汉市,2023-07-25 06:33:56
3835,gangqian,女,长沙市,2023-12-04 04:01:52
3836,leiliang,女,西安市,2026-04-28 02:15:23
3837,iduan,女,广州市,2023-10-19 23:53:19
3838,taoli,女,青岛市,2026-05-18 16:26:39
3839,zzhou,女,兰州市,2024-10-24 21:43:02
3840,wei46,女,深圳市,2024-04-13 17:02:10
3841,mingdai,女,武汉市,2025-11-10 22:47:50
3842,taoxiulan,男,海口市,2025-06-25 17:56:03
3843,ming25,女,北京市,2024-09-10 09:17:47
3844,shaoyan,女,青岛市,2025-07-04 12:45:27
3845,gsong,女,天津市,2024-09-01 01:13:17
3846,ping16,女,北京市,2023-06-17 17:52:24
3847,jinghu,男,广州市,2024-02-15 04:16:10
3848,minglu,女,海口市,2025-10-31 02:39:37
3849,awei,女,青岛市,2025-02-14 17:02:04
3850,tlu,女,天津市,2023-08-08 01:55:07
3851,juan07,男,上海市,2023-09-12 22:28:29
3852,yong49,男,广州市,2026-04-06 07:45:36
3853,mtan,女,成都市,2024-08-19 23:33:22
3854,qbai,女,上海市,2023-11-21 20:09:53
3855,mengwei,男,武汉市,2026-03-27 05:28:34
3856,chaoluo,女,深圳市,2024-07-08 22:05:02
3857,lixie,男,郑州市,2026-04-13 04:04:27
3858,nqiu,女,成都市,2025-10-12 09:02:54
3859,juan96,男,北京市,2025-06-23 08:01:09
3860,gangdu,女,杭州市,2024-08-15 09:20:39
3861,yangxia,男,武汉市,2024-03-08 02:55:28
3862,yliu,男,西安市,2023-06-19 11:44:01
3863,lei89,女,广州市,2024-07-29 20:11:11
3864,li96,女,北京市,2026-05-04 05:03:47
3865,guiying45,男,上海市,2025-11-28 10:35:47
3866,li88,男,广州市,2025-03-06 00:52:19
3867,xiulan48,男,成都市,2025-01-07 07:32:22
3868,fang85,男,天津市,2026-03-14 05:16:48
3869,min78,男,长沙市,2025-03-05 05:02:29
3870,jun77,男,深圳市,2024-09-05 11:40:16
3871,jinlei,男,长沙市,2024-01-29 11:00:05
3872,linjuan,男,深圳市,2024-04-17 23:25:20
3873,xieping,男,南京市,2024-04-20 06:57:43
3874,oqiao,女,呼和浩特市,2026-02-08 00:15:51
3875,li82,男,天津市,2023-06-20 09:45:07
3876,maona,男,合肥市,2024-05-10 17:21:03
3877,pingwen,男,西安市,2025-10-27 17:55:29
3878,yanlei,女,武汉市,2025-10-21 13:01:24
3879,lei00,女,广州市,2024-08-08 04:58:14
3880,shifang,女,北京市,2026-03-28 01:33:11
3881,pguo,女,上海市,2024-11-24 05:18:26
3882,hxia,男,郑州市,2025-02-15 10:10:03
3883,junxu,女,长沙市,2025-12-10 09:04:55
3884,juan19,女,南昌市,2026-05-11 01:13:59
3885,leigao,男,上海市,2026-01-26 11:56:02
3886,ming95,男,贵阳市,2024-05-31 23:53:15
3887,nsong,女,郑州市,2023-11-25 04:36:26
3888,na58,女,合肥市,2025-02-21 11:10:15
3889,yetao,男,上海市,2025-12-26 23:09:14
3890,xiewei,男,西安市,2023-11-22 18:11:49
3891,yan75,男,武汉市,2023-06-30 00:56:47
3892,wei63,男,上海市,2025-11-06 06:42:08
3893,guiying16,女,重庆市,2024-02-16 12:04:41
3894,jieqin,女,上海市,2026-01-14 08:18:45
3895,chao52,女,海口市,2023-10-27 15:37:51
3896,ycui,男,深圳市,2026-05-08 19:42:49
3897,jingxie,男,上海市,2023-07-31 15:55:51
3898,yandong,男,成都市,2025-09-16 02:16:33
3899,fang40,男,北京市,2024-11-06 10:08:25
3900,yanliang,男,杭州市,2024-08-27 07:33:06
3901,huli,男,重庆市,2024-08-15 13:29:17
3902,gang88,女,郑州市,2025-08-31 14:09:13
3903,fsong,女,成都市,2025-11-10 14:06:03
3904,rding,男,天津市,2023-06-09 02:22:26
3905,yixia,男,深圳市,2026-01-06 14:32:46
3906,li16,男,广州市,2023-09-19 08:19:32
3907,xiangjun,女,长沙市,2026-03-03 01:32:25
3908,jundeng,女,上海市,2024-09-23 00:06:28
3909,jiamin,男,深圳市,2023-08-17 14:58:56
3910,jun53,女,杭州市,2025-06-14 23:36:06
3911,mingdeng,女,海口市,2024-03-19 04:19:52
3912,ming97,男,重庆市,2024-05-01 18:30:23
3913,vhou,女,兰州市,2025-05-31 03:31:51
3914,chao08,男,西安市,2024-07-24 09:05:47
3915,sjiang,女,青岛市,2023-06-24 02:03:50
3916,jdong,男,呼和浩特市,2026-04-20 14:18:48
3917,jlei,男,上海市,2025-05-05 13:51:08
3918,zhoujie,男,深圳市,2024-11-24 15:46:30
3919,yan89,女,杭州市,2024-04-06 18:55:35
3920,dingjing,男,天津市,2025-10-03 15:02:03
3921,lhu,男,北京市,2023-08-28 10:55:59
3922,xiuyingguo,女,杭州市,2023-08-09 16:37:53
3923,khe,女,成都市,2024-03-09 02:16:48
3924,baiyang,女,上海市,2024-07-27 05:49:30
3925,jxia,女,长沙市,2025-09-22 00:25:28
3926,xiadong,男,上海市,2025-04-01 13:41:08
3927,mpan,女,北京市,2024-05-07 01:39:45
3928,yan23,女,长沙市,2025-03-14 16:40:46
3929,jiesong,男,北京市,2025-09-23 19:14:47
3930,xiuyingsu,男,重庆市,2024-10-27 22:57:55
3931,chaoshao,女,北京市,2023-06-01 10:59:36
3932,jdeng,男,南昌市,2023-10-07 07:53:40
3933,junzhou,男,呼和浩特市,2024-01-09 07:33:15
3934,xzhang,男,杭州市,2024-08-21 06:01:01
3935,houxiuying,女,北京市,2023-09-14 08:02:59
3936,na15,女,郑州市,2025-11-11 12:51:26
3937,xiulansong,女,上海市,2025-04-02 16:01:57
3938,jieshen,男,深圳市,2024-11-02 06:35:45
3939,na62,男,兰州市,2023-06-30 05:53:11
3940,fliang,女,郑州市,2025-09-08 18:08:28
3941,nacai,男,武汉市,2024-02-10 03:54:06
3942,isu,女,贵阳市,2024-09-28 21:13:08
3943,gmeng,女,成都市,2024-09-10 16:03:49
3944,fang26,男,上海市,2025-07-31 04:10:34
3945,mbai,男,南京市,2025-09-28 13:24:26
3946,xiulanxiao,男,合肥市,2025-12-22 04:46:04
3947,hfu,男,上海市,2025-02-12 03:22:12
3948,yangding,男,杭州市,2024-03-08 18:31:49
3949,junjin,女,北京市,2025-02-18 02:14:02
3950,scai,男,北京市,2024-02-19 08:27:50
3951,xiazou,女,广州市,2025-09-30 08:30:50
3952,juncai,男,杭州市,2023-12-08 09:17:22
3953,lhe,男,杭州市,2023-06-12 20:27:44
3954,psun,男,广州市,2025-10-11 08:27:53
3955,liyan,男,青岛市,2023-09-23 10:47:37
3956,chaoduan,男,北京市,2025-01-08 11:34:43
3957,jun55,女,合肥市,2025-08-04 23:28:20
3958,lei69,女,北京市,2025-04-10 23:57:05
3959,huangjuan,女,青岛市,2024-12-19 10:01:55
3960,ajiang,男,武汉市,2024-10-08 15:45:43
3961,suna,女,郑州市,2024-08-07 04:26:07
3962,lijuan,男,天津市,2023-08-04 21:04:51
3963,gcai,男,青岛市,2025-08-22 11:43:15
3964,yinguiying,女,兰州市,2025-10-23 02:04:53
3965,kfu,男,合肥市,2025-05-29 03:43:28
3966,minghe,男,南京市,2024-12-08 07:20:50
3967,xhao,男,青岛市,2023-08-26 17:50:18
3968,xiechao,男,合肥市,2025-09-14 20:32:19
3969,hzhao,女,青岛市,2024-10-09 03:14:01
3970,chao00,女,武汉市,2025-06-14 06:11:54
3971,taodu,男,武汉市,2025-02-06 08:59:06
3972,yongsu,男,广州市,2024-10-04 15:17:09
3973,qiangsun,男,武汉市,2023-05-30 05:27:18
3974,ebai,男,重庆市,2023-06-20 20:03:04
3975,xia29,女,兰州市,2026-05-11 13:36:57
3976,jing08,女,西安市,2025-10-03 21:07:24
3977,ping71,女,重庆市,2024-03-04 00:17:25
3978,nliao,女,天津市,2023-07-31 09:40:32
3979,sqin,男,深圳市,2025-05-04 15:59:26
3980,weibai,男,天津市,2024-05-22 23:50:09
3981,xiuying47,女,上海市,2025-08-31 06:25:20
3982,ntang,男,上海市,2025-07-24 06:24:38
3983,shenwei,男,郑州市,2026-03-29 10:30:36
3984,dxia,女,北京市,2023-06-26 07:22:57
3985,chaochang,男,杭州市,2025-04-04 00:48:26
3986,leizou,男,南昌市,2026-03-10 04:36:48
3987,xiulan17,男,北京市,2025-07-22 23:12:52
3988,yong58,女,天津市,2024-12-25 22:13:01
3989,cgong,女,武汉市,2023-09-16 07:58:11
3990,jiejin,女,深圳市,2025-09-17 01:41:35
3991,xiuying44,女,成都市,2023-06-25 19:37:31
3992,ohu,女,西安市,2026-03-01 10:19:25
3993,lhu,男,广州市,2025-04-05 22:37:01
3994,mtan,女,天津市,2024-08-02 05:21:46
3995,weiyuan,女,长沙市,2025-09-02 19:25:50
3996,xiuyingli,男,成都市,2024-10-07 23:10:11
3997,gang39,女,北京市,2023-11-22 02:01:24
3998,jie03,女,重庆市,2023-07-16 16:59:50
3999,xzou,男,广州市,2025-05-30 23:50:18
4000,cxia,女,郑州市,2024-11-13 02:08:38
4001,panjie,女,深圳市,2025-12-28 15:30:13
4002,shenlei,女,兰州市,2025-09-15 16:16:43
4003,lizhou,女,广州市,2024-02-12 10:46:00
4004,chaochang,男,广州市,2024-02-25 18:27:43
4005,gang69,女,上海市,2025-02-21 23:05:34
4006,yongtian,男,南京市,2024-10-28 03:02:24
4007,qiang74,女,长沙市,2025-03-10 19:09:24
4008,juandai,男,南昌市,2023-07-02 06:08:47
4009,taodong,女,郑州市,2026-02-17 11:59:20
4010,chaoxue,女,北京市,2024-08-16 05:28:48
4011,juandu,女,南京市,2024-04-05 03:54:18
4012,guiying51,男,广州市,2025-08-07 17:34:02
4013,xiuying85,女,北京市,2023-09-13 13:42:36
4014,minzhou,女,广州市,2025-09-25 23:38:27
4015,yongduan,女,重庆市,2026-02-21 03:26:50
4016,ping59,女,杭州市,2023-09-07 02:31:12
4017,bfeng,男,北京市,2025-11-23 22:12:08
4018,jun44,男,广州市,2023-09-23 10:24:56
4019,dkang,女,长沙市,2023-11-18 06:54:09
4020,zhaoyang,女,杭州市,2025-10-26 05:57:34
4021,tcheng,女,深圳市,2025-04-24 11:04:00
4022,lei87,男,北京市,2026-03-09 06:12:30
4023,chaochang,女,深圳市,2025-01-13 02:34:24
4024,panyong,女,成都市,2025-10-18 10:35:30
4025,zhaoyan,男,合肥市,2023-12-07 11:09:33
4026,xugang,女,北京市,2023-09-08 17:24:01
4027,fangxia,男,广州市,2024-11-22 10:45:47
4028,minghao,女,郑州市,2026-03-11 03:31:53
4029,zhangli,男,广州市,2025-11-26 00:26:00
4030,jing47,男,杭州市,2025-09-06 20:50:40
4031,rpan,男,上海市,2025-12-06 03:30:44
4032,qiujing,男,天津市,2025-07-23 08:15:30
4033,ejia,男,成都市,2025-09-06 10:23:05
4034,xiuying14,女,兰州市,2023-10-30 05:13:34
4035,zhuqiang,男,青岛市,2025-04-14 01:39:54
4036,xiaping,女,成都市,2025-08-29 18:49:01
4037,yan44,男,南昌市,2025-10-30 10:04:17
4038,jinguiying,女,南昌市,2026-01-07 14:57:28
4039,jiewan,女,杭州市,2025-07-18 06:51:26
4040,gang78,男,北京市,2023-10-09 14:55:53
4041,dengjie,女,上海市,2023-12-27 01:32:15
4042,houjie,男,郑州市,2025-03-07 11:50:50
4043,ahuang,女,呼和浩特市,2025-04-30 20:21:28
4044,chaoshao,男,广州市,2024-12-21 07:11:18
4045,fanlei,女,合肥市,2024-03-07 20:15:20
4046,gang81,女,北京市,2025-07-28 01:44:32
4047,zhangjuan,女,上海市,2024-05-17 05:30:48
4048,nazhang,男,青岛市,2025-03-30 23:28:34
4049,minliang,男,杭州市,2024-11-02 04:35:46
4050,caichao,男,北京市,2025-07-19 06:15:20
4051,dzeng,男,杭州市,2024-07-06 12:09:57
4052,xiuyingzhao,女,广州市,2025-05-03 05:09:00
4053,imeng,男,西安市,2024-04-05 01:07:47
4054,yliang,女,重庆市,2025-02-06 18:05:02
4055,chaozhang,男,杭州市,2024-04-12 15:44:36
4056,mingluo,女,深圳市,2024-08-07 23:23:25
4057,wei91,女,兰州市,2026-01-15 15:04:55
4058,min42,女,重庆市,2025-03-23 10:15:14
4059,na30,女,重庆市,2024-05-03 00:55:52
4060,uding,女,杭州市,2025-01-25 10:22:05
4061,wlin,男,上海市,2025-01-24 07:55:27
4062,pingye,女,南京市,2026-05-19 05:21:56
4063,wliao,男,南昌市,2024-11-07 13:34:10
4064,yongwu,女,北京市,2024-12-23 07:18:55
4065,yan29,女,广州市,2023-07-08 03:29:23
4066,namo,女,杭州市,2023-12-12 16:47:55
4067,guiying01,男,北京市,2023-08-06 00:26:09
4068,longguiying,男,重庆市,2025-02-19 00:12:10
4069,zhengtao,女,武汉市,2025-10-15 03:31:31
4070,yichao,男,重庆市,2024-08-27 15:21:54
4071,kongwei,女,兰州市,2023-06-05 02:53:14
4072,chaoyu,男,深圳市,2023-09-27 18:36:29
4073,xuejing,男,长沙市,2024-11-22 05:39:21
4074,tianjing,女,杭州市,2025-01-10 18:55:50
4075,xiulan79,女,杭州市,2024-04-24 04:44:00
4076,dqin,女,深圳市,2025-11-04 00:53:46
4077,vli,女,天津市,2026-04-21 23:01:03
4078,yanxiao,女,重庆市,2024-08-29 23:15:48
4079,axiong,男,南京市,2025-10-27 08:53:15
4080,chao94,女,青岛市,2024-02-12 13:42:59
4081,shaoxia,男,西安市,2025-06-13 07:05:20
4082,zfu,男,南京市,2024-07-16 19:01:32
4083,min21,女,贵阳市,2024-12-15 00:31:06
4084,zhuyong,男,杭州市,2025-10-15 06:17:39
4085,caiyang,男,上海市,2023-07-05 09:21:43
4086,tao19,男,北京市,2025-09-25 16:59:10
4087,yangcheng,女,广州市,2023-12-01 10:13:38
4088,na25,女,郑州市,2024-10-20 11:01:29
4089,weihu,男,长沙市,2025-05-06 06:57:21
4090,jing51,女,郑州市,2023-11-02 21:13:11
4091,huxiuying,女,深圳市,2025-03-25 07:56:42
4092,weizheng,男,北京市,2025-04-10 18:16:53
4093,gang27,男,成都市,2024-02-12 22:33:36
4094,xiahuang,男,北京市,2025-06-24 15:59:57
4095,zyao,男,武汉市,2025-07-14 23:01:00
4096,li30,女,长沙市,2025-01-20 22:12:49
4097,qyang,男,西安市,2024-12-27 14:11:28
4098,uzhang,女,长沙市,2023-09-22 01:24:12
4099,sshen,男,兰州市,2025-05-17 04:34:25
4100,pingzhou,男,上海市,2023-10-05 09:27:42
4101,ezhao,女,南昌市,2025-07-01 16:49:09
4102,clong,男,青岛市,2023-05-25 15:47:09
4103,qiang25,女,青岛市,2026-02-20 22:50:22
4104,nqian,女,上海市,2025-04-04 15:49:52
4105,shaoming,女,长沙市,2024-08-01 05:14:40
4106,chengtao,女,西安市,2025-04-03 16:40:31
4107,guiying26,男,上海市,2025-02-27 14:35:56
4108,qiaojuan,男,杭州市,2024-10-01 01:51:59
4109,chaowei,女,南京市,2025-08-28 17:45:33
4110,chenqiang,女,北京市,2024-09-14 20:49:47
4111,xiulan74,女,天津市,2024-03-09 01:39:38
4112,jun08,男,深圳市,2026-03-04 03:07:48
4113,jingkong,男,杭州市,2025-02-08 03:12:51
4114,jieyao,女,北京市,2024-12-19 14:09:53
4115,ming66,男,成都市,2026-01-18 00:42:08
4116,szhang,女,合肥市,2023-07-19 22:41:04
4117,zlong,男,重庆市,2024-08-23 08:22:43
4118,yan21,女,武汉市,2026-02-04 02:41:29
4119,gongjuan,男,成都市,2025-03-28 20:39:01
4120,ming46,男,广州市,2025-07-23 09:35:25
4121,junyu,男,北京市,2025-07-16 10:04:42
4122,bqin,女,重庆市,2025-09-11 03:43:41
4123,caowei,女,深圳市,2024-04-26 13:36:38
4124,sjin,男,西安市,2025-10-31 12:47:37
4125,li98,女,南京市,2023-07-04 20:01:55
4126,xiuyingduan,女,上海市,2024-05-17 19:47:57
4127,xiulanhe,男,深圳市,2025-06-07 20:41:19
4128,yan87,男,广州市,2024-11-20 04:34:45
4129,yangyu,男,青岛市,2024-03-19 12:22:00
4130,shaochao,女,海口市,2024-01-25 23:20:55
4131,wei93,女,海口市,2024-01-18 13:00:06
4132,fwen,男,北京市,2024-02-28 19:19:54
4133,yong50,男,郑州市,2025-06-26 06:08:17
4134,moyang,女,西安市,2025-05-21 07:00:54
4135,lsu,男,成都市,2025-09-12 04:13:33
4136,cjiang,女,南京市,2024-12-24 09:54:59
4137,tao79,女,杭州市,2025-08-14 00:35:13
4138,dengjie,女,武汉市,2023-07-14 05:43:10
4139,caiyan,女,上海市,2026-02-21 20:47:30
4140,ping81,女,长沙市,2025-04-23 13:07:14
4141,xia89,男,郑州市,2026-03-19 07:53:35
4142,qiaoli,女,呼和浩特市,2024-05-12 12:10:01
4143,dyi,女,上海市,2026-04-16 09:42:04
4144,lzheng,男,杭州市,2025-09-30 17:18:27
4145,yonggu,男,重庆市,2024-08-01 00:43:26
4146,longjuan,男,武汉市,2023-08-31 10:04:07
4147,yan98,男,贵阳市,2026-04-14 22:29:35
4148,mingcao,女,海口市,2023-12-02 14:16:06
4149,clei,女,北京市,2024-02-01 10:32:45
4150,jing98,男,郑州市,2023-07-25 05:31:15
4151,xiachen,女,青岛市,2026-02-19 04:09:02
4152,hanli,女,天津市,2024-02-11 11:11:14
4153,chao29,女,合肥市,2025-08-25 02:44:31
4154,tcai,女,深圳市,2026-02-15 22:27:27
4155,cpeng,男,呼和浩特市,2024-05-24 13:06:02
4156,xuejuan,男,杭州市,2024-09-09 00:07:44
4157,qiaoyan,女,上海市,2024-09-19 11:57:00
4158,liqiao,男,合肥市,2025-12-07 05:43:50
4159,zkang,男,北京市,2024-03-21 13:32:49
4160,jing92,男,广州市,2026-05-03 11:04:32
4161,gang79,男,南京市,2023-07-27 10:23:44
4162,ming06,男,重庆市,2024-01-13 10:08:53
4163,li02,男,兰州市,2025-11-29 06:52:20
4164,shijie,男,广州市,2026-01-30 01:45:38
4165,vyang,女,武汉市,2024-01-04 15:12:39
4166,tangjun,男,北京市,2025-05-09 00:59:31
4167,taoxie,女,上海市,2024-05-12 13:53:14
4168,fang31,女,北京市,2023-07-29 11:49:15
4169,ubai,女,广州市,2026-03-31 17:39:26
4170,gongwei,女,郑州市,2024-04-03 10:54:31
4171,min73,男,合肥市,2024-02-16 20:47:02
4172,qiangma,女,南京市,2023-12-16 10:41:33
4173,uwen,男,上海市,2024-08-20 01:48:33
4174,nayu,男,天津市,2026-02-20 06:26:49
4175,wei19,女,北京市,2023-09-07 06:19:13
4176,chenfang,男,青岛市,2026-02-26 13:38:55
4177,shenjing,女,天津市,2026-02-26 05:53:11
4178,dingyong,男,郑州市,2024-11-30 15:33:49
4179,guomin,女,杭州市,2023-05-29 21:29:57
4180,qianglai,男,青岛市,2025-08-27 00:53:05
4181,mingmo,男,上海市,2024-08-12 09:50:28
4182,mmeng,女,海口市,2023-06-25 12:11:38
4183,tyao,女,北京市,2024-11-28 06:59:05
4184,fang29,女,南昌市,2024-07-15 18:07:06
4185,yanren,男,天津市,2026-03-20 07:01:34
4186,ydu,男,北京市,2026-01-06 16:14:51
4187,xiajia,女,重庆市,2024-03-13 13:59:56
4188,houxiulan,男,广州市,2026-02-14 19:55:29
4189,wei54,女,南京市,2025-08-09 18:03:25
4190,jma,女,贵阳市,2023-06-14 07:54:17
4191,min54,女,武汉市,2023-08-06 21:11:10
4192,cyuan,女,成都市,2025-05-02 09:24:42
4193,juan55,女,北京市,2025-05-04 17:09:09
4194,oduan,女,深圳市,2024-11-14 22:10:59
4195,dtang,女,杭州市,2024-02-06 03:00:13
4196,zengjing,男,广州市,2024-05-27 08:26:11
4197,jun57,男,杭州市,2023-08-26 19:20:43
4198,nalai,女,北京市,2023-12-24 03:51:40
4199,longfang,女,上海市,2024-03-12 23:41:12
4200,ozhu,男,深圳市,2026-04-19 17:52:42
4201,xiulan99,女,成都市,2024-03-27 12:51:36
4202,xiuyingyuan,男,呼和浩特市,2026-03-18 06:03:39
4203,qiang60,男,重庆市,2025-06-30 19:47:09
4204,jing86,女,天津市,2024-12-18 05:54:45
4205,huangli,女,广州市,2023-10-10 21:17:56
4206,tao47,女,长沙市,2024-11-28 03:25:25
4207,ozhong,女,广州市,2024-06-26 20:41:20
4208,xiulanxie,女,杭州市,2024-02-14 08:34:03
4209,xiuyingkang,男,广州市,2025-05-23 00:38:25
4210,hpeng,女,上海市,2025-01-13 09:05:09
4211,jianggang,男,上海市,2025-02-09 23:53:26
4212,qiang71,男,长沙市,2023-08-16 10:33:19
4213,duqiang,男,青岛市,2024-05-02 20:49:26
4214,caona,男,成都市,2024-02-24 13:17:33
4215,yelei,男,长沙市,2025-01-18 18:36:24
4216,laiqiang,女,深圳市,2025-10-30 22:33:09
4217,yumin,女,上海市,2023-05-26 09:57:27
4218,fanping,男,重庆市,2024-03-09 12:17:52
4219,tluo,男,青岛市,2025-07-21 16:22:25
4220,xiachao,男,武汉市,2024-03-18 05:39:03
4221,jzhong,男,上海市,2023-08-23 01:54:17
4222,vhe,男,北京市,2023-11-14 13:36:53
4223,fliu,男,武汉市,2026-04-08 10:53:45
4224,guiyingpeng,男,贵阳市,2025-09-15 12:37:24
4225,qiang43,男,杭州市,2024-12-18 11:22:17
4226,daiguiying,女,南京市,2023-08-03 14:31:20
4227,xiaona,男,青岛市,2024-07-06 03:05:10
4228,huangfang,女,广州市,2025-01-11 15:45:29
4229,laiping,男,南京市,2023-10-16 04:07:12
4230,jing09,男,重庆市,2024-07-24 21:10:58
4231,ping90,男,北京市,2024-03-03 05:14:11
4232,luoxiulan,女,长沙市,2023-10-31 01:28:41
4233,na32,女,西安市,2025-10-02 03:50:26
4234,leixia,男,成都市,2023-12-28 17:53:40
4235,yong34,男,成都市,2023-09-27 07:24:40
4236,pingmo,女,天津市,2023-07-01 09:24:06
4237,junhuang,女,南昌市,2024-07-28 01:41:00
4238,hwu,男,重庆市,2025-06-28 12:34:45
4239,qlu,男,深圳市,2023-09-27 15:01:27
4240,xiulan62,男,呼和浩特市,2025-09-11 02:45:13
4241,fangyan,女,合肥市,2024-07-16 16:15:20
4242,guiyingyu,女,成都市,2024-12-13 08:41:12
4243,uxu,男,南京市,2024-04-20 11:22:45
4244,lhou,女,南昌市,2025-11-25 14:04:11
4245,juanli,男,天津市,2025-02-18 12:08:40
4246,xiejuan,女,成都市,2024-11-11 19:27:10
4247,gang76,女,西安市,2025-09-27 15:44:57
4248,gwen,女,广州市,2025-07-04 01:02:56
4249,qiang00,男,郑州市,2025-01-11 11:39:29
4250,wengang,女,郑州市,2025-11-25 06:46:01
4251,baiyang,女,深圳市,2024-09-18 03:22:35
4252,gangkong,女,广州市,2023-07-08 04:40:36
4253,mingyin,男,北京市,2025-12-19 10:10:43
4254,jie65,女,重庆市,2023-06-11 16:34:11
4255,weidai,女,深圳市,2023-07-30 04:58:45
4256,fqiu,女,青岛市,2026-03-22 10:52:04
4257,guiying31,男,南昌市,2025-02-08 07:27:50
4258,gpan,男,上海市,2024-09-29 07:24:57
4259,qiaoyan,男,青岛市,2024-01-28 10:34:29
4260,yujuan,女,合肥市,2025-05-11 05:27:53
4261,yang52,女,深圳市,2025-01-29 06:38:51
4262,guiyinglong,女,上海市,2025-01-24 23:39:00
4263,zengyang,男,兰州市,2026-01-10 04:26:10
4264,mali,男,北京市,2024-01-16 09:19:02
4265,tao76,男,南京市,2024-09-06 17:33:44
4266,junchang,女,杭州市,2026-05-20 09:29:51
4267,tiantao,男,南昌市,2023-08-23 22:26:53
4268,tao26,女,深圳市,2025-06-14 05:45:10
4269,kren,男,重庆市,2026-04-26 01:04:44
4270,jyao,女,成都市,2025-05-18 22:41:19
4271,taodu,女,成都市,2026-05-11 21:26:50
4272,linjing,女,杭州市,2025-06-02 21:39:10
4273,jing54,男,武汉市,2023-12-12 12:12:10
4274,yongwei,男,青岛市,2025-03-03 02:08:30
4275,rfu,女,上海市,2023-07-23 02:43:31
4276,ulu,女,成都市,2024-11-04 18:28:00
4277,fangliao,男,重庆市,2025-12-07 11:29:29
4278,gangtan,男,杭州市,2026-03-25 01:58:15
4279,minhao,女,郑州市,2023-07-21 08:09:21
4280,min70,男,重庆市,2024-12-13 10:21:28
4281,leizhong,女,成都市,2025-01-02 08:57:56
4282,lei83,女,北京市,2024-04-04 00:33:18
4283,xiajia,男,南昌市,2024-03-27 06:13:24
4284,zxie,女,重庆市,2024-08-14 07:21:30
4285,taotian,男,成都市,2026-05-17 10:10:35
4286,yangxiang,女,北京市,2025-07-06 00:18:40
4287,gang92,男,长沙市,2024-12-14 17:11:22
4288,tao32,女,深圳市,2025-12-31 05:13:51
4289,juan67,男,北京市,2025-01-15 17:20:52
4290,bdong,男,南京市,2025-09-04 21:14:41
4291,hefang,男,深圳市,2026-03-08 10:03:04
4292,xia65,女,杭州市,2024-12-02 23:02:02
4293,yan87,女,郑州市,2024-02-04 22:39:42
4294,qianglin,男,郑州市,2025-07-31 20:39:55
4295,ulei,男,杭州市,2025-08-21 09:08:57
4296,renchao,男,贵阳市,2024-10-20 01:54:02
4297,gangbai,女,深圳市,2024-04-01 04:59:39
4298,wanyan,女,合肥市,2025-07-16 08:26:54
4299,jieyuan,男,广州市,2025-04-24 06:47:14
4300,guiyingliang,女,成都市,2023-07-29 13:34:47
4301,iguo,女,重庆市,2024-05-22 21:33:18
4302,yanghe,男,上海市,2023-11-12 18:30:30
4303,lujing,男,北京市,2024-02-21 19:42:05
4304,lei34,男,广州市,2024-11-29 05:48:51
4305,vhe,女,成都市,2024-01-17 19:55:46
4306,guiying21,男,武汉市,2025-10-15 23:29:22
4307,yong13,女,西安市,2024-04-05 17:01:49
4308,liangxiuying,男,广州市,2025-03-08 10:08:12
4309,uxu,女,贵阳市,2024-05-05 11:54:47
4310,guiyingpeng,男,深圳市,2025-06-23 15:36:03
4311,chaotian,男,北京市,2025-08-08 03:46:42
4312,rliu,男,海口市,2025-05-27 03:38:22
4313,junchen,女,上海市,2025-11-15 11:42:37
4314,hhu,男,青岛市,2025-12-05 01:06:13
4315,nhe,男,广州市,2024-11-23 09:43:12
4316,cqiu,男,广州市,2024-12-04 18:46:48
4317,phuang,女,重庆市,2023-05-22 07:07:51
4318,wanyang,男,深圳市,2026-02-17 08:03:44
4319,xiulan04,男,北京市,2024-11-18 01:04:20
4320,xqin,女,海口市,2025-09-26 20:25:22
4321,chao50,男,北京市,2023-07-12 09:48:19
4322,ejia,女,上海市,2025-08-26 21:03:59
4323,jie79,男,长沙市,2023-08-18 08:30:12
4324,yanding,男,西安市,2025-09-27 19:02:18
4325,xiuyinggong,男,重庆市,2025-12-14 05:27:45
4326,jun41,女,青岛市,2025-06-26 23:58:44
4327,nhan,男,合肥市,2025-03-17 08:14:28
4328,cuixiuying,女,上海市,2024-12-19 00:11:36
4329,guiyingxie,男,北京市,2024-09-05 23:26:17
4330,lxue,男,北京市,2023-05-27 05:04:54
4331,xiulantang,男,贵阳市,2026-03-29 15:41:42
4332,minghu,男,郑州市,2023-06-28 18:32:40
4333,fangduan,女,青岛市,2023-10-05 08:20:18
4334,wutao,女,南昌市,2026-03-12 22:27:01
4335,swei,男,郑州市,2024-06-09 22:20:47
4336,guiyinghuang,男,广州市,2025-05-21 11:15:35
4337,taoqin,女,长沙市,2025-12-01 10:41:02
4338,gangsun,女,西安市,2025-09-28 01:49:35
4339,xia15,女,郑州市,2025-03-31 18:41:07
4340,qiangfeng,女,北京市,2026-05-07 12:56:34
4341,gang84,女,郑州市,2025-11-06 16:44:27
4342,renping,男,成都市,2023-06-27 03:17:22
4343,jiegu,女,西安市,2025-01-01 18:49:01
4344,min07,女,南京市,2024-04-19 11:11:32
4345,zyu,男,杭州市,2023-09-23 10:40:04
4346,fang60,男,武汉市,2023-07-09 23:51:07
4347,eding,女,武汉市,2023-10-20 03:33:53
4348,qiuxiuying,男,郑州市,2026-02-10 09:08:08
4349,zhaoping,男,上海市,2024-04-17 19:40:10
4350,yang19,男,成都市,2023-12-13 05:40:31
4351,tcai,男,上海市,2024-02-09 03:22:27
4352,pingqin,男,成都市,2024-09-02 16:48:00
4353,leimeng,男,杭州市,2025-10-11 09:28:42
4354,nasun,女,长沙市,2023-06-16 06:00:38
4355,weijiang,男,深圳市,2024-09-19 06:30:24
4356,min43,女,武汉市,2026-05-11 12:28:30
4357,sfeng,男,成都市,2024-10-27 15:00:32
4358,ucao,女,南京市,2023-12-09 15:24:26
4359,kma,男,青岛市,2023-05-28 02:17:06
4360,xiuying18,男,杭州市,2026-04-28 02:42:35
4361,fxie,女,天津市,2025-11-10 05:30:36
4362,chao77,女,合肥市,2025-12-28 13:02:14
4363,xiadong,女,西安市,2024-07-31 05:15:16
4364,czou,女,青岛市,2023-06-25 06:56:03
4365,dwang,男,贵阳市,2025-04-06 13:10:54
4366,lei96,男,深圳市,2024-06-10 15:11:20
4367,xiaqiu,男,北京市,2024-01-28 23:17:23
4368,liaoli,男,杭州市,2024-03-06 03:15:23
4369,laiwei,女,成都市,2024-08-11 22:33:18
4370,juanye,女,武汉市,2026-04-08 11:19:10
4371,xiashi,男,天津市,2026-05-18 08:51:51
4372,luyang,女,南京市,2026-05-16 19:15:45
4373,yanpan,男,青岛市,2024-01-17 19:43:29
4374,tdong,男,青岛市,2024-05-31 12:50:54
4375,jie58,男,合肥市,2024-08-16 07:02:25
4376,tao63,女,青岛市,2025-06-24 23:48:46
4377,xia62,女,广州市,2025-05-07 04:11:03
4378,xiulanzeng,女,武汉市,2023-07-30 03:00:41
4379,gang44,女,海口市,2023-10-16 10:28:20
4380,tao68,女,上海市,2026-04-07 02:24:29
4381,chaohao,女,杭州市,2024-01-03 22:20:07
4382,li83,女,广州市,2023-11-08 04:46:56
4383,fangyang,女,南昌市,2026-01-20 12:26:48
4384,yinxiulan,女,西安市,2024-10-18 07:36:31
4385,chaosu,女,杭州市,2025-09-08 14:07:50
4386,gwu,男,郑州市,2024-05-23 11:32:23
4387,junyin,女,北京市,2025-07-11 09:14:47
4388,phe,男,海口市,2025-11-03 06:41:04
4389,rtian,女,深圳市,2023-09-29 07:03:13
4390,hkang,男,重庆市,2024-05-02 19:39:29
4391,yan80,女,北京市,2025-03-02 01:27:38
4392,zhouming,男,重庆市,2026-05-15 02:17:13
4393,yanduan,女,成都市,2026-04-10 11:59:44
4394,xiulan67,男,杭州市,2025-10-27 09:12:34
4395,taoliao,男,深圳市,2026-04-19 14:20:50
4396,yongxie,男,青岛市,2023-05-24 04:45:18
4397,shenxiulan,男,郑州市,2023-11-19 17:17:15
4398,jiangchao,女,杭州市,2024-10-05 19:23:06
4399,li60,男,青岛市,2024-07-09 19:06:45
4400,guiying30,男,成都市,2023-07-29 16:31:31
4401,kongli,女,上海市,2024-08-12 14:53:37
4402,ming73,男,广州市,2023-12-22 17:30:12
4403,xiaoyang,男,上海市,2025-01-05 11:14:46
4404,xiewei,男,深圳市,2025-12-29 13:48:28
4405,taowu,男,天津市,2025-04-14 20:01:37
4406,panna,女,北京市,2024-09-24 08:17:20
4407,xiulan47,女,深圳市,2025-08-02 09:11:48
4408,icai,男,成都市,2024-12-19 21:59:58
4409,jiangyang,女,武汉市,2026-04-17 15:19:00
4410,mingmao,男,南京市,2025-07-10 08:24:55
4411,qiulei,女,成都市,2024-09-21 04:31:41
4412,yan47,男,广州市,2023-10-19 02:03:00
4413,ojin,女,成都市,2023-10-08 01:59:37
4414,nawu,女,上海市,2025-04-06 21:43:50
4415,ulin,女,重庆市,2024-09-25 14:29:20
4416,mingyin,女,南昌市,2023-11-11 14:40:40
4417,xiangyan,女,重庆市,2025-06-27 00:20:53
4418,gaoxiulan,男,合肥市,2025-02-11 04:36:20
4419,haoxia,女,重庆市,2025-01-17 13:48:08
4420,fanfang,女,深圳市,2025-09-26 01:17:46
4421,fengjie,男,上海市,2023-10-25 01:09:05
4422,jliu,女,合肥市,2023-10-19 16:14:44
4423,xiulandong,女,广州市,2023-05-24 23:39:50
4424,oyuan,女,上海市,2023-09-18 03:38:37
4425,lisong,女,深圳市,2025-02-08 19:36:18
4426,daili,女,成都市,2026-05-04 01:06:01
4427,ewan,男,北京市,2025-02-25 20:23:39
4428,dongyang,女,郑州市,2024-03-13 23:56:21
4429,jing65,女,西安市,2024-02-12 08:41:09
4430,guiying26,男,北京市,2025-11-20 14:26:24
4431,xia65,女,深圳市,2025-02-10 02:21:52
4432,xkang,男,重庆市,2026-05-13 03:03:36
4433,yong58,女,广州市,2024-06-04 22:21:06
4434,fangchen,男,青岛市,2024-07-23 05:59:34
4435,xiamo,男,武汉市,2025-11-30 17:27:03
4436,xuyan,女,成都市,2025-04-21 23:21:50
4437,mengna,男,广州市,2024-10-11 18:07:40
4438,liyan,女,深圳市,2024-04-18 06:48:05
4439,yanshen,女,北京市,2023-12-18 14:39:34
4440,yangqian,男,西安市,2025-10-12 04:21:49
4441,kangxiulan,女,广州市,2025-07-17 00:31:44
4442,jiaping,女,南京市,2024-08-31 04:02:36
4443,yan29,女,北京市,2025-09-14 23:51:36
4444,pli,女,上海市,2023-11-16 04:30:58
4445,qqin,男,北京市,2023-09-07 12:01:56
4446,shichao,男,重庆市,2025-03-24 07:17:05
4447,minhou,女,西安市,2024-12-21 09:03:32
4448,na44,女,上海市,2024-10-25 23:16:54
4449,tzhang,男,杭州市,2023-12-29 01:56:15
4450,juanzhang,男,北京市,2023-06-08 14:53:55
4451,ntao,女,北京市,2024-05-08 12:44:15
4452,taoliu,男,杭州市,2025-11-15 02:02:30
4453,weilai,男,杭州市,2024-01-02 22:55:43
4454,shaoping,女,南昌市,2023-09-16 00:50:16
4455,zhuqiang,女,杭州市,2024-12-19 16:03:54
4456,rdai,男,上海市,2023-10-05 13:12:08
4457,bzhong,女,重庆市,2024-09-05 03:44:31
4458,uxu,男,长沙市,2023-09-12 16:56:13
4459,baiyang,女,北京市,2024-06-17 16:05:38
4460,dengqiang,女,郑州市,2025-02-07 02:50:25
4461,wanxiuying,男,武汉市,2026-01-20 15:46:16
4462,liyuan,男,广州市,2024-05-27 21:38:10
4463,jgu,女,深圳市,2024-04-12 15:26:40
4464,jiezheng,男,北京市,2023-12-09 23:42:47
4465,bxiang,女,天津市,2023-12-10 04:42:37
4466,changjie,男,武汉市,2023-10-15 08:45:46
4467,yan30,女,北京市,2024-10-02 01:10:03
4468,ychen,女,武汉市,2023-06-04 06:50:56
4469,xiangmin,女,贵阳市,2024-03-13 23:37:04
4470,chao69,女,广州市,2026-03-17 00:31:19
4471,leiduan,女,重庆市,2025-01-21 15:05:56
4472,pingzheng,女,北京市,2024-01-11 06:52:18
4473,fangzou,男,北京市,2026-02-16 06:27:20
4474,renchao,女,杭州市,2023-09-30 18:48:46
4475,limeng,女,西安市,2024-07-23 23:01:40
4476,yangma,女,北京市,2025-04-13 22:03:21
4477,yangdu,男,武汉市,2024-10-15 08:18:31
4478,fang17,女,重庆市,2025-07-18 09:59:55
4479,laijuan,女,武汉市,2026-05-08 06:52:52
4480,khou,男,天津市,2026-05-20 05:40:36
4481,houyan,女,重庆市,2026-01-21 13:52:37
4482,xiuyingyin,男,上海市,2025-10-28 17:52:47
4483,wshi,男,北京市,2025-03-12 18:58:29
4484,ping87,女,西安市,2024-11-09 00:59:15
4485,tbai,男,广州市,2025-11-09 23:25:57
4486,changjun,男,北京市,2025-01-18 10:04:38
4487,weitao,女,成都市,2024-05-28 12:04:24
4488,zouqiang,男,上海市,2024-07-11 21:31:56
4489,ping13,男,北京市,2024-12-18 06:38:40
4490,wenjing,女,北京市,2025-05-04 04:03:18
4491,ychen,男,青岛市,2026-03-29 00:48:02
4492,junmo,男,杭州市,2025-03-07 02:09:04
4493,jinxia,男,广州市,2024-11-18 21:47:27
4494,gangdeng,女,贵阳市,2024-02-11 02:25:22
4495,rxu,女,深圳市,2025-05-08 22:11:13
4496,yang09,男,武汉市,2024-01-04 18:35:13
4497,maoguiying,男,广州市,2026-04-12 08:29:07
4498,laiming,女,北京市,2026-02-27 07:37:15
4499,ping13,男,重庆市,2025-07-22 10:51:34
4500,jun81,女,广州市,2024-04-10 12:46:09
4501,mding,女,海口市,2024-02-25 14:51:37
4502,wei20,男,广州市,2026-04-14 08:52:01
4503,mzhang,男,广州市,2024-09-22 15:30:24
4504,gangxie,女,杭州市,2024-04-08 09:10:20
4505,dengjing,女,上海市,2024-08-06 13:34:28
4506,wenqiang,女,天津市,2026-03-01 09:54:34
4507,lijuan,女,长沙市,2025-01-17 16:55:36
4508,songxiulan,女,武汉市,2025-03-23 00:42:26
4509,mluo,女,青岛市,2024-06-10 15:18:15
4510,zengjing,男,长沙市,2025-01-31 03:42:41
4511,ggong,男,武汉市,2023-06-24 06:06:20
4512,taohan,女,北京市,2024-12-20 17:39:16
4513,guiying72,女,广州市,2025-02-09 20:06:05
4514,shaotao,女,北京市,2025-12-10 08:37:05
4515,fma,女,北京市,2024-01-15 11:08:24
4516,min60,男,上海市,2024-11-23 16:02:10
4517,zhongguiying,男,成都市,2025-01-26 00:13:47
4518,chaolin,女,长沙市,2025-10-29 10:43:56
4519,tao05,男,重庆市,2025-11-22 22:56:29
4520,jingsong,男,北京市,2025-11-26 17:29:02
4521,xiuying40,男,成都市,2025-08-20 07:38:22
4522,jingsun,男,成都市,2024-04-16 00:29:41
4523,minzhao,男,北京市,2025-02-01 19:18:10
4524,uzhong,女,上海市,2023-09-21 20:34:04
4525,jxiong,男,武汉市,2025-01-13 16:11:15
4526,renxia,女,上海市,2024-09-25 18:40:28
4527,fangtian,女,武汉市,2026-03-14 11:00:50
4528,xxiong,女,深圳市,2024-01-02 15:57:11
4529,na59,女,广州市,2024-03-04 05:39:48
4530,guiying54,女,杭州市,2026-01-21 11:25:23
4531,qfan,女,重庆市,2025-05-10 16:28:16
4532,xiulan26,男,深圳市,2023-10-04 08:39:22
4533,cuijing,女,青岛市,2025-02-19 11:05:11
4534,fanjing,女,成都市,2024-04-09 05:40:43
4535,xhu,男,上海市,2026-01-24 05:17:23
4536,guiyingding,男,重庆市,2023-05-30 15:56:13
4537,chaosu,男,广州市,2024-11-21 15:25:30
4538,xiuying96,男,南京市,2024-04-04 10:39:22
4539,qiangfu,男,天津市,2025-12-19 17:55:35
4540,jchang,女,郑州市,2025-03-19 15:22:28
4541,yuanping,女,北京市,2025-10-14 10:02:59
4542,qinxiulan,男,成都市,2024-10-17 12:29:23
4543,yong72,男,南昌市,2025-02-21 18:09:45
4544,na53,男,南昌市,2023-09-23 12:49:45
4545,chaoxia,男,成都市,2026-05-16 20:06:47
4546,uyuan,女,武汉市,2023-08-22 16:43:02
4547,fangjiang,女,青岛市,2024-04-08 07:59:28
4548,aren,女,武汉市,2023-12-09 01:43:56
4549,yinyang,女,杭州市,2025-12-09 00:53:29
4550,lzeng,女,天津市,2024-08-31 09:52:39
4551,uqiu,男,天津市,2026-04-21 13:53:32
4552,fangwei,男,西安市,2023-10-10 13:25:52
4553,min61,女,北京市,2024-09-26 02:14:33
4554,qyang,女,成都市,2024-05-30 22:19:29
4555,sgong,女,西安市,2025-02-10 23:53:44
4556,jingzhao,男,南京市,2025-11-04 08:09:05
4557,gang78,女,杭州市,2025-02-04 00:54:20
4558,ping32,女,合肥市,2024-04-22 05:58:38
4559,dingna,女,重庆市,2024-11-25 05:40:13
4560,guiyingwen,男,南昌市,2023-08-06 13:20:56
4561,leicheng,女,长沙市,2023-12-20 09:27:33
4562,gxiao,男,天津市,2025-09-26 10:12:56
4563,xiulanshao,男,上海市,2025-04-05 07:54:07
4564,uhan,男,海口市,2025-10-02 01:54:27
4565,haoxiuying,男,成都市,2025-07-03 17:33:31
4566,yancao,男,南京市,2023-06-21 14:03:09
4567,gshi,女,上海市,2025-07-02 23:54:59
4568,leiming,男,北京市,2024-09-21 07:58:05
4569,yanli,女,南昌市,2023-11-22 17:40:44
4570,yong57,男,成都市,2023-08-24 12:21:31
4571,gongli,女,南京市,2024-04-25 14:34:39
4572,jiachao,女,深圳市,2024-06-12 16:09:39
4573,xxiao,男,长沙市,2023-09-27 09:34:46
4574,guiyinggong,女,深圳市,2026-04-11 06:54:20
4575,guiying14,男,深圳市,2024-03-09 22:16:54
4576,uzeng,男,重庆市,2024-05-09 01:48:21
4577,gduan,男,成都市,2026-01-12 23:45:14
4578,jing07,女,武汉市,2023-09-04 00:09:49
4579,fdong,女,西安市,2024-08-09 07:34:40
4580,pmo,女,合肥市,2024-12-10 14:28:03
4581,liuping,男,上海市,2024-11-23 00:52:09
4582,weizheng,男,西安市,2024-06-13 05:41:41
4583,yxu,男,兰州市,2025-12-16 12:17:56
4584,fangsu,男,上海市,2025-08-24 06:31:16
4585,jye,男,南京市,2025-08-01 20:08:47
4586,li86,女,青岛市,2026-03-17 10:23:59
4587,caowei,男,杭州市,2023-05-29 06:36:15
4588,zhouchao,女,广州市,2025-06-24 09:37:23
4589,guiying47,男,兰州市,2024-12-07 18:36:02
4590,pingsong,男,广州市,2024-05-20 08:54:45
4591,juanyu,男,北京市,2024-12-12 08:17:15
4592,xiahu,女,杭州市,2024-09-29 00:34:05
4593,wgu,男,上海市,2025-02-13 09:51:40
4594,luojing,女,海口市,2025-02-27 14:30:43
4595,min27,女,上海市,2025-04-23 22:21:06
4596,xiuyingmo,女,南京市,2026-04-15 23:55:10
4597,ping60,男,广州市,2024-08-23 00:36:58
4598,shaoming,女,上海市,2023-11-10 13:45:49
4599,juan53,男,长沙市,2024-06-09 22:36:01
4600,jie26,女,郑州市,2025-04-20 01:22:33
4601,heqiang,女,杭州市,2026-04-25 14:16:15
4602,gangcui,男,深圳市,2023-10-04 21:25:01
4603,hanjing,男,北京市,2026-02-10 00:37:35
4604,zhongjuan,男,深圳市,2025-06-02 04:49:16
4605,oli,男,广州市,2026-03-04 23:41:08
4606,taogang,女,成都市,2023-06-28 12:37:10
4607,pingtao,男,西安市,2024-01-29 23:12:35
4608,guiying58,男,上海市,2023-09-19 16:10:44
4609,xiulan90,女,重庆市,2025-01-13 13:33:32
4610,fxu,女,上海市,2025-11-23 23:22:48
4611,zhaoli,男,广州市,2024-03-19 02:17:27
4612,guiying43,女,西安市,2025-10-17 13:27:53
4613,taotan,男,上海市,2023-10-19 11:26:35
4614,zouming,男,南昌市,2024-10-15 22:18:18
4615,yfeng,男,呼和浩特市,2025-10-18 23:48:33
4616,xiangyong,男,南京市,2025-11-05 13:04:36
4617,xiulan51,女,合肥市,2026-05-13 14:39:30
4618,panguiying,女,上海市,2025-07-13 07:08:38
4619,jiefang,男,西安市,2024-12-23 01:02:10
4620,min94,女,广州市,2025-03-11 11:02:01
4621,yanglei,女,杭州市,2023-06-21 11:43:55
4622,liujing,男,天津市,2023-10-10 02:11:48
4623,xiulan12,男,重庆市,2025-06-10 20:08:23
4624,yang50,男,成都市,2025-03-26 23:16:33
4625,sjin,女,成都市,2024-09-10 14:12:49
4626,gongjun,男,北京市,2025-10-08 17:09:13
4627,xiuying87,女,合肥市,2024-08-03 05:24:48
4628,xiulanlu,女,重庆市,2024-08-14 00:27:04
4629,chaohan,女,青岛市,2023-12-29 06:20:29
4630,chenjing,女,南昌市,2026-03-15 04:52:27
4631,linqiang,男,广州市,2024-10-14 01:06:14
4632,min97,男,武汉市,2025-03-22 20:08:05
4633,taoping,女,广州市,2024-11-11 23:40:34
4634,wei88,男,上海市,2024-09-29 13:25:44
4635,fangchao,女,重庆市,2024-12-19 04:28:55
4636,ixiang,男,武汉市,2025-04-03 23:33:45
4637,xma,女,杭州市,2026-05-03 01:45:29
4638,weiqiao,男,北京市,2024-09-21 13:34:38
4639,liliu,男,重庆市,2023-10-20 22:13:02
4640,nazhu,男,上海市,2025-08-14 23:29:19
4641,gshi,女,深圳市,2025-01-03 18:11:55
4642,gangsu,男,深圳市,2023-06-26 13:36:43
4643,jing08,女,天津市,2026-01-03 02:29:14
4644,pingchen,男,北京市,2023-09-12 07:24:41
4645,scui,男,深圳市,2024-08-17 02:49:43
4646,jxie,男,南昌市,2024-10-02 14:17:22
4647,guiyingbai,女,成都市,2024-06-13 02:33:39
4648,yuanyong,女,广州市,2026-04-11 04:12:58
4649,chao96,女,广州市,2023-10-31 21:55:33
4650,gaojie,男,上海市,2023-10-08 02:29:11
4651,chaoyi,女,杭州市,2024-06-26 11:31:54
4652,ping06,男,上海市,2026-05-09 07:06:25
4653,yongdeng,男,杭州市,2026-01-14 19:10:06
4654,ming40,女,杭州市,2024-11-24 00:05:45
4655,xiuying05,女,杭州市,2023-09-21 07:26:31
4656,dguo,女,呼和浩特市,2024-07-10 00:29:03
4657,luojie,男,合肥市,2026-04-04 01:35:55
4658,xiulanlin,女,重庆市,2026-05-07 16:09:44
4659,xiulanlin,男,上海市,2023-11-30 12:31:41
4660,xxue,男,西安市,2025-08-20 01:39:30
4661,qiangzou,女,郑州市,2024-11-16 02:54:50
4662,wangjing,女,上海市,2023-11-29 09:48:11
4663,jun87,女,广州市,2024-03-31 16:33:53
4664,gangyang,女,重庆市,2023-11-11 08:57:28
4665,jingdeng,男,青岛市,2024-04-22 00:52:42
4666,lei74,男,青岛市,2023-08-24 10:48:58
4667,xia42,男,贵阳市,2024-10-23 22:45:04
4668,yongshen,男,合肥市,2024-05-07 08:03:27
4669,fang89,女,北京市,2025-05-26 16:17:29
4670,yong15,男,成都市,2024-08-15 22:04:32
4671,jingkang,男,广州市,2024-09-03 04:12:44
4672,qsu,男,上海市,2024-07-25 21:35:11
4673,fanming,女,深圳市,2023-08-11 23:43:43
4674,jiangyang,女,广州市,2023-12-25 22:55:34
4675,yanding,女,郑州市,2023-12-14 06:09:42
4676,mzhou,女,青岛市,2025-01-08 13:29:52
4677,wei51,女,上海市,2024-08-08 08:44:47
4678,cmeng,女,长沙市,2025-10-30 09:16:20
4679,duqiang,男,西安市,2025-08-30 09:09:19
4680,wmao,男,重庆市,2025-01-15 08:41:47
4681,gang77,男,重庆市,2024-03-16 09:09:09
4682,chaoqian,男,呼和浩特市,2023-12-21 08:58:03
4683,yang31,女,武汉市,2025-12-20 10:14:26
4684,laiyang,女,郑州市,2023-09-19 10:53:38
4685,jqin,女,重庆市,2025-12-28 06:27:46
4686,yong45,男,重庆市,2024-01-04 12:44:39
4687,agu,女,武汉市,2024-01-24 12:53:38
4688,minye,女,南京市,2025-07-18 04:14:16
4689,jiewan,男,上海市,2023-07-25 11:53:59
4690,linjun,女,深圳市,2026-02-28 23:24:31
4691,wjiang,女,海口市,2026-03-05 04:46:44
4692,nazhang,男,广州市,2025-03-07 21:35:18
4693,duanjuan,男,南京市,2025-05-22 20:36:13
4694,lfan,女,贵阳市,2025-08-10 05:49:28
4695,bguo,女,上海市,2024-06-17 13:32:12
4696,szeng,男,天津市,2024-08-14 22:35:53
4697,yongding,女,天津市,2025-12-02 04:15:07
4698,xiacao,男,长沙市,2025-10-11 10:53:36
4699,chaoyang,男,深圳市,2025-11-03 19:58:36
4700,mshao,女,广州市,2025-06-29 15:59:55
4701,houming,男,北京市,2023-08-21 21:04:40
4702,li25,男,郑州市,2023-09-02 00:11:29
4703,kongyong,男,上海市,2023-10-18 22:47:52
4704,na46,女,成都市,2025-11-11 07:27:58
4705,fdeng,女,杭州市,2026-04-22 19:17:58
4706,ping09,女,武汉市,2025-01-06 17:15:15
4707,minwan,男,北京市,2026-03-07 13:14:08
4708,xiulancui,女,广州市,2024-03-23 17:46:44
4709,wangtao,男,郑州市,2025-03-31 11:45:58
4710,mingqiu,女,上海市,2025-02-07 17:02:55
4711,uzhou,男,北京市,2025-09-28 21:22:10
4712,jie54,男,上海市,2025-10-06 05:26:27
4713,juan08,女,青岛市,2025-12-25 16:51:42
4714,donglei,女,上海市,2025-08-14 23:40:03
4715,xiulan87,女,上海市,2026-01-05 16:43:23
4716,natang,女,深圳市,2025-03-03 04:21:22
4717,lisu,女,上海市,2025-07-25 17:09:34
4718,qiang50,男,武汉市,2023-06-29 02:23:32
4719,fang08,男,成都市,2023-06-25 02:31:40
4720,caijie,男,广州市,2023-08-31 01:56:10
4721,qiangdong,女,上海市,2023-11-01 10:35:10
4722,juanshi,男,杭州市,2024-02-25 00:58:26
4723,fang12,男,合肥市,2023-12-01 03:10:51
4724,jyao,男,合肥市,2024-06-18 14:19:47
4725,weilu,男,广州市,2024-01-28 06:36:53
4726,weichen,男,合肥市,2026-05-14 22:32:23
4727,bduan,男,重庆市,2024-07-07 03:13:15
4728,gaojing,男,南京市,2024-03-13 22:59:41
4729,tfan,男,天津市,2025-07-12 03:57:54
4730,taoyao,女,北京市,2024-12-31 23:10:04
4731,lfan,男,兰州市,2024-12-07 18:59:33
4732,laijing,女,上海市,2023-08-29 18:53:20
4733,yan88,男,杭州市,2023-06-08 15:55:51
4734,yanhe,男,上海市,2025-11-01 16:42:42
4735,scheng,女,北京市,2024-12-07 13:20:17
4736,mojun,男,北京市,2023-05-29 19:26:23
4737,pingsun,男,重庆市,2026-01-27 22:11:17
4738,qinjing,男,武汉市,2024-05-11 21:18:16
4739,sfang,男,北京市,2024-01-18 08:47:27
4740,xiawan,女,深圳市,2024-04-20 11:52:28
4741,yanshi,男,西安市,2024-06-26 09:37:10
4742,jun79,男,郑州市,2025-03-18 04:31:48
4743,mingzhou,女,上海市,2026-01-03 23:35:45
4744,yongqian,男,深圳市,2024-08-06 13:02:58
4745,kangfang,女,长沙市,2023-10-12 02:41:00
4746,cwan,男,贵阳市,2023-08-09 22:40:58
4747,jing40,男,深圳市,2025-03-02 20:00:04
4748,byan,男,杭州市,2026-03-25 11:36:37
4749,xiuying87,男,深圳市,2025-02-09 07:48:36
4750,yanzhong,男,广州市,2025-01-30 16:52:16
4751,yanchen,男,西安市,2023-07-19 15:37:51
4752,junmeng,女,深圳市,2024-02-11 23:29:52
4753,liangping,男,北京市,2023-10-16 08:56:03
4754,hanjie,女,北京市,2025-08-23 22:58:26
4755,xiulanhu,女,武汉市,2023-10-17 14:19:26
4756,fzhou,男,深圳市,2025-09-29 20:52:46
4757,lxu,男,长沙市,2024-04-08 23:10:41
4758,nashao,女,海口市,2024-02-14 14:13:44
4759,fangtang,女,贵阳市,2024-03-19 14:52:19
4760,mingdu,男,杭州市,2024-11-12 17:56:02
4761,chao40,男,北京市,2023-08-22 13:30:34
4762,ihao,女,深圳市,2025-09-25 22:25:13
4763,xiaoguiying,女,深圳市,2024-08-27 15:02:05
4764,bxiong,男,上海市,2026-02-26 21:09:08
4765,jfeng,女,深圳市,2025-02-23 06:07:06
4766,ping40,女,上海市,2023-10-28 17:30:25
4767,liaoxiuying,男,西安市,2025-10-31 16:07:13
4768,taoshen,女,上海市,2025-10-26 00:55:19
4769,chao83,男,北京市,2026-04-25 14:44:31
4770,yanzeng,男,北京市,2026-01-10 02:53:47
4771,changlei,男,上海市,2025-02-03 20:40:31
4772,cqiao,女,南京市,2024-04-06 01:15:07
4773,yejuan,女,西安市,2024-05-28 03:55:21
4774,heguiying,女,成都市,2025-04-22 03:42:00
4775,sxu,男,广州市,2025-11-26 18:39:57
4776,pding,女,广州市,2024-11-17 20:34:23
4777,houtao,男,广州市,2023-09-12 02:33:54
4778,ryao,女,成都市,2026-05-11 04:45:15
4779,ganghao,女,合肥市,2023-07-02 13:42:17
4780,leicui,女,南昌市,2025-11-01 22:13:04
4781,ugu,男,深圳市,2026-04-02 21:03:41
4782,longyang,男,上海市,2025-10-10 02:37:54
4783,qiang18,女,北京市,2026-03-23 12:47:26
4784,yang82,男,深圳市,2024-04-30 03:26:39
4785,yxue,女,天津市,2025-12-28 10:51:30
4786,chao52,女,武汉市,2026-04-21 02:24:55
4787,liliao,男,北京市,2025-12-23 23:54:02
4788,zqiu,女,杭州市,2025-07-18 19:00:51
4789,qiangjin,女,长沙市,2024-07-29 09:32:21
4790,qqian,女,贵阳市,2024-10-01 06:38:08
4791,huangmin,女,上海市,2025-09-08 17:12:31
4792,ming31,男,深圳市,2025-10-22 23:12:28
4793,guiying35,女,武汉市,2025-10-25 18:00:19
4794,zengxiulan,男,西安市,2026-02-15 13:05:39
4795,daijing,女,天津市,2026-02-19 17:58:47
4796,zhongwei,女,海口市,2023-09-10 12:18:00
4797,wxiao,女,北京市,2025-08-09 14:36:04
4798,tzhou,男,杭州市,2023-08-13 01:08:44
4799,xiangjuan,女,青岛市,2025-12-01 06:55:11
4800,jie12,男,北京市,2026-03-20 13:37:10
4801,yangfu,男,郑州市,2025-12-31 10:46:58
4802,xiacui,女,天津市,2026-01-04 07:54:30
4803,na48,男,广州市,2023-06-16 05:22:54
4804,mpan,女,重庆市,2025-07-11 09:20:28
4805,li77,男,北京市,2025-12-03 15:53:45
4806,nahu,男,天津市,2024-06-11 16:14:01
4807,obai,男,深圳市,2024-07-16 07:51:56
4808,guiying25,男,南京市,2024-09-17 00:02:57
4809,yxiao,女,重庆市,2025-05-31 13:54:33
4810,xiaqin,女,上海市,2024-07-09 07:40:36
4811,yanwen,男,广州市,2024-05-14 17:46:27
4812,uyao,男,北京市,2023-10-26 04:03:05
4813,jingyuan,男,广州市,2025-05-11 01:57:53
4814,phe,女,杭州市,2024-03-20 22:54:42
4815,chaozheng,男,广州市,2023-08-09 16:48:03
4816,rsun,女,杭州市,2026-05-14 20:05:33
4817,yangfan,男,武汉市,2024-05-08 04:27:43
4818,ftao,男,深圳市,2025-05-15 08:25:34
4819,uyang,男,南京市,2024-09-18 13:29:22
4820,gaojing,女,上海市,2025-04-03 01:22:50
4821,chao58,男,天津市,2025-04-26 08:38:46
4822,hemin,女,南京市,2023-07-07 08:02:19
4823,kshao,女,长沙市,2024-10-07 22:33:15
4824,linli,男,重庆市,2024-09-22 10:56:52
4825,xiuyingwang,女,深圳市,2023-07-16 14:35:58
4826,xguo,女,广州市,2026-03-16 02:29:18
4827,caiwei,男,北京市,2026-01-13 08:44:52
4828,na51,女,重庆市,2025-10-07 01:49:21
4829,jingshen,男,南京市,2026-05-08 13:43:14
4830,guojie,女,兰州市,2026-02-22 01:54:56
4831,vqiao,男,天津市,2024-09-10 17:18:41
4832,yong81,女,北京市,2024-03-16 15:28:41
4833,juancheng,男,成都市,2023-12-27 07:56:55
4834,tao09,男,广州市,2025-11-20 07:03:33
4835,udu,男,深圳市,2025-12-11 09:14:04
4836,qiangsu,男,重庆市,2026-03-10 14:40:42
4837,xiaoxia,女,天津市,2026-01-03 20:52:55
4838,tchen,男,长沙市,2024-12-25 22:50:35
4839,na58,男,深圳市,2024-02-23 10:36:57
4840,jing87,女,重庆市,2024-05-12 20:30:40
4841,dliang,女,郑州市,2025-03-15 16:19:59
4842,gangyan,男,北京市,2024-04-04 21:16:52
4843,taokang,男,南京市,2025-07-29 01:21:28
4844,gangmao,女,北京市,2023-09-04 11:56:20
4845,sunxia,女,广州市,2025-02-08 21:32:03
4846,mfeng,男,西安市,2025-12-04 18:35:33
4847,zxiong,女,西安市,2024-12-31 20:51:43
4848,swen,女,北京市,2026-02-08 05:31:33
4849,guiyingdeng,女,武汉市,2026-05-17 22:42:58
4850,bshao,女,深圳市,2023-09-23 15:16:06
4851,li53,男,深圳市,2023-07-15 05:58:00
4852,junluo,女,深圳市,2025-02-08 01:44:04
4853,nbai,男,深圳市,2023-08-24 11:37:53
4854,pingjiang,女,重庆市,2025-08-15 13:37:49
4855,gaoxiulan,女,广州市,2025-08-12 12:37:27
4856,fangmin,女,广州市,2024-11-03 03:26:25
4857,guiying97,男,广州市,2025-06-16 04:59:18
4858,min16,女,武汉市,2023-06-25 09:13:15
4859,juan85,女,南昌市,2023-08-04 02:55:22
4860,adu,女,杭州市,2025-12-10 22:11:55
4861,dingtao,女,广州市,2023-06-18 19:04:44
4862,vye,男,武汉市,2024-07-19 17:37:03
4863,dtao,女,郑州市,2025-11-08 08:07:09
4864,fanghan,男,深圳市,2024-11-22 12:19:04
4865,tgong,男,杭州市,2025-07-30 11:55:20
4866,yandai,女,武汉市,2026-03-01 00:30:22
4867,agao,女,上海市,2026-03-21 20:52:43
4868,lina,女,广州市,2025-01-19 05:43:07
4869,tao46,女,郑州市,2025-05-24 17:56:19
4870,yan43,女,北京市,2025-07-12 01:56:39
4871,weiyang,女,合肥市,2024-02-17 13:38:11
4872,vkong,男,北京市,2025-10-03 12:02:32
4873,wzhu,男,长沙市,2024-12-06 06:55:44
4874,fangqiang,男,合肥市,2025-11-27 01:38:14
4875,yanxiulan,女,合肥市,2025-04-05 19:17:07
4876,shitao,男,广州市,2024-01-23 08:52:17
4877,qiang65,男,上海市,2024-09-14 02:00:20
4878,emao,女,上海市,2023-08-14 23:41:56
4879,ckang,男,成都市,2023-06-26 19:21:51
4880,minliang,男,南京市,2023-11-01 14:59:47
4881,chaozheng,男,南昌市,2024-12-18 10:05:33
4882,hyu,女,杭州市,2025-04-20 13:15:02
4883,xiuying43,男,深圳市,2025-05-07 05:03:25
4884,chaoqiu,女,北京市,2023-12-20 13:37:14
4885,wei35,男,上海市,2025-03-02 08:39:47
4886,kangmin,女,海口市,2024-11-19 23:03:24
4887,ddong,男,广州市,2023-07-14 07:37:21
4888,jie98,女,南京市,2024-12-25 14:55:03
4889,luona,男,深圳市,2025-05-05 19:11:09
4890,zhoujie,男,广州市,2024-04-13 10:23:33
4891,gangbai,女,北京市,2026-04-23 01:33:27
4892,tao00,女,重庆市,2025-12-13 02:09:34
4893,mengyong,女,青岛市,2025-06-29 14:15:21
4894,juanduan,男,武汉市,2026-03-09 20:20:11
4895,xiuyingfeng,女,杭州市,2024-04-28 22:05:20
4896,sunyang,男,北京市,2025-04-04 22:10:38
4897,guiyingmo,男,成都市,2024-02-15 15:17:16
4898,guiyinggu,男,广州市,2024-12-17 09:45:29
4899,jie57,男,青岛市,2026-01-21 14:06:31
4900,lijiang,女,北京市,2026-02-10 07:29:49
4901,qianguiying,女,成都市,2024-01-16 16:45:51
4902,clai,女,青岛市,2023-05-22 21:28:23
4903,bhan,女,深圳市,2026-04-18 18:44:47
4904,zengwei,女,上海市,2024-12-10 21:19:37
4905,luoqiang,男,南昌市,2025-10-29 09:57:13
4906,fangduan,男,广州市,2024-02-26 14:30:05
4907,jing79,女,武汉市,2023-10-30 08:54:40
4908,fang09,女,合肥市,2025-08-16 18:51:35
4909,oyao,男,杭州市,2023-12-22 07:56:00
4910,xxiang,女,北京市,2025-07-06 05:34:50
4911,guiyingjia,女,广州市,2025-11-14 06:52:12
4912,guiying53,女,广州市,2025-02-28 21:25:52
4913,jie82,男,杭州市,2025-04-18 20:25:00
4914,atian,女,上海市,2023-12-07 18:03:32
4915,egao,女,南昌市,2025-03-28 16:19:50
4916,shenyan,男,西安市,2025-04-02 18:29:17
4917,ohao,女,呼和浩特市,2023-05-25 13:30:28
4918,jiawei,女,重庆市,2023-11-27 00:52:44
4919,pingzhou,女,北京市,2023-06-17 02:01:51
4920,majing,女,天津市,2026-02-08 13:22:45
4921,jgu,男,成都市,2023-10-09 00:04:22
4922,gangtang,女,重庆市,2024-11-24 16:13:01
4923,na48,男,深圳市,2024-02-23 04:19:50
4924,mingshao,女,西安市,2024-03-04 02:44:24
4925,min40,男,郑州市,2023-08-08 00:23:00
4926,xiaxue,女,海口市,2023-06-23 18:13:26
4927,guiying13,女,重庆市,2024-07-12 18:58:20
4928,fqian,男,杭州市,2024-07-19 16:25:17
4929,tangyong,女,深圳市,2026-03-17 16:36:44
4930,liaogang,男,重庆市,2026-04-11 05:42:29
4931,apan,女,上海市,2023-08-29 20:05:35
4932,chao96,女,郑州市,2023-06-05 22:14:49
4933,ping25,女,杭州市,2025-06-23 05:55:54
4934,ufan,男,杭州市,2025-01-03 02:57:56
4935,liaolei,女,成都市,2025-07-09 00:42:43
4936,guiyingfan,男,北京市,2024-02-26 20:28:20
4937,dingfang,女,深圳市,2023-11-22 16:35:42
4938,jzhong,男,贵阳市,2024-07-29 19:53:32
4939,wei96,男,合肥市,2023-10-01 06:20:22
4940,tianmin,男,北京市,2023-08-11 01:57:39
4941,yuanna,男,成都市,2024-10-18 13:06:12
4942,xiuying32,男,成都市,2025-03-19 13:57:02
4943,xiawen,女,深圳市,2025-12-13 03:43:34
4944,liaojing,女,西安市,2026-04-29 19:09:58
4945,shenwei,女,广州市,2026-02-05 01:31:44
4946,pingdu,女,成都市,2025-08-16 14:55:46
4947,heguiying,女,西安市,2025-12-05 16:57:24
4948,bxue,男,广州市,2025-01-10 18:24:02
4949,ehuang,男,上海市,2025-09-24 22:34:55
4950,ushao,女,成都市,2023-09-28 04:49:49
4951,jing81,男,贵阳市,2024-11-21 18:40:10
4952,huangxiuying,女,北京市,2026-05-10 06:22:12
4953,xiacui,男,杭州市,2024-12-18 19:45:55
4954,lailei,男,成都市,2025-08-13 18:05:35
4955,ping05,男,成都市,2025-01-15 10:19:24
4956,daixiulan,男,海口市,2025-08-03 13:35:08
4957,huanglei,男,杭州市,2025-04-12 03:37:53
4958,jcheng,男,北京市,2024-08-02 08:19:37
4959,caiqiang,女,北京市,2024-05-01 10:55:03
4960,dengming,男,合肥市,2026-05-13 23:06:03
4961,lifang,女,上海市,2025-12-04 19:54:46
4962,leixu,女,上海市,2024-08-03 06:17:30
4963,xiulanqiao,女,长沙市,2025-12-21 11:51:38
4964,qiuxia,女,广州市,2025-07-28 18:40:59
4965,yong06,女,西安市,2024-06-13 14:11:21
4966,majuan,男,杭州市,2023-10-21 02:18:38
4967,gpan,男,北京市,2024-05-17 03:42:01
4968,zhaoli,男,广州市,2025-11-10 09:44:37
4969,xhou,女,上海市,2025-10-19 16:55:36
4970,ping85,男,郑州市,2024-01-24 11:26:23
4971,yanshi,男,北京市,2025-11-08 03:28:09
4972,dongxiuying,女,北京市,2025-01-02 03:31:37
4973,yonglu,女,武汉市,2023-11-16 06:37:31
4974,rzhong,女,南昌市,2023-11-28 07:24:23
4975,junsun,女,长沙市,2024-03-30 23:22:38
4976,wei48,女,北京市,2025-01-01 13:04:08
4977,pingren,女,郑州市,2025-02-23 03:13:31
4978,guiying13,男,北京市,2025-06-11 12:27:04
4979,nding,女,成都市,2024-05-16 11:16:32
4980,guiying39,男,西安市,2025-05-28 12:54:02
4981,yong56,女,南京市,2025-02-07 14:48:56
4982,juan97,男,广州市,2025-04-06 12:05:16
4983,jun28,男,合肥市,2024-02-15 09:46:57
4984,xia84,男,上海市,2024-02-03 16:59:09
4985,liwang,女,南昌市,2023-06-20 23:08:55
4986,cren,女,成都市,2025-01-25 02:04:16
4987,mengjuan,男,合肥市,2024-04-16 20:32:50
4988,ucao,女,长沙市,2023-08-06 17:51:43
4989,mcheng,男,北京市,2023-10-03 01:15:52
4990,xiuying93,女,杭州市,2024-09-03 07:42:50
4991,gangxiao,女,成都市,2023-12-26 16:46:08
4992,guiyingxie,男,北京市,2025-02-01 05:13:15
4993,xguo,女,北京市,2024-02-07 18:49:52
4994,zhouli,女,兰州市,2025-05-14 01:02:34
4995,ngao,女,杭州市,2023-07-17 03:08:45
4996,fuyan,女,杭州市,2023-06-25 01:19:38
4997,okong,女,北京市,2024-11-27 05:58:47
4998,taoluo,女,北京市,2024-12-23 11:50:03
4999,kkong,女,兰州市,2024-12-18 02:27:39
5000,junzhao,女,广州市,2024-02-28 21:22:13
5001,caoping,男,南昌市,2025-04-17 01:26:57
5002,changyan,男,广州市,2025-11-21 22:28:56
5003,liliao,女,郑州市,2024-02-21 21:27:42
5004,gangdong,男,天津市,2024-11-26 07:15:36
5005,xiulan62,男,北京市,2024-01-30 09:01:38
5006,xiulanzhang,男,深圳市,2025-07-15 10:58:29
5007,ddai,女,西安市,2024-01-31 20:41:01
5008,chao72,男,广州市,2024-10-07 12:19:54
5009,chentao,男,南昌市,2023-11-28 21:22:50
5010,li95,女,海口市,2024-12-04 16:18:07
5011,tangxiuying,女,成都市,2025-09-10 20:43:24
5012,fengyong,女,成都市,2024-04-28 20:41:08
5013,taoxiang,男,深圳市,2024-12-15 11:16:29
5014,yan61,女,长沙市,2024-07-12 11:49:24
5015,juntang,女,兰州市,2024-04-11 01:46:21
5016,mengli,男,西安市,2026-03-11 10:37:49
5017,luojuan,男,郑州市,2024-12-06 11:47:17
5018,jun68,男,上海市,2025-10-08 21:55:04
5019,taoqiu,女,南昌市,2025-04-01 13:03:02
5020,lhao,男,天津市,2024-04-06 17:26:02
5021,minxie,男,广州市,2025-05-10 12:46:26
5022,shaoxiuying,男,武汉市,2025-06-28 01:27:25
5023,gangfang,男,上海市,2023-07-03 12:16:35
5024,pinghan,女,北京市,2024-11-28 06:15:13
5025,jsun,女,成都市,2025-05-27 09:57:44
5026,yan52,男,青岛市,2025-02-10 17:01:42
5027,rqiao,女,广州市,2024-07-20 12:54:40
5028,xiulantan,女,北京市,2023-11-22 22:00:49
5029,kongqiang,女,上海市,2024-07-04 10:46:45
5030,xiuying99,女,上海市,2023-06-08 05:12:18
5031,vliu,女,北京市,2026-02-27 12:10:57
5032,yang43,男,上海市,2024-06-26 19:09:27
5033,qiangli,男,上海市,2024-05-21 14:50:31
5034,yaojun,男,呼和浩特市,2024-04-14 14:10:09
5035,tsun,男,合肥市,2023-08-29 17:59:14
5036,tangna,男,杭州市,2023-11-09 01:59:15
5037,juan24,男,合肥市,2024-09-04 04:00:51
5038,zengping,女,深圳市,2026-04-30 11:13:20
5039,fuguiying,女,南京市,2023-10-16 05:10:05
5040,minghao,男,深圳市,2026-05-02 12:51:37
5041,ilin,女,武汉市,2024-12-01 01:36:32
5042,guoxiuying,男,青岛市,2023-08-08 20:41:46
5043,juanhuang,女,深圳市,2025-08-17 07:42:24
5044,kdong,女,郑州市,2024-10-18 08:12:21
5045,minqian,男,武汉市,2025-05-21 06:06:28
5046,zjia,女,广州市,2025-10-21 23:42:59
5047,xiuying92,女,成都市,2024-10-17 21:56:09
5048,houxiuying,女,呼和浩特市,2024-01-26 23:46:47
5049,qchang,女,广州市,2025-04-28 13:39:48
5050,qianjing,男,长沙市,2025-01-17 11:07:09
5051,pingyin,男,广州市,2025-10-16 21:16:10
5052,mengguiying,男,深圳市,2023-08-17 18:55:46
5053,pingjiang,男,西安市,2025-09-27 20:57:03
5054,ming29,男,海口市,2024-07-07 02:42:51
5055,yaofang,女,杭州市,2024-12-05 14:08:51
5056,hlong,男,成都市,2025-03-01 20:14:45
5057,luotao,女,广州市,2026-04-12 06:26:20
5058,guiying46,男,上海市,2024-02-04 22:28:58
5059,yong52,男,合肥市,2024-04-27 15:22:30
5060,tao73,女,北京市,2025-02-11 16:09:57
5061,wyu,男,上海市,2024-12-06 13:14:25
5062,chaomo,女,长沙市,2026-03-16 11:22:59
5063,guiyingliao,男,深圳市,2025-07-16 12:53:54
5064,ali,男,北京市,2025-02-27 12:49:48
5065,yintao,男,青岛市,2023-09-08 16:54:50
5066,xiuyingsu,女,南京市,2024-09-08 04:18:55
5067,qianming,男,深圳市,2024-01-28 16:51:53
5068,na27,男,成都市,2026-04-19 18:34:08
5069,maojie,女,北京市,2024-11-26 04:20:29
5070,tao94,女,杭州市,2023-06-13 19:37:38
5071,chenjun,男,上海市,2024-04-01 17:03:48
5072,tshao,男,广州市,2023-11-17 03:43:54
5073,tlai,男,长沙市,2026-05-05 00:27:54
5074,qiang16,男,南昌市,2024-05-25 09:35:36
5075,ddai,男,海口市,2024-12-14 01:07:35
5076,xiawei,男,深圳市,2023-12-17 19:20:48
5077,nqian,男,上海市,2024-08-27 13:05:04
5078,mingtao,男,广州市,2024-11-29 05:34:21
5079,qiang75,女,深圳市,2023-08-26 17:51:39
5080,whu,女,广州市,2025-06-06 23:00:48
5081,funa,男,成都市,2024-07-20 16:16:37
5082,zhaolei,女,长沙市,2025-09-25 02:11:35
5083,ming73,女,海口市,2026-03-04 10:57:34
5084,zhoujing,女,深圳市,2024-12-20 11:21:47
5085,sfu,女,长沙市,2026-01-20 17:55:29
5086,juan95,男,广州市,2024-06-01 17:12:27
5087,na94,女,兰州市,2023-08-06 20:48:18
5088,yangwei,女,武汉市,2025-07-29 13:03:31
5089,cguo,男,北京市,2025-11-12 14:47:34
5090,jie40,女,深圳市,2025-04-17 22:20:42
5091,gang84,男,上海市,2025-03-15 15:18:38
5092,ddong,女,上海市,2024-07-16 00:08:04
5093,thu,女,武汉市,2025-04-25 22:42:45
5094,gaolei,男,长沙市,2023-07-02 17:16:31
5095,ming98,女,成都市,2025-01-02 17:25:18
5096,xiakang,女,重庆市,2023-12-25 10:01:32
5097,zhengjuan,女,武汉市,2023-07-12 22:34:24
5098,nawan,女,长沙市,2026-01-09 11:43:30
5099,jhuang,男,深圳市,2025-07-16 04:37:28
5100,wei54,男,西安市,2023-08-15 09:26:52
5101,nhu,男,重庆市,2023-09-30 07:38:19
5102,yangqian,男,北京市,2025-05-30 19:31:49
5103,xiuying04,女,长沙市,2024-06-21 03:30:11
5104,jingyang,男,西安市,2023-09-04 12:16:20
5105,xiangjuan,女,杭州市,2023-09-09 17:11:04
5106,sli,男,广州市,2025-03-03 16:31:28
5107,nyin,女,兰州市,2024-04-08 00:02:57
5108,ming42,男,天津市,2026-01-21 05:02:23
5109,zhaoyong,男,北京市,2023-11-14 03:09:09
5110,dingfang,男,郑州市,2024-04-30 02:09:51
5111,wei47,女,深圳市,2023-11-11 21:58:52
5112,xuemin,男,郑州市,2023-08-20 13:24:58
5113,leicao,女,上海市,2024-02-08 09:23:23
5114,hufang,女,南京市,2024-11-04 23:07:14
5115,yanhao,男,上海市,2024-01-31 05:33:34
5116,na03,男,北京市,2026-04-30 14:24:08
5117,mingtian,男,南京市,2024-04-23 07:11:17
5118,jieqiao,男,北京市,2025-01-22 21:53:52
5119,luoming,女,上海市,2025-07-23 13:54:21
5120,yan29,男,西安市,2025-05-21 11:36:38
5121,tanlei,男,杭州市,2024-11-18 02:55:05
5122,wluo,男,郑州市,2026-04-03 00:47:51
5123,na25,女,郑州市,2025-09-19 19:16:05
5124,shaoli,男,武汉市,2025-04-19 11:19:27
5125,ming23,女,天津市,2023-08-19 17:59:34
5126,oliao,女,深圳市,2023-06-18 04:04:33
5127,zfang,女,重庆市,2024-05-24 10:15:58
5128,taozhu,女,青岛市,2023-10-18 09:14:10
5129,xzhang,男,长沙市,2023-11-21 08:35:16
5130,ushao,男,北京市,2024-09-08 14:12:27
5131,ping44,女,成都市,2024-05-08 16:28:59
5132,qiang91,男,深圳市,2026-01-28 02:58:27
5133,wanyang,男,天津市,2023-09-10 01:07:39
5134,gongming,女,杭州市,2024-02-02 03:34:13
5135,guiying61,女,杭州市,2024-05-27 08:45:33
5136,gpeng,女,北京市,2023-10-09 23:31:10
5137,yongyao,女,上海市,2024-09-11 11:05:23
5138,min60,男,上海市,2025-07-12 13:42:21
5139,zdai,女,贵阳市,2024-09-06 15:14:35
5140,xiulanzhao,男,杭州市,2023-07-31 12:16:09
5141,qkong,女,北京市,2024-04-16 12:27:01
5142,xiuyingfang,男,上海市,2025-11-29 17:24:53
5143,jkong,男,合肥市,2024-09-10 05:58:04
5144,juanxu,男,北京市,2024-02-08 13:21:38
5145,ozhang,女,成都市,2024-06-19 15:28:57
5146,shenjing,男,合肥市,2024-10-17 03:15:50
5147,gren,男,北京市,2026-01-28 06:52:48
5148,juanzhong,男,广州市,2024-12-20 15:57:37
5149,ezheng,女,天津市,2026-04-29 21:30:16
5150,ajin,女,成都市,2023-10-06 07:08:16
5151,bsun,女,郑州市,2025-12-02 18:17:05
5152,efan,男,深圳市,2024-12-28 23:55:06
5153,bshi,女,贵阳市,2024-07-27 20:15:03
5154,leiqiao,女,成都市,2025-09-19 09:54:44
5155,yangliu,女,重庆市,2024-05-11 05:06:55
5156,dtang,男,北京市,2024-09-27 12:05:50
5157,minggu,男,长沙市,2025-05-06 17:19:37
5158,kongchao,男,上海市,2024-03-13 19:45:49
5159,fang96,男,青岛市,2023-06-12 08:30:30
5160,wuxia,男,上海市,2023-12-22 12:17:49
5161,yonglei,女,北京市,2026-04-21 03:02:21
5162,jshen,男,深圳市,2023-12-28 21:10:13
5163,dsu,女,成都市,2024-07-19 21:03:01
5164,gangcui,女,杭州市,2025-06-10 21:08:25
5165,jie23,女,北京市,2025-08-06 22:54:54
5166,shenyong,男,郑州市,2023-12-18 10:26:50
5167,min72,女,广州市,2025-08-13 14:01:11
5168,yeyang,男,天津市,2024-02-06 21:38:22
5169,ehe,女,深圳市,2026-04-15 18:54:57
5170,gangjiang,男,长沙市,2025-11-28 18:23:13
5171,lei18,男,合肥市,2025-08-23 23:58:44
5172,zyang,男,广州市,2024-08-18 11:30:07
5173,rliao,男,深圳市,2025-11-03 02:07:43
5174,zkang,男,青岛市,2023-11-14 17:28:49
5175,qiugang,女,南京市,2026-05-16 16:58:49
5176,nfu,女,广州市,2025-05-21 00:07:39
5177,xia27,女,北京市,2025-12-24 23:03:33
5178,taotao,女,杭州市,2023-11-12 14:55:56
5179,wqin,男,南昌市,2026-03-05 18:20:10
5180,jieyao,男,武汉市,2025-05-13 23:25:54
5181,tyuan,男,深圳市,2024-07-24 14:47:01
5182,yonglai,女,武汉市,2024-02-07 03:50:06
5183,gang44,男,上海市,2024-12-07 21:33:09
5184,yang42,男,青岛市,2024-03-14 15:08:50
5185,qiangxu,女,北京市,2024-12-01 21:24:12
5186,juan21,女,武汉市,2025-11-29 14:57:01
5187,huangchao,女,南昌市,2023-05-27 21:36:56
5188,xwu,男,北京市,2024-08-13 07:51:18
5189,gding,男,青岛市,2025-09-25 07:02:17
5190,wyao,女,广州市,2026-01-24 14:22:02
5191,hpan,男,成都市,2025-01-03 10:05:57
5192,lei02,女,合肥市,2023-05-25 16:46:22
5193,jing78,女,呼和浩特市,2024-10-28 18:32:46
5194,yangchen,女,贵阳市,2025-05-22 04:07:50
5195,min36,女,北京市,2023-10-04 09:23:01
5196,qiangduan,男,南昌市,2026-03-03 02:48:29
5197,fangxu,男,北京市,2023-12-16 08:47:48
5198,xiulan04,女,深圳市,2024-11-15 11:50:45
5199,junding,女,上海市,2025-06-25 03:26:47
5200,sye,男,长沙市,2025-09-01 16:14:15
5201,dyin,男,重庆市,2025-09-22 09:35:20
5202,wuchao,女,重庆市,2025-04-21 02:49:14
5203,qinfang,男,天津市,2024-04-22 05:57:25
5204,zfu,女,重庆市,2023-10-25 11:32:12
5205,guoxiuying,男,深圳市,2024-01-21 21:27:26
5206,humin,男,合肥市,2024-10-27 00:24:43
5207,chengtao,女,重庆市,2023-06-12 01:07:25
5208,nqin,男,青岛市,2024-09-15 05:03:55
5209,ndeng,女,北京市,2026-03-22 13:29:52
5210,xiongming,男,上海市,2024-06-21 19:00:39
5211,glu,男,北京市,2025-09-05 14:05:22
5212,taowu,女,海口市,2024-02-26 07:30:24
5213,linxia,女,北京市,2024-08-02 00:43:05
5214,tao91,男,长沙市,2025-10-21 03:39:17
5215,yongjiang,女,杭州市,2026-02-07 04:56:02
5216,zengxia,女,杭州市,2025-02-10 05:53:37
5217,yong10,男,青岛市,2025-12-16 22:51:24
5218,wqiao,女,广州市,2025-01-11 03:22:47
5219,fxiang,男,北京市,2024-01-07 06:55:24
5220,wenmin,男,杭州市,2024-11-17 10:48:56
5221,qiangpeng,女,广州市,2023-09-30 15:59:00
5222,pjia,男,深圳市,2025-03-24 18:20:34
5223,yetao,女,郑州市,2025-04-05 03:43:43
5224,qliang,女,杭州市,2025-05-06 22:22:00
5225,yaoxiuying,女,西安市,2026-02-16 08:39:59
5226,na59,女,南京市,2024-11-22 20:10:03
5227,yexiuying,女,北京市,2024-08-13 21:26:37
5228,qiang96,男,武汉市,2024-11-10 21:05:32
5229,minmao,男,北京市,2023-06-09 12:47:52
5230,gang50,女,郑州市,2025-07-02 05:38:16
5231,weiguo,女,南京市,2024-06-17 14:08:25
5232,xiaguiying,男,郑州市,2023-12-25 23:17:59
5233,weidu,女,广州市,2025-08-29 07:39:56
5234,azeng,女,天津市,2024-02-17 05:58:53
5235,molei,女,西安市,2025-06-11 10:21:05
5236,yong69,男,北京市,2025-12-13 23:57:46
5237,slu,男,上海市,2026-04-21 01:43:14
5238,rhu,女,广州市,2025-11-27 16:36:38
5239,rxia,女,武汉市,2024-08-02 15:13:23
5240,taoxiao,男,上海市,2024-02-03 19:59:11
5241,fangmeng,女,上海市,2025-04-01 09:50:56
5242,xiaxue,女,成都市,2026-05-05 02:18:05
5243,mengjing,男,海口市,2024-02-21 00:07:04
5244,cuili,男,杭州市,2025-08-22 13:20:04
5245,wenlei,男,上海市,2023-09-05 20:11:09
5246,yzou,男,成都市,2025-01-17 04:33:19
5247,yanyang,女,深圳市,2026-01-31 12:01:17
5248,gang49,女,武汉市,2023-08-13 11:09:46
5249,mingchang,男,成都市,2024-07-07 02:40:45
5250,guiying99,女,杭州市,2025-04-26 21:49:04
5251,gutao,女,南京市,2026-04-29 14:36:54
5252,na06,男,成都市,2023-05-27 03:51:26
5253,jingzou,女,天津市,2024-07-28 20:47:05
5254,li68,男,呼和浩特市,2024-05-21 13:53:56
5255,chao96,女,北京市,2025-01-14 04:32:34
5256,shaoyang,男,重庆市,2025-03-09 20:25:26
5257,juandai,女,成都市,2025-12-14 06:02:59
5258,xiulan86,女,合肥市,2024-11-19 22:54:10
5259,yan88,男,北京市,2024-12-03 01:39:10
5260,weiyang,女,上海市,2025-10-01 23:39:37
5261,ming57,男,广州市,2024-12-16 23:11:22
5262,jingyuan,男,北京市,2023-10-08 18:49:01
5263,yong97,男,南京市,2024-09-10 11:16:43
5264,hewei,男,成都市,2023-07-04 07:00:23
5265,zhaoguiying,男,贵阳市,2025-05-02 11:24:26
5266,zouqiang,女,广州市,2023-10-03 22:04:53
5267,junxu,女,西安市,2024-05-05 23:59:58
5268,fujie,男,广州市,2024-08-10 13:20:51
5269,jingkang,男,长沙市,2023-06-25 13:58:11
5270,dengjun,男,上海市,2023-07-22 02:54:12
5271,min15,男,北京市,2024-04-25 08:40:40
5272,na29,女,武汉市,2025-06-05 21:33:47
5273,gongyang,男,上海市,2025-05-24 23:46:16
5274,liuping,男,海口市,2025-11-03 06:21:49
5275,pingxu,女,深圳市,2026-05-11 11:13:34
5276,hzhang,女,青岛市,2025-11-03 00:34:06
5277,caoming,男,深圳市,2023-09-01 15:41:32
5278,na39,女,上海市,2023-06-04 16:53:03
5279,qinqiang,男,郑州市,2023-08-28 02:27:38
5280,xia97,男,南昌市,2023-08-08 21:22:36
5281,duanchao,男,长沙市,2024-03-06 04:45:34
5282,jiezeng,女,天津市,2025-04-13 02:05:09
5283,fxu,女,长沙市,2025-05-02 14:08:55
5284,guiyingpan,男,杭州市,2024-01-20 08:58:02
5285,lei14,女,郑州市,2023-06-20 02:24:33
5286,lei31,男,郑州市,2024-11-09 10:23:27
5287,juan02,女,成都市,2026-05-20 15:50:33
5288,pingqiu,男,深圳市,2025-11-11 06:58:53
5289,jingchen,女,上海市,2024-04-16 19:29:14
5290,xiawang,女,北京市,2024-02-03 05:49:05
5291,ezheng,男,广州市,2024-11-22 15:57:06
5292,fang46,女,重庆市,2026-01-20 07:08:59
5293,lei89,男,北京市,2025-11-06 14:07:36
5294,jiekong,女,广州市,2024-05-20 23:20:54
5295,luoyong,女,上海市,2024-08-08 10:03:28
5296,qiang58,男,广州市,2024-11-01 13:55:32
5297,guiyingwu,男,长沙市,2023-05-30 22:14:09
5298,juntian,女,青岛市,2023-08-22 19:03:02
5299,xiewei,男,天津市,2024-10-05 17:11:22
5300,fuqiang,男,广州市,2024-05-21 02:34:47
5301,rcai,男,北京市,2025-07-19 20:57:17
5302,gcao,男,深圳市,2024-03-27 23:14:22
5303,wshen,男,合肥市,2026-02-01 14:53:19
5304,fangxiao,女,长沙市,2024-04-27 10:56:43
5305,yxu,女,杭州市,2026-01-17 05:27:46
5306,jjia,女,深圳市,2024-02-03 14:27:16
5307,guiyingyan,女,南昌市,2025-07-15 00:15:09
5308,gangxie,男,海口市,2026-04-25 12:26:44
5309,yan32,男,杭州市,2023-08-02 09:37:48
5310,cjia,男,武汉市,2026-02-02 16:37:56
5311,jing87,男,北京市,2025-09-03 10:55:48
5312,tduan,女,西安市,2024-09-03 11:59:42
5313,qiangpan,男,合肥市,2023-08-06 02:22:22
5314,gangshen,女,深圳市,2025-08-04 00:21:46
5315,xduan,女,武汉市,2023-08-28 09:06:57
5316,mgu,男,杭州市,2023-10-26 19:20:11
5317,jingluo,男,上海市,2023-10-30 09:26:36
5318,dengguiying,女,上海市,2023-08-16 14:06:36
5319,gaojuan,男,北京市,2023-07-11 08:45:09
5320,jie27,男,南京市,2025-02-06 11:20:50
5321,lei77,女,青岛市,2025-11-17 01:34:20
5322,chenggang,男,西安市,2024-06-14 04:54:26
5323,nayang,男,长沙市,2026-03-26 04:27:50
5324,yong67,女,武汉市,2024-02-20 09:16:32
5325,fkong,女,深圳市,2025-09-11 12:33:12
5326,zsu,女,长沙市,2024-12-08 17:10:49
5327,liangmin,女,成都市,2025-01-25 21:51:42
5328,nzhong,女,北京市,2024-04-15 17:24:34
5329,xiuying09,男,广州市,2023-11-09 18:20:30
5330,zhouchao,男,北京市,2025-06-14 12:52:35
5331,txue,女,深圳市,2026-05-06 21:42:09
5332,taoyin,女,青岛市,2023-09-28 15:51:01
5333,gaojie,女,天津市,2025-10-09 07:48:09
5334,qianghao,女,南昌市,2024-12-31 04:44:16
5335,yixiulan,男,上海市,2023-12-09 07:07:10
5336,jingxiao,女,南京市,2024-02-20 08:57:24
5337,guiying78,女,成都市,2024-02-29 19:38:11
5338,jieliu,男,西安市,2023-10-11 03:37:31
5339,ftian,女,西安市,2024-11-23 19:05:29
5340,huguiying,女,北京市,2024-12-16 00:33:29
5341,juan45,女,深圳市,2024-04-21 21:25:09
5342,taohuang,女,郑州市,2024-04-02 01:43:14
5343,libai,女,广州市,2024-01-05 16:00:40
5344,jing82,女,广州市,2023-12-19 20:11:01
5345,jungao,男,北京市,2024-11-01 21:01:26
5346,tao98,女,天津市,2024-10-12 05:52:58
5347,kongjie,男,重庆市,2025-07-29 20:20:16
5348,fangcao,女,重庆市,2024-11-10 11:14:23
5349,jing40,男,上海市,2023-07-05 03:38:37
5350,jing05,女,北京市,2025-04-16 03:06:25
5351,caimin,男,广州市,2023-11-27 19:56:05
5352,fengtao,男,海口市,2024-12-29 20:25:19
5353,guiying95,男,郑州市,2024-01-08 21:28:03
5354,yong87,女,广州市,2024-12-09 15:57:03
5355,yang34,男,天津市,2024-12-10 20:59:27
5356,maoguiying,女,北京市,2025-01-26 11:47:56
5357,jieqin,女,天津市,2024-08-19 12:21:16
5358,fanglei,男,上海市,2026-01-26 21:07:20
5359,leiguiying,男,武汉市,2023-07-24 19:19:54
5360,minggu,女,成都市,2025-06-11 04:54:03
5361,yong96,男,北京市,2026-02-21 01:50:18
5362,guiyingkang,男,青岛市,2024-05-04 13:33:04
5363,lei68,女,杭州市,2024-08-26 15:26:18
5364,pluo,女,重庆市,2026-01-03 18:41:42
5365,ifan,女,青岛市,2023-09-22 04:41:58
5366,yangzhou,女,杭州市,2025-04-02 00:08:59
5367,yong09,女,杭州市,2023-06-03 18:54:55
5368,juan49,男,深圳市,2026-03-30 18:53:17
5369,xiacheng,男,青岛市,2024-01-17 05:28:44
5370,ping34,女,成都市,2023-09-03 12:50:40
5371,xiulan46,女,天津市,2025-05-02 14:32:39
5372,min85,男,重庆市,2026-01-06 04:33:54
5373,zhoutao,女,青岛市,2025-05-09 10:37:51
5374,yanzhao,女,长沙市,2024-05-10 16:56:33
5375,nlai,女,重庆市,2025-05-24 05:46:34
5376,baifang,女,广州市,2025-11-28 23:29:35
5377,jing93,女,北京市,2025-06-28 23:34:09
5378,gang76,女,青岛市,2025-08-19 14:39:03
5379,sgong,女,北京市,2024-03-10 23:15:33
5380,chaodu,女,上海市,2024-09-20 23:24:01
5381,dsong,男,杭州市,2024-12-04 04:06:18
5382,gang99,女,贵阳市,2025-07-21 03:15:30
5383,wqiu,男,上海市,2025-07-24 12:07:33
5384,lkang,女,南京市,2023-11-15 01:54:12
5385,kangmin,女,武汉市,2025-05-28 21:53:06
5386,na02,男,深圳市,2023-07-28 11:39:24
5387,dxiong,女,成都市,2024-01-27 18:13:47
5388,yinfang,男,成都市,2024-12-28 10:51:33
5389,zhangjie,男,长沙市,2025-04-26 11:15:34
5390,xiuying27,女,成都市,2026-01-08 16:39:15
5391,tanping,男,广州市,2023-06-19 14:40:25
5392,xiongjuan,女,杭州市,2023-08-03 07:04:21
5393,kcheng,女,青岛市,2023-08-24 12:19:50
5394,caolei,男,广州市,2026-04-25 07:54:38
5395,jiangxiuying,女,青岛市,2025-03-28 05:34:50
5396,wangwei,男,上海市,2025-06-21 03:44:42
5397,juankong,男,长沙市,2026-03-27 06:32:16
5398,tao59,女,重庆市,2026-03-16 02:53:36
5399,pjin,女,深圳市,2026-01-14 18:14:47
5400,ftao,男,兰州市,2025-11-02 09:21:12
5401,mengqiang,男,深圳市,2026-01-29 09:51:54
5402,xialin,男,北京市,2024-10-11 23:23:21
5403,wyan,男,杭州市,2025-03-05 01:15:08
5404,yanyi,女,上海市,2023-09-05 18:14:08
5405,syuan,女,上海市,2024-09-14 00:51:06
5406,qiangyao,男,长沙市,2024-09-26 14:27:44
5407,yitao,男,广州市,2025-12-13 16:32:43
5408,hhuang,女,西安市,2025-03-19 17:51:30
5409,ghuang,男,深圳市,2025-10-25 07:28:37
5410,jing20,男,北京市,2025-04-26 10:49:10
5411,caoyong,男,合肥市,2026-04-23 22:48:34
5412,exiao,女,上海市,2025-08-17 21:56:19
5413,mlin,女,广州市,2024-05-05 23:54:27
5414,wangyong,女,西安市,2024-07-04 23:02:55
5415,lilei,男,北京市,2023-06-17 20:12:44
5416,chao08,男,深圳市,2026-04-04 19:23:32
5417,yaochao,女,杭州市,2024-04-20 22:12:31
5418,vgao,男,南京市,2024-03-10 05:08:34
5419,yangyuan,男,杭州市,2023-09-11 06:57:59
5420,denggang,男,重庆市,2024-11-21 12:15:33
5421,junma,男,西安市,2025-07-05 11:04:05
5422,guiying01,女,成都市,2025-10-31 10:24:15
5423,guiying65,男,北京市,2024-06-07 08:43:44
5424,jiawei,女,西安市,2024-11-17 20:36:18
5425,chao56,女,上海市,2024-11-07 23:59:27
5426,pingfeng,女,成都市,2024-02-13 11:48:23
5427,fang98,女,深圳市,2025-08-09 02:24:41
5428,chao08,女,北京市,2023-06-07 13:39:13
5429,qinyan,女,重庆市,2025-10-24 21:15:46
5430,fgong,男,重庆市,2024-03-10 22:08:14
5431,jun53,女,北京市,2024-08-25 03:11:15
5432,kchang,女,重庆市,2023-10-06 17:33:44
5433,yongliang,男,郑州市,2023-09-21 02:36:19
5434,juanlong,男,广州市,2024-03-27 16:58:11
5435,zhoulei,女,南京市,2024-01-30 07:41:27
5436,ujiang,女,南京市,2025-10-12 06:39:21
5437,liangyan,男,南昌市,2026-01-03 04:45:30
5438,xiulan59,女,郑州市,2024-01-24 04:43:56
5439,ujin,男,上海市,2024-02-18 05:27:15
5440,lyuan,女,重庆市,2025-03-10 06:52:50
5441,li98,女,北京市,2025-02-09 23:59:14
5442,thou,男,深圳市,2025-02-06 19:24:06
5443,taoguiying,男,北京市,2023-10-25 02:43:05
5444,dujing,女,西安市,2025-01-27 09:07:00
5445,li62,女,上海市,2023-06-06 07:17:13
5446,xiuyingma,女,广州市,2024-01-10 18:41:50
5447,jingzeng,女,西安市,2025-07-17 19:45:25
5448,wei97,男,广州市,2026-02-24 17:13:52
5449,ayuan,男,合肥市,2024-12-15 19:41:24
5450,sujun,男,武汉市,2023-11-16 22:12:38
5451,wei55,女,合肥市,2024-03-28 22:11:34
5452,laichao,男,上海市,2023-11-20 11:22:08
5453,qianggao,男,广州市,2023-12-09 16:17:44
5454,jiangyong,女,长沙市,2026-01-26 19:41:11
5455,jun17,女,深圳市,2026-01-24 08:40:17
5456,shaomin,男,深圳市,2025-10-01 09:12:43
5457,minglai,男,南昌市,2025-12-23 03:55:19
5458,lxu,男,南京市,2025-06-08 06:39:45
5459,juanxiao,男,深圳市,2025-12-17 04:14:42
5460,yqiu,男,上海市,2024-05-05 23:07:47
5461,qiangyang,男,北京市,2024-07-22 07:15:58
5462,changyan,女,深圳市,2024-10-27 06:01:39
5463,jiedeng,女,海口市,2023-07-25 16:28:41
5464,guiying76,男,合肥市,2026-01-15 22:49:40
5465,gxu,男,北京市,2024-05-19 01:19:38
5466,esu,女,南昌市,2024-02-28 03:09:32
5467,bliao,男,南昌市,2024-01-21 05:10:21
5468,leichao,女,南昌市,2025-10-28 03:07:30
5469,yangsong,女,成都市,2024-08-18 03:10:17
5470,minwan,男,广州市,2023-11-13 18:08:33
5471,changyan,女,西安市,2024-02-18 21:51:41
5472,pingtian,男,南京市,2025-11-16 19:24:49
5473,xiangguiying,女,武汉市,2024-03-23 09:41:23
5474,juan29,男,长沙市,2026-03-30 05:10:42
5475,psu,男,北京市,2024-10-04 19:43:48
5476,hqiu,女,兰州市,2024-09-08 11:59:38
5477,qzou,男,成都市,2024-01-20 04:37:38
5478,minmao,男,上海市,2025-07-11 16:15:01
5479,jing00,男,重庆市,2023-07-26 03:26:16
5480,taohuang,男,成都市,2024-10-06 10:18:16
5481,sungang,女,北京市,2024-08-10 01:09:32
5482,chaozhu,男,郑州市,2024-01-22 09:21:48
5483,hliu,男,深圳市,2024-09-29 05:07:39
5484,leidai,男,广州市,2024-09-09 06:54:45
5485,xiulankong,男,郑州市,2025-01-13 18:45:16
5486,ming49,女,上海市,2025-06-23 11:27:49
5487,pingzhang,男,合肥市,2024-08-20 13:32:55
5488,kangli,男,重庆市,2024-12-23 15:55:11
5489,fang03,男,海口市,2024-04-22 08:21:32
5490,yanhu,女,武汉市,2025-06-08 20:37:24
5491,jieliang,男,青岛市,2024-01-19 17:38:28
5492,qiang79,女,北京市,2025-06-11 13:42:09
5493,mduan,男,深圳市,2025-08-03 15:24:02
5494,yong67,女,合肥市,2024-07-12 10:58:55
5495,rhu,女,兰州市,2025-08-27 01:01:23
5496,ping27,女,上海市,2024-11-27 22:30:31
5497,mingtian,男,杭州市,2023-11-06 08:09:43
5498,yan47,男,深圳市,2025-12-08 01:11:49
5499,yongmeng,女,长沙市,2026-03-11 16:15:27
5500,acheng,男,北京市,2025-12-10 08:26:47
5501,haoxiuying,男,重庆市,2023-12-15 14:55:42
5502,changyong,男,深圳市,2023-09-02 10:18:29
5503,ywu,男,武汉市,2025-03-30 07:39:42
5504,nashi,男,成都市,2025-02-22 20:01:15
5505,tao99,男,杭州市,2023-09-22 12:22:59
5506,xwen,男,长沙市,2024-07-16 12:46:46
5507,zhaowei,男,上海市,2025-02-22 11:06:36
5508,duanguiying,女,上海市,2025-03-22 20:10:14
5509,lianggang,女,合肥市,2023-10-24 16:16:30
5510,min77,女,西安市,2025-06-23 15:30:57
5511,minqiu,女,北京市,2026-02-07 21:38:00
5512,qianxia,女,杭州市,2024-09-02 01:15:26
5513,naxie,男,成都市,2025-04-12 20:19:54
5514,hanjun,男,西安市,2025-07-21 19:15:34
5515,chaobai,男,西安市,2025-04-02 03:08:51
5516,ming93,女,深圳市,2024-09-24 03:12:45
5517,juan98,男,北京市,2025-06-20 13:59:38
5518,mintang,女,成都市,2023-09-29 18:05:24
5519,zhangjun,女,广州市,2023-11-17 06:45:13
5520,exue,男,天津市,2025-01-29 08:36:47
5521,yong90,女,杭州市,2024-08-04 12:43:45
5522,jun97,男,广州市,2023-06-15 10:53:22
5523,ganglei,女,上海市,2025-01-06 08:22:06
5524,hhao,男,长沙市,2025-11-12 08:24:00
5525,xdong,女,长沙市,2024-09-19 13:20:05
5526,mindu,男,深圳市,2023-09-01 00:01:14
5527,na25,男,深圳市,2023-08-15 20:42:42
5528,ming03,女,重庆市,2025-02-02 20:00:26
5529,yinwei,男,广州市,2024-10-21 00:47:55
5530,xiulan32,男,郑州市,2024-08-18 01:36:50
5531,tao00,女,北京市,2025-09-10 16:04:18
5532,fye,男,成都市,2026-05-06 15:18:48
5533,jiayan,男,南京市,2025-04-06 01:19:27
5534,ganggu,女,重庆市,2023-06-28 21:16:30
5535,gang19,男,北京市,2024-02-02 12:24:42
5536,yangqiu,男,长沙市,2025-08-17 20:37:19
5537,wenjuan,男,成都市,2026-02-03 23:38:20
5538,yong36,男,海口市,2024-11-14 10:34:07
5539,nayu,女,成都市,2025-06-14 00:44:09
5540,xiacai,女,武汉市,2026-03-31 01:42:07
5541,fangtao,女,上海市,2024-06-07 03:12:36
5542,shenyan,男,青岛市,2024-03-19 17:24:56
5543,xia42,女,贵阳市,2026-04-11 05:44:50
5544,tanwei,男,上海市,2024-09-26 06:04:06
5545,zhangxiulan,男,海口市,2023-06-23 04:51:30
5546,ffeng,女,南京市,2023-11-13 18:19:23
5547,qiang14,女,南京市,2024-12-30 18:09:46
5548,linwei,男,南昌市,2024-09-18 14:01:25
5549,jzhou,女,武汉市,2023-07-08 16:14:39
5550,jing94,男,成都市,2023-06-16 02:53:08
5551,ming77,女,杭州市,2024-04-20 09:13:29
5552,fangdu,男,南京市,2025-09-20 19:25:39
5553,dongxiuying,男,海口市,2023-09-27 20:30:28
5554,ping86,男,北京市,2024-05-14 23:52:10
5555,fmeng,女,上海市,2025-06-19 23:19:20
5556,chaogao,男,北京市,2024-04-08 18:06:55
5557,tao17,女,北京市,2023-07-23 10:06:28
5558,shaoxiuying,男,北京市,2025-07-27 19:13:12
5559,pingyi,男,北京市,2023-10-06 07:44:09
5560,tmo,女,西安市,2025-06-02 11:59:02
5561,sunping,男,郑州市,2024-12-14 23:21:51
5562,juan11,男,长沙市,2023-10-31 22:36:46
5563,gaolei,男,杭州市,2024-02-16 09:41:07
5564,bzou,男,青岛市,2023-11-16 04:32:23
5565,mingxiong,男,南昌市,2024-11-04 06:57:35
5566,jyi,男,重庆市,2025-12-19 07:41:17
5567,fengyong,女,广州市,2025-01-06 14:01:44
5568,jie99,女,上海市,2025-10-05 07:34:26
5569,wangxiuying,女,杭州市,2025-04-29 05:51:11
5570,mingu,男,武汉市,2025-01-20 05:28:38
5571,mengyong,男,合肥市,2024-05-26 08:20:58
5572,guiyingyao,男,成都市,2025-08-03 16:40:43
5573,weijiang,男,北京市,2025-04-20 08:06:02
5574,min93,男,西安市,2025-09-22 15:41:56
5575,heming,男,成都市,2024-05-16 02:18:57
5576,aluo,男,杭州市,2023-05-31 11:30:58
5577,jiedeng,男,成都市,2024-03-23 23:23:38
5578,gjia,男,北京市,2024-10-25 00:49:12
5579,ganghe,女,南昌市,2023-06-09 01:37:57
5580,zqin,男,北京市,2023-11-26 22:08:51
5581,wenchao,男,南京市,2026-01-08 03:55:21
5582,gmao,女,上海市,2023-09-07 09:41:15
5583,laiping,男,青岛市,2025-02-09 04:26:40
5584,xiulanhu,女,北京市,2024-07-19 03:59:58
5585,tao14,女,郑州市,2026-05-15 22:44:01
5586,ncao,男,青岛市,2026-01-10 17:22:23
5587,juan16,女,长沙市,2024-07-28 05:37:41
5588,leiwei,男,贵阳市,2024-07-15 13:17:54
5589,luyan,男,贵阳市,2025-08-08 13:24:06
5590,junliang,女,杭州市,2024-04-23 03:54:36
5591,daixiulan,女,西安市,2025-06-28 13:49:10
5592,pzeng,女,重庆市,2023-06-27 17:44:43
5593,fangguiying,男,北京市,2024-07-25 17:26:30
5594,qiangwang,女,北京市,2024-07-31 16:58:17
5595,yang39,女,重庆市,2025-05-24 10:33:28
5596,leilai,男,合肥市,2026-01-14 13:16:38
5597,yongjin,女,西安市,2024-08-30 14:29:29
5598,gangzou,男,青岛市,2023-12-16 00:12:49
5599,jie01,男,杭州市,2024-11-17 11:42:43
5600,shimin,男,深圳市,2026-02-20 02:42:39
5601,lyi,男,深圳市,2024-08-19 10:50:45
5602,vcheng,女,长沙市,2023-07-22 11:46:01
5603,qiang18,男,武汉市,2026-03-04 04:45:27
5604,xshi,男,成都市,2025-10-31 21:25:31
5605,ybai,男,重庆市,2024-11-16 02:38:37
5606,fantao,男,南京市,2023-09-10 14:52:04
5607,xiatan,女,深圳市,2025-04-21 05:25:32
5608,li75,女,贵阳市,2024-06-22 15:45:50
5609,hanxiulan,男,长沙市,2026-01-01 18:30:33
5610,li55,男,南京市,2025-10-05 19:22:34
5611,otian,男,武汉市,2023-10-29 15:54:18
5612,zhaoxiulan,女,上海市,2024-04-10 23:49:46
5613,yanhe,女,南京市,2025-08-13 11:22:06
5614,lei46,男,广州市,2025-07-04 05:14:42
5615,xia46,男,郑州市,2026-03-22 23:21:29
5616,juanliang,男,杭州市,2023-09-04 19:48:15
5617,chaodong,男,成都市,2024-05-24 22:27:13
5618,vluo,女,广州市,2025-10-25 12:24:14
5619,longgang,女,上海市,2025-12-21 16:50:14
5620,xiaxue,女,成都市,2024-05-03 03:09:17
5621,hanmin,女,西安市,2023-06-09 16:16:27
5622,xiulan06,男,南昌市,2025-08-25 03:10:31
5623,ljiang,男,成都市,2024-03-26 16:16:43
5624,gangbai,男,武汉市,2024-07-31 09:26:29
5625,liangli,男,南京市,2025-08-26 21:25:44
5626,yong95,男,上海市,2023-09-22 00:39:21
5627,liding,女,海口市,2024-08-29 01:39:35
5628,juntan,男,北京市,2024-03-07 21:08:20
5629,xiulanmao,女,深圳市,2025-12-12 04:18:13
5630,tanwei,女,广州市,2023-11-07 08:51:25
5631,lei23,女,武汉市,2025-07-30 02:37:24
5632,pmo,女,北京市,2024-10-10 05:08:06
5633,gfeng,女,合肥市,2024-07-26 23:00:01
5634,fang24,女,西安市,2023-12-08 08:35:37
5635,jinglu,男,青岛市,2024-09-02 04:25:43
5636,fangyuan,男,上海市,2025-09-17 16:39:39
5637,gangchen,女,上海市,2026-03-29 11:20:30
5638,jie47,男,北京市,2025-11-20 22:14:43
5639,taolong,女,深圳市,2023-10-27 03:40:06
5640,lei26,男,兰州市,2024-08-27 11:01:41
5641,dongxiulan,女,海口市,2025-03-31 06:28:05
5642,yejie,男,杭州市,2025-09-19 14:52:32
5643,songjie,女,北京市,2024-02-02 04:27:54
5644,ctang,男,海口市,2025-05-02 10:00:50
5645,zhangli,男,武汉市,2023-09-16 18:32:43
5646,yang84,女,北京市,2026-03-05 13:00:01
5647,qinchao,女,北京市,2024-08-21 16:10:27
5648,taozhang,男,深圳市,2025-05-08 15:31:12
5649,shijun,男,北京市,2025-04-07 09:59:32
5650,liaoqiang,男,北京市,2024-11-21 16:20:00
5651,lijin,女,成都市,2024-06-24 10:00:05
5652,mamin,男,重庆市,2025-07-04 03:01:19
5653,guiyingyin,男,杭州市,2024-02-27 20:38:05
5654,li04,男,上海市,2025-01-20 11:31:24
5655,jielei,女,重庆市,2025-04-08 03:46:21
5656,chaoshao,女,青岛市,2024-05-20 08:42:38
5657,tlei,男,重庆市,2025-04-20 09:06:16
5658,xiuyingwan,女,上海市,2023-06-27 14:38:39
5659,yanchao,男,深圳市,2025-06-27 11:47:32
5660,sunchao,女,天津市,2026-05-04 19:15:18
5661,yanglin,男,上海市,2024-12-23 11:28:38
5662,zhongxiulan,女,重庆市,2023-06-26 18:16:18
5663,guxia,女,深圳市,2024-11-24 08:32:28
5664,zhaoxiulan,女,天津市,2023-12-27 02:49:04
5665,xielei,男,西安市,2025-06-14 21:12:27
5666,ytan,男,杭州市,2026-02-18 15:06:02
5667,xiangwei,女,成都市,2025-02-28 23:38:25
5668,taoyong,女,郑州市,2025-02-12 08:41:54
5669,lgao,男,广州市,2025-06-02 20:20:42
5670,gaogang,男,北京市,2024-12-16 05:10:56
5671,yaoguiying,女,深圳市,2024-10-08 02:30:17
5672,yong00,女,杭州市,2023-06-11 00:17:21
5673,xiaojuan,女,天津市,2023-07-10 20:30:27
5674,minxu,女,南昌市,2023-10-15 14:09:42
5675,weixiong,女,深圳市,2023-08-10 12:35:41
5676,fangming,男,北京市,2024-07-26 12:34:22
5677,juan79,男,天津市,2023-11-06 07:32:53
5678,junlai,女,天津市,2025-05-29 19:41:55
5679,ping89,男,南昌市,2026-03-21 14:44:40
5680,jingtang,女,广州市,2024-07-17 17:48:37
5681,dengfang,女,成都市,2025-10-04 10:36:06
5682,rye,男,青岛市,2024-05-31 18:22:21
5683,xiulanbai,女,成都市,2025-01-10 00:52:28
5684,fengqiang,女,北京市,2024-06-24 18:18:10
5685,jun76,女,长沙市,2025-05-18 20:21:02
5686,awu,男,成都市,2023-06-27 01:03:50
5687,hyuan,男,北京市,2026-03-16 02:29:17
5688,na34,男,深圳市,2023-06-05 22:07:39
5689,ndai,男,长沙市,2025-04-10 22:47:13
5690,yang17,男,广州市,2025-01-10 20:31:47
5691,guiyinghao,男,杭州市,2025-03-04 04:39:23
5692,myin,女,天津市,2025-11-20 20:53:21
5693,minhou,女,重庆市,2026-03-10 16:42:01
5694,slin,女,杭州市,2024-10-14 17:18:40
5695,min72,男,海口市,2025-01-26 10:14:04
5696,moguiying,男,天津市,2026-05-14 22:19:12
5697,weiguiying,男,深圳市,2024-10-02 21:17:08
5698,tjiang,女,上海市,2025-01-20 10:46:17
5699,xiulanqin,女,长沙市,2024-08-17 23:02:37
5700,cye,男,上海市,2024-03-01 20:08:20
5701,fangyan,男,西安市,2025-03-09 19:41:16
5702,xiulansun,男,南京市,2023-12-24 23:46:56
5703,guiyingxue,女,长沙市,2024-07-10 13:39:55
5704,qiang62,男,武汉市,2024-12-05 08:32:36
5705,yan62,男,北京市,2023-07-05 21:18:29
5706,xiuying07,女,深圳市,2024-11-13 05:52:40
5707,shiqiang,女,武汉市,2025-08-21 14:47:09
5708,laiyan,女,长沙市,2025-10-14 05:58:40
5709,ichen,女,上海市,2024-07-10 06:33:26
5710,wlin,男,广州市,2023-12-06 13:17:59
5711,zouguiying,女,武汉市,2024-11-27 19:01:17
5712,daigang,男,北京市,2025-12-17 11:12:18
5713,fye,男,合肥市,2025-12-26 19:56:03
5714,kding,男,北京市,2023-06-18 08:22:03
5715,moqiang,男,兰州市,2024-10-26 13:00:40
5716,zzou,女,成都市,2025-10-09 02:35:02
5717,yan32,男,武汉市,2025-08-11 14:40:41
5718,tcheng,男,天津市,2025-06-11 14:02:06
5719,juan31,男,北京市,2026-03-18 20:10:27
5720,xia93,女,成都市,2025-06-09 22:01:33
5721,fangtan,男,广州市,2023-08-05 20:49:42
5722,xia48,男,青岛市,2023-11-12 05:07:10
5723,ming44,男,深圳市,2026-02-11 12:29:49
5724,yanpeng,男,长沙市,2024-02-29 19:27:34
5725,fuqiang,男,武汉市,2023-09-16 01:18:52
5726,maowei,女,杭州市,2025-04-07 21:42:01
5727,dongna,男,上海市,2025-05-31 09:51:11
5728,pxie,女,南京市,2025-05-03 19:51:23
5729,klei,女,北京市,2024-11-02 05:06:25
5730,zhuyong,女,上海市,2025-06-13 11:15:27
5731,yongchen,男,南京市,2024-03-07 09:00:10
5732,juan49,男,武汉市,2025-11-15 20:06:02
5733,hujie,女,北京市,2023-09-01 15:25:58
5734,leilei,男,杭州市,2024-04-12 02:08:11
5735,guiying68,男,杭州市,2024-09-11 11:15:05
5736,xiulanliao,女,北京市,2026-01-06 09:33:05
5737,mingqin,女,郑州市,2023-10-01 17:12:17
5738,fren,男,南京市,2026-05-20 22:17:42
5739,wei30,女,海口市,2025-05-22 13:39:25
5740,rgu,女,南京市,2024-04-26 14:53:25
5741,xiuyingbai,男,杭州市,2024-02-04 18:20:25
5742,blin,男,南京市,2025-04-16 09:41:32
5743,sujun,女,深圳市,2024-06-27 05:18:13
5744,yang19,男,天津市,2024-05-10 03:00:19
5745,na25,男,北京市,2023-12-13 05:12:39
5746,liaotao,男,武汉市,2024-01-16 15:51:32
5747,yangkong,男,重庆市,2025-08-23 20:39:43
5748,xhan,女,上海市,2024-01-06 20:10:40
5749,cailei,女,青岛市,2024-01-23 23:53:47
5750,xialuo,女,北京市,2024-05-19 10:01:59
5751,xiuyingxiang,女,上海市,2024-08-17 18:31:25
5752,igong,男,天津市,2024-07-15 08:19:01
5753,ghou,男,长沙市,2026-02-13 21:16:58
5754,qmao,女,长沙市,2023-06-12 06:44:09
5755,wye,女,上海市,2024-12-11 13:11:38
5756,zhugang,男,合肥市,2023-09-07 16:39:05
5757,gujuan,男,广州市,2025-11-03 08:36:37
5758,yongfeng,女,南京市,2024-05-03 22:54:14
5759,zhuxiulan,男,上海市,2025-05-11 13:56:50
5760,yang29,女,北京市,2025-06-22 11:59:22
5761,gyu,女,深圳市,2023-11-25 23:37:29
5762,gang97,男,重庆市,2024-09-08 13:26:43
5763,junwang,男,杭州市,2024-11-12 19:07:31
5764,gaoyan,男,南京市,2024-05-30 19:28:29
5765,mingtian,女,郑州市,2024-02-05 22:31:32
5766,mdong,男,南昌市,2025-07-19 16:50:42
5767,qyan,女,西安市,2024-12-21 13:21:06
5768,qiang96,女,南京市,2024-12-17 00:17:37
5769,xuli,男,重庆市,2026-04-09 11:07:13
5770,maoqiang,男,呼和浩特市,2024-04-13 23:11:20
5771,jfang,女,杭州市,2025-10-08 20:24:35
5772,xiuyinglong,女,重庆市,2024-03-19 11:32:33
5773,hwen,男,深圳市,2025-11-23 04:30:16
5774,jun70,男,贵阳市,2026-05-06 18:12:16
5775,na80,男,青岛市,2026-04-29 22:42:19
5776,qiaogang,女,深圳市,2026-04-15 01:19:01
5777,yinfang,男,上海市,2023-06-27 19:59:18
5778,vzhou,女,成都市,2025-04-22 03:19:58
5779,xiangxia,男,南京市,2026-04-24 03:38:29
5780,minglin,女,重庆市,2024-11-12 03:47:48
5781,gang28,女,广州市,2024-11-29 17:07:31
5782,xiadong,男,上海市,2025-12-01 20:38:57
5783,oliang,女,合肥市,2025-04-18 18:23:39
5784,lei87,女,北京市,2026-03-10 17:19:08
5785,xiuyingqin,女,深圳市,2025-06-15 04:17:29
5786,yongwan,女,上海市,2023-10-27 09:08:05
5787,chaoduan,女,郑州市,2024-05-28 22:16:57
5788,jun57,女,上海市,2025-07-13 16:46:27
5789,hhou,男,重庆市,2025-09-04 01:05:09
5790,yang27,男,合肥市,2025-05-05 13:55:04
5791,chentao,男,深圳市,2023-12-27 06:23:46
5792,lei29,男,兰州市,2024-01-20 16:36:26
5793,rwan,女,上海市,2024-04-18 08:22:50
5794,ktao,男,广州市,2025-07-07 20:40:26
5795,fang73,男,深圳市,2024-09-30 22:54:23
5796,lei23,女,重庆市,2025-02-06 15:24:59
5797,fanmin,女,合肥市,2026-05-16 06:42:04
5798,czhao,女,北京市,2024-06-15 22:00:17
5799,leifu,女,青岛市,2026-01-09 18:01:27
5800,min59,男,南京市,2024-11-14 14:33:25
5801,pxiang,男,深圳市,2023-09-12 16:58:41
5802,fengjuan,男,北京市,2026-03-09 22:01:28
5803,ming63,女,北京市,2023-12-12 22:52:48
5804,shilei,男,重庆市,2024-11-24 09:01:39
5805,cyi,男,上海市,2026-04-09 07:48:18
5806,gang61,男,贵阳市,2025-03-13 05:49:09
5807,lei70,男,成都市,2024-10-26 13:37:08
5808,xia54,男,重庆市,2025-07-14 03:02:42
5809,jingyu,女,长沙市,2025-12-14 20:29:00
5810,qianghu,男,海口市,2025-12-16 11:22:02
5811,yyin,女,广州市,2023-08-20 23:05:51
5812,weizhao,女,北京市,2025-03-11 03:42:50
5813,shimin,女,郑州市,2025-04-03 20:03:52
5814,jingxiang,女,天津市,2025-02-27 03:08:19
5815,qiangang,男,北京市,2025-07-12 22:13:44
5816,gren,男,郑州市,2023-08-30 05:40:36
5817,guiyingliu,女,上海市,2023-12-06 19:40:23
5818,along,男,青岛市,2024-10-15 15:20:49
5819,zzhu,男,郑州市,2025-08-23 02:50:22
5820,mogang,男,郑州市,2024-10-15 21:07:53
5821,bshi,男,深圳市,2025-11-26 14:10:11
5822,xxiao,女,武汉市,2025-01-02 00:52:59
5823,chaotian,女,上海市,2023-08-09 09:32:31
5824,fzhong,女,南京市,2024-07-17 09:38:59
5825,mzhu,女,北京市,2023-08-02 02:50:12
5826,alei,男,上海市,2026-03-11 09:17:52
5827,lzou,女,成都市,2025-11-03 14:48:05
5828,shenyong,女,青岛市,2024-07-03 19:17:46
5829,axia,女,合肥市,2023-07-01 19:56:36
5830,fang99,女,上海市,2023-07-20 01:15:23
5831,vsu,男,北京市,2023-10-28 09:37:04
5832,xiulan68,女,上海市,2026-01-27 14:08:42
5833,yhan,女,天津市,2025-06-19 15:24:03
5834,yang57,男,贵阳市,2024-10-14 03:56:54
5835,songqiang,女,广州市,2025-02-10 00:44:10
5836,eqiu,男,深圳市,2025-05-11 17:19:56
5837,junwen,男,成都市,2023-12-03 01:09:49
5838,caomin,男,杭州市,2026-03-27 03:15:26
5839,shaoxiuying,女,郑州市,2026-03-11 08:28:24
5840,uqiu,男,南京市,2023-08-07 16:25:48
5841,gzhong,女,上海市,2025-02-18 07:28:19
5842,wei59,男,武汉市,2023-07-09 04:54:23
5843,gang08,女,西安市,2025-03-24 04:51:22
5844,gaoyong,男,北京市,2024-05-23 07:58:30
5845,daili,男,上海市,2024-12-31 19:39:02
5846,jing43,男,深圳市,2024-05-14 18:07:17
5847,xhao,女,武汉市,2025-06-12 09:48:01
5848,zhongchao,女,北京市,2025-05-31 21:03:51
5849,kongguiying,女,深圳市,2024-06-14 21:05:43
5850,guiyingsong,女,南昌市,2024-10-25 20:38:00
5851,upan,男,北京市,2025-02-22 18:44:14
5852,sjin,女,上海市,2024-10-20 05:43:05
5853,yang02,女,青岛市,2025-03-15 14:32:44
5854,zhutao,男,广州市,2025-08-06 09:15:00
5855,chaowan,男,成都市,2025-04-10 16:25:28
5856,zhouxia,男,上海市,2025-10-15 21:16:09
5857,houfang,男,海口市,2024-08-01 03:21:08
5858,li84,男,上海市,2025-02-22 13:50:12
5859,khu,男,广州市,2026-03-13 02:17:35
5860,qiaolei,男,上海市,2024-11-28 21:31:18
5861,lujing,女,武汉市,2024-04-05 20:51:11
5862,nyan,男,深圳市,2025-08-27 14:19:06
5863,yongcao,男,杭州市,2026-03-11 15:13:49
5864,na35,男,广州市,2026-04-02 15:28:10
5865,qtang,男,深圳市,2024-11-28 07:47:13
5866,jun90,女,天津市,2025-12-04 22:54:03
5867,juantan,女,青岛市,2025-09-14 09:06:04
5868,msu,男,青岛市,2026-03-22 12:10:04
5869,yan91,男,重庆市,2024-03-24 06:56:50
5870,yanliu,女,广州市,2025-07-25 06:18:55
5871,ulai,女,合肥市,2023-06-20 03:55:34
5872,yan43,男,武汉市,2024-08-02 22:29:32
5873,na00,男,南京市,2024-03-06 16:26:22
5874,yma,男,武汉市,2023-09-18 06:41:10
5875,gxie,女,天津市,2024-08-07 20:40:30
5876,cyan,男,杭州市,2024-08-14 20:35:38
5877,wei97,男,上海市,2024-05-18 17:27:17
5878,li04,男,合肥市,2024-09-10 02:08:49
5879,nawen,男,长沙市,2024-02-08 21:08:39
5880,lshi,男,杭州市,2026-01-24 22:30:37
5881,lgu,女,青岛市,2024-01-31 16:56:24
5882,mzeng,男,北京市,2025-04-11 23:20:01
5883,leima,男,呼和浩特市,2025-09-16 18:21:11
5884,xiazheng,女,广州市,2024-05-28 06:50:31
5885,yongzhong,男,武汉市,2024-04-22 06:25:42
5886,fang69,男,深圳市,2024-10-12 22:31:41
5887,juan76,男,上海市,2025-08-28 08:59:06
5888,pingzhao,男,重庆市,2023-11-09 02:51:15
5889,tianping,女,上海市,2024-05-30 12:09:51
5890,xiuying44,女,南昌市,2024-08-13 21:36:25
5891,hanguiying,男,合肥市,2025-11-30 08:42:16
5892,yang09,女,杭州市,2025-10-10 07:02:03
5893,vduan,女,北京市,2025-04-15 18:06:34
5894,gujuan,女,南昌市,2025-09-24 10:44:50
5895,taocui,男,青岛市,2025-01-06 05:33:52
5896,na20,女,广州市,2025-11-11 04:38:04
5897,litao,女,杭州市,2025-03-10 16:39:24
5898,gyang,男,重庆市,2024-07-02 01:45:48
5899,wanlei,男,武汉市,2025-12-08 18:51:46
5900,ptang,女,长沙市,2024-01-29 23:03:52
5901,na21,女,天津市,2025-08-27 13:09:21
5902,liaoguiying,男,成都市,2025-11-13 06:52:14
5903,gwan,女,深圳市,2024-06-20 15:31:56
5904,laiyong,男,天津市,2025-08-03 00:18:35
5905,chaodeng,男,上海市,2023-11-05 12:32:28
5906,qiangzhu,男,广州市,2023-09-25 02:52:39
5907,cuiwei,男,深圳市,2023-06-09 15:18:12
5908,taoxu,女,重庆市,2025-12-16 00:08:24
5909,shenjuan,男,西安市,2024-04-21 04:38:35
5910,leifang,男,青岛市,2025-07-13 10:07:56
5911,jun77,女,北京市,2026-03-16 11:31:23
5912,huangjuan,女,重庆市,2026-02-06 17:51:56
5913,ping99,男,合肥市,2024-01-30 18:55:18
5914,menglei,男,长沙市,2025-11-13 02:53:17
5915,gmo,女,郑州市,2023-11-23 14:06:29
5916,qinyong,女,杭州市,2025-09-14 15:35:24
5917,bjin,男,广州市,2024-01-21 17:01:53
5918,gangkong,男,郑州市,2023-08-20 06:06:18
5919,juncai,女,青岛市,2023-08-19 06:16:23
5920,vshao,男,杭州市,2025-05-27 01:48:08
5921,panjun,男,北京市,2025-12-06 23:30:45
5922,yaoyan,女,郑州市,2023-08-28 16:01:54
5923,xiuying25,女,成都市,2024-12-03 05:33:25
5924,yuwei,女,北京市,2024-10-29 21:55:46
5925,yangzheng,男,西安市,2026-03-12 14:02:42
5926,zhuli,男,武汉市,2025-03-29 20:01:30
5927,qianghe,女,重庆市,2024-09-16 12:27:58
5928,laiyan,女,南京市,2025-05-11 15:50:54
5929,yongzhang,男,广州市,2024-04-01 22:35:27
5930,yang11,男,长沙市,2024-12-09 01:06:47
5931,na94,男,海口市,2024-05-24 03:18:23
5932,yanfang,男,合肥市,2025-02-14 09:20:33
5933,uguo,女,合肥市,2024-10-07 07:35:25
5934,xiaotao,男,武汉市,2023-12-07 20:42:04
5935,zhonglei,男,西安市,2025-06-11 03:45:31
5936,cma,男,杭州市,2023-12-09 20:34:56
5937,pingliu,男,广州市,2024-01-26 23:00:40
5938,lizhao,女,成都市,2025-09-17 20:39:33
5939,yichao,女,深圳市,2024-08-22 18:05:00
5940,guiying08,男,北京市,2026-03-19 14:43:04
5941,zhouyong,女,成都市,2025-04-04 13:08:50
5942,xiulanliao,男,郑州市,2024-02-25 04:10:22
5943,guiyingxiang,男,成都市,2025-12-20 04:13:55
5944,yangmo,男,重庆市,2025-12-01 15:24:46
5945,ming38,男,成都市,2024-04-19 14:12:50
5946,mingtang,女,广州市,2024-11-09 09:40:46
5947,jinjing,女,重庆市,2024-02-06 04:20:07
5948,fenglei,男,北京市,2025-04-20 08:06:51
5949,gangliu,女,杭州市,2026-01-02 10:04:18
5950,yonglu,女,广州市,2024-02-25 20:00:33
5951,liangping,男,青岛市,2024-01-03 16:05:08
5952,mingcui,女,成都市,2024-02-25 06:25:06
5953,napan,女,深圳市,2024-08-10 23:01:18
5954,qinchao,女,武汉市,2024-12-12 11:45:32
5955,yang81,女,海口市,2024-04-05 22:36:54
5956,jintao,男,上海市,2025-12-07 00:22:19
5957,junhuang,男,上海市,2024-09-29 02:33:17
5958,caoxiuying,女,广州市,2024-03-06 17:34:03
5959,tqiao,男,南京市,2024-12-07 05:51:27
5960,juanqiao,男,南昌市,2025-10-22 20:16:22
5961,jing16,男,深圳市,2023-12-31 23:17:26
5962,lei77,男,重庆市,2023-08-20 07:12:44
5963,daijing,女,深圳市,2024-03-07 09:38:41
5964,jinguiying,男,深圳市,2023-09-17 13:08:48
5965,yangli,女,长沙市,2026-01-14 17:48:09
5966,nadu,男,上海市,2025-06-26 08:04:26
5967,guiyingye,男,兰州市,2023-09-09 04:27:13
5968,xiulan81,女,成都市,2025-07-22 07:37:12
5969,guiying64,男,贵阳市,2023-10-24 16:33:59
5970,jie61,男,南昌市,2026-05-07 01:14:07
5971,npan,女,武汉市,2024-06-14 14:19:59
5972,ping27,女,天津市,2023-12-18 10:25:26
5973,ktian,男,杭州市,2025-04-15 07:40:41
5974,jqin,男,长沙市,2023-12-02 19:48:23
5975,guiying74,男,上海市,2024-06-24 03:35:23
5976,hye,女,天津市,2024-05-12 06:39:31
5977,zhaona,女,上海市,2024-11-08 14:37:13
5978,weiwan,女,长沙市,2024-07-26 10:16:48
5979,ming99,女,上海市,2023-07-07 11:34:44
5980,xialong,女,合肥市,2025-11-14 22:33:51
5981,guiyingmo,男,长沙市,2025-03-12 03:00:34
5982,vxie,女,海口市,2025-12-30 08:04:26
5983,weiwen,女,长沙市,2023-10-29 09:50:05
5984,yongwang,女,青岛市,2024-09-08 13:19:03
5985,ojin,女,武汉市,2025-03-24 14:19:53
5986,chengguiying,男,南京市,2025-04-28 07:54:34
5987,lliu,男,上海市,2026-02-12 16:54:19
5988,yan59,男,青岛市,2023-09-12 13:07:27
5989,songping,女,西安市,2026-05-06 07:37:27
5990,yan09,男,深圳市,2025-01-13 16:24:53
5991,yangwei,男,北京市,2025-04-07 10:16:38
5992,vdeng,女,成都市,2025-06-29 11:31:54
5993,xiuying94,男,合肥市,2023-07-22 07:49:10
5994,tangping,男,武汉市,2024-04-21 15:04:51
5995,caijing,男,广州市,2024-01-20 07:01:40
5996,fang86,女,长沙市,2025-10-30 20:29:50
5997,jie82,男,杭州市,2024-11-08 16:52:49
5998,lyu,女,杭州市,2023-07-14 18:44:04
5999,fang04,女,西安市,2024-06-02 10:49:27
6000,pengchao,女,合肥市,2025-11-29 07:36:42
6001,yan36,女,贵阳市,2024-01-13 16:36:07
6002,guiying95,男,北京市,2025-03-14 23:05:00
6003,min11,女,贵阳市,2025-06-20 22:50:17
6004,cyang,女,贵阳市,2026-02-02 09:15:13
6005,vwang,男,北京市,2024-11-10 04:50:48
6006,natang,男,上海市,2025-01-21 10:03:03
6007,xiazou,男,西安市,2025-03-23 00:24:19
6008,jun12,男,杭州市,2024-01-24 16:38:32
6009,taoxu,女,杭州市,2025-06-22 01:22:53
6010,jun79,男,广州市,2023-06-22 07:10:10
6011,najia,男,郑州市,2025-12-19 18:07:01
6012,lei25,女,郑州市,2026-03-27 15:48:16
6013,weiduan,男,广州市,2023-10-04 02:22:21
6014,guiyingdai,男,杭州市,2026-03-15 00:54:59
6015,xiapan,女,北京市,2023-11-20 02:25:35
6016,jhou,女,长沙市,2023-11-21 02:16:43
6017,yeming,女,上海市,2023-08-26 19:04:15
6018,leigao,男,北京市,2025-11-17 22:17:40
6019,ming23,男,广州市,2025-04-26 07:26:57
6020,leipan,女,武汉市,2026-02-18 06:54:39
6021,kgong,女,南京市,2025-03-26 09:23:30
6022,qxu,女,深圳市,2025-08-07 20:19:02
6023,xiulan68,女,南昌市,2026-03-29 18:15:28
6024,weiyuan,男,南京市,2023-07-07 12:29:01
6025,maxiulan,男,北京市,2025-07-23 22:14:37
6026,yuanjing,女,青岛市,2025-09-05 07:08:37
6027,khou,男,南昌市,2025-08-09 03:32:24
6028,juan16,男,长沙市,2025-12-07 08:17:28
6029,vren,男,郑州市,2024-08-08 18:45:42
6030,lgu,女,武汉市,2024-07-31 12:56:19
6031,guiying02,女,郑州市,2025-12-23 05:08:47
6032,kongyang,女,天津市,2025-10-11 03:48:36
6033,na46,男,重庆市,2024-04-27 22:31:18
6034,pli,女,西安市,2024-11-25 20:29:07
6035,fang41,男,上海市,2025-03-04 01:42:43
6036,ping38,女,上海市,2024-11-01 10:35:09
6037,linjun,女,重庆市,2025-05-19 16:22:12
6038,zhangguiying,女,南京市,2026-02-10 06:54:09
6039,yongfang,女,杭州市,2025-01-07 00:08:49
6040,wei59,女,北京市,2025-08-18 14:46:09
6041,fwan,男,合肥市,2023-08-30 13:17:03
6042,xiuyingxie,女,武汉市,2025-03-08 23:02:04
6043,yangyang,女,北京市,2025-05-27 23:09:40
6044,guiyingduan,男,深圳市,2025-02-14 18:26:23
6045,mxia,男,北京市,2026-02-20 19:01:21
6046,tyi,女,武汉市,2023-09-01 15:04:18
6047,jjin,女,深圳市,2026-03-13 14:01:08
6048,yan14,男,上海市,2023-12-30 18:56:22
6049,kpeng,女,郑州市,2023-12-23 21:16:44
6050,min05,男,杭州市,2025-07-30 10:34:33
6051,zwei,男,南京市,2025-12-15 14:01:04
6052,wanming,男,北京市,2024-07-08 17:03:21
6053,yongli,女,杭州市,2024-08-23 03:43:18
6054,longtao,男,合肥市,2023-06-20 05:45:57
6055,ping80,女,上海市,2024-06-02 17:25:10
6056,yong79,男,成都市,2025-04-05 03:06:19
6057,hzeng,男,青岛市,2025-04-02 18:00:19
6058,xiongguiying,男,天津市,2026-01-21 13:33:38
6059,fangwen,男,上海市,2025-07-15 19:49:42
6060,qianglong,男,北京市,2025-09-01 05:32:15
6061,liutao,女,上海市,2024-05-21 12:13:46
6062,yuyan,男,深圳市,2024-09-06 17:25:59
6063,twang,女,重庆市,2026-05-04 21:31:39
6064,chao01,女,上海市,2023-08-11 12:10:53
6065,guiying50,男,长沙市,2023-06-30 12:10:15
6066,yuming,女,长沙市,2024-04-07 03:14:04
6067,jie14,女,兰州市,2024-05-29 14:54:35
6068,zhoujing,女,重庆市,2025-02-25 20:46:49
6069,yliao,男,上海市,2025-09-30 01:39:58
6070,dongli,男,长沙市,2023-12-07 23:15:34
6071,gtan,女,贵阳市,2024-11-09 19:47:10
6072,moxiulan,女,重庆市,2023-06-18 15:45:03
6073,jun01,女,合肥市,2024-07-28 09:05:12
6074,xiaqiang,男,深圳市,2023-06-16 05:18:21
6075,tao97,男,贵阳市,2025-01-25 23:29:40
6076,weiqian,男,重庆市,2023-07-14 21:43:50
6077,liyang,男,武汉市,2025-01-04 09:55:48
6078,kongyang,男,上海市,2024-12-30 03:23:18
6079,leifu,男,郑州市,2023-12-29 15:23:21
6080,na73,男,南京市,2026-01-10 04:49:28
6081,cuimin,男,天津市,2025-08-19 14:37:14
6082,songjuan,女,广州市,2025-05-01 22:44:16
6083,junlei,女,北京市,2023-06-16 22:14:46
6084,li42,女,重庆市,2023-12-24 17:27:33
6085,longgang,女,广州市,2024-01-22 14:52:52
6086,xiuying59,男,郑州市,2025-02-15 12:20:25
6087,panping,男,南昌市,2025-10-06 20:45:49
6088,wcheng,女,重庆市,2025-04-08 16:05:03
6089,lmeng,女,长沙市,2024-01-02 21:38:21
6090,yangwen,女,重庆市,2025-05-01 21:24:49
6091,ldai,女,海口市,2024-10-17 10:00:34
6092,fengguiying,女,南昌市,2023-07-04 14:11:42
6093,ipan,女,成都市,2025-12-24 00:25:53
6094,hyu,女,上海市,2024-10-07 23:47:29
6095,taoduan,男,武汉市,2023-12-06 00:26:08
6096,mlai,男,深圳市,2025-12-19 20:17:20
6097,jwu,女,合肥市,2024-03-31 03:01:02
6098,guoxiulan,男,南昌市,2024-06-28 02:01:13
6099,jun79,男,天津市,2023-09-24 02:03:58
6100,shenxiulan,男,长沙市,2023-10-01 19:41:59
6101,fhou,男,北京市,2024-12-08 17:58:25
6102,xiulan99,女,北京市,2025-02-28 20:21:44
6103,yan99,女,合肥市,2023-07-21 14:34:13
6104,chaoyi,女,郑州市,2025-01-20 23:46:29
6105,guiyingliao,女,北京市,2026-03-25 01:31:46
6106,ming85,女,郑州市,2024-06-24 01:38:30
6107,ilei,男,广州市,2024-12-08 14:05:29
6108,xiawei,女,北京市,2025-02-10 09:49:50
6109,jie78,女,兰州市,2025-08-17 17:19:51
6110,yongzou,女,成都市,2025-09-18 19:59:13
6111,xiuying19,女,南京市,2024-02-13 04:01:13
6112,cwan,女,海口市,2026-04-27 02:14:16
6113,weideng,女,北京市,2025-04-25 02:46:31
6114,guiyingmo,女,武汉市,2025-02-25 22:00:40
6115,guiyingxiang,男,合肥市,2026-03-29 03:14:59
6116,jxiao,男,上海市,2024-03-14 16:48:21
6117,fang23,女,上海市,2024-10-17 03:11:30
6118,kangna,男,郑州市,2023-11-22 09:25:19
6119,exiao,男,北京市,2023-09-11 06:26:44
6120,lijiang,女,北京市,2025-08-16 16:16:23
6121,fangyi,男,天津市,2023-06-27 08:35:36
6122,zhouping,男,南京市,2025-06-03 20:49:49
6123,zengping,女,成都市,2026-01-15 04:28:25
6124,taoguiying,女,青岛市,2026-02-19 07:57:21
6125,zoujun,男,南京市,2025-10-31 06:34:59
6126,wei86,女,合肥市,2026-01-15 17:25:27
6127,jieqiu,男,天津市,2025-07-15 07:34:47
6128,owu,男,成都市,2025-10-05 02:15:22
6129,yaoxia,女,上海市,2024-12-21 07:01:42
6130,ming93,女,长沙市,2024-06-19 19:49:11
6131,yuantao,男,深圳市,2025-04-07 00:17:01
6132,ming71,女,北京市,2024-04-18 01:47:03
6133,fang88,男,贵阳市,2024-02-24 19:47:44
6134,xiuyingdeng,女,重庆市,2024-01-04 10:50:14
6135,huyong,女,南京市,2026-05-03 23:15:30
6136,jjia,女,郑州市,2024-02-24 10:42:53
6137,juan48,男,南昌市,2024-12-25 15:05:40
6138,jiedai,女,长沙市,2025-12-08 02:03:04
6139,eyi,女,重庆市,2025-02-16 00:54:14
6140,jiangping,男,贵阳市,2025-06-20 11:24:05
6141,shou,男,深圳市,2023-05-21 23:03:11
6142,sliao,男,深圳市,2025-06-02 08:58:52
6143,tao05,男,广州市,2023-07-10 23:43:56
6144,liumin,女,上海市,2024-10-16 16:27:30
6145,ajia,男,深圳市,2024-03-25 00:24:51
6146,pingxue,女,成都市,2026-01-13 01:47:33
6147,shaojie,女,成都市,2025-10-28 14:46:39
6148,leiyu,男,上海市,2024-06-26 08:44:56
6149,gangcui,女,广州市,2023-11-08 10:54:39
6150,qianghe,女,成都市,2026-02-18 18:11:42
6151,minlong,女,西安市,2024-10-17 02:28:40
6152,oliang,男,北京市,2024-10-23 07:39:03
6153,ryao,女,成都市,2025-06-07 03:36:50
6154,gangshi,男,北京市,2024-02-25 04:57:23
6155,ymeng,女,上海市,2023-09-20 20:17:18
6156,minyi,男,广州市,2025-11-28 04:17:44
6157,kzhou,男,北京市,2025-02-12 23:58:42
6158,naliao,男,北京市,2024-11-24 11:23:12
6159,rtang,男,南京市,2026-04-16 09:44:15
6160,fzhu,男,上海市,2025-12-01 02:28:20
6161,uxiong,女,长沙市,2023-05-24 06:53:31
6162,zhangjun,女,西安市,2023-11-09 17:45:07
6163,dzhu,女,广州市,2025-01-17 19:09:38
6164,wanchao,女,上海市,2025-01-26 13:13:52
6165,gongli,男,南京市,2025-03-18 03:00:58
6166,gang81,女,青岛市,2025-01-13 12:59:04
6167,zengli,女,广州市,2024-10-28 07:36:13
6168,xiangwei,男,深圳市,2026-01-05 07:26:07
6169,qiang32,女,海口市,2026-02-03 08:15:09
6170,jing70,男,上海市,2026-01-12 13:28:13
6171,bwen,男,深圳市,2024-03-11 08:27:18
6172,ztang,男,杭州市,2023-07-07 02:13:56
6173,lei30,女,长沙市,2025-05-14 03:40:40
6174,xiuyingqiao,女,成都市,2024-05-18 12:12:06
6175,jungong,男,西安市,2026-02-17 16:11:43
6176,guiyingshen,女,杭州市,2026-01-16 17:39:08
6177,juan19,女,上海市,2024-09-08 09:35:42
6178,guiying43,女,上海市,2025-12-28 00:33:34
6179,dgu,女,杭州市,2025-08-03 21:42:48
6180,jingzhou,女,成都市,2025-08-04 21:31:06
6181,linping,女,广州市,2024-04-26 17:37:20
6182,shijie,男,上海市,2023-11-02 11:17:16
6183,ftan,男,北京市,2023-10-15 19:50:52
6184,gangwen,男,重庆市,2023-08-16 15:14:17
6185,juan17,男,长沙市,2024-06-18 07:59:23
6186,juanwan,女,郑州市,2024-08-30 09:39:12
6187,leichen,男,广州市,2026-01-22 09:05:29
6188,zengli,女,深圳市,2025-02-13 17:07:08
6189,zengxia,女,杭州市,2023-06-23 07:33:57
6190,tao72,男,北京市,2024-01-27 06:38:08
6191,naxiong,男,青岛市,2025-11-16 18:35:12
6192,qiangqiao,男,青岛市,2025-05-11 01:55:21
6193,zouqiang,男,杭州市,2023-07-01 01:24:16
6194,pingzhong,男,北京市,2025-02-03 22:20:49
6195,minfang,女,广州市,2024-10-12 19:48:07
6196,min07,女,广州市,2023-07-19 13:29:58
6197,yangtao,女,杭州市,2026-01-16 06:12:54
6198,liangyan,女,广州市,2023-08-04 03:01:15
6199,jie78,女,上海市,2023-12-24 02:10:07
6200,iqin,男,郑州市,2024-01-11 05:07:32
6201,gangchang,男,南京市,2024-05-23 07:38:45
6202,jun16,女,深圳市,2024-09-15 10:40:03
6203,lei60,男,武汉市,2023-10-01 01:24:55
6204,min29,男,杭州市,2025-08-27 08:44:42
6205,liangping,女,成都市,2026-01-27 03:23:59
6206,min81,男,南京市,2024-09-01 00:28:22
6207,xiuyingzhu,女,成都市,2024-12-08 15:37:37
6208,juan65,女,广州市,2026-02-14 15:04:05
6209,guojie,女,上海市,2023-10-04 20:00:21
6210,zmeng,女,成都市,2025-04-09 09:44:13
6211,guiyingtan,女,深圳市,2025-08-31 08:18:22
6212,yang91,女,深圳市,2023-08-28 11:57:15
6213,xiameng,女,深圳市,2026-03-03 18:42:43
6214,dren,女,北京市,2024-03-18 18:17:42
6215,hfang,男,青岛市,2025-03-05 22:41:47
6216,zlu,男,上海市,2024-02-10 23:49:57
6217,bchang,男,广州市,2024-11-03 05:34:11
6218,jie84,女,武汉市,2024-06-13 05:39:24
6219,wei99,男,天津市,2024-03-16 03:44:43
6220,xiulan62,女,天津市,2024-09-04 10:12:11
6221,yang10,男,长沙市,2025-11-06 12:23:26
6222,xulei,女,上海市,2023-08-04 14:41:17
6223,xujie,女,深圳市,2026-03-27 22:37:55
6224,zhuli,男,上海市,2026-05-17 04:15:50
6225,qianwei,女,南京市,2025-08-20 03:30:24
6226,xiuyingzhang,男,成都市,2023-09-12 16:33:29
6227,otian,男,成都市,2024-10-15 02:44:16
6228,pyu,女,上海市,2025-07-16 01:34:01
6229,juan89,男,重庆市,2026-02-27 14:37:46
6230,fanggao,女,南京市,2025-02-27 12:59:50
6231,luoping,男,成都市,2025-08-11 15:57:24
6232,chuang,男,广州市,2024-11-12 16:00:54
6233,xiangping,女,西安市,2025-03-28 16:16:49
6234,qiujie,女,海口市,2025-02-18 08:02:27
6235,hdai,女,深圳市,2025-03-28 21:06:42
6236,guxia,男,南京市,2025-02-26 17:27:36
6237,ping97,女,长沙市,2026-05-16 13:37:18
6238,fanglin,女,上海市,2025-02-06 11:33:31
6239,yanzeng,女,深圳市,2024-10-20 18:30:41
6240,flong,女,广州市,2023-09-14 22:47:37
6241,daifang,女,杭州市,2026-05-02 07:08:53
6242,wei80,男,重庆市,2024-09-11 06:15:28
6243,qjin,男,重庆市,2024-08-28 19:57:54
6244,yangkang,女,杭州市,2023-06-15 05:59:28
6245,eqin,女,杭州市,2025-07-16 11:01:06
6246,chao98,女,西安市,2024-08-26 07:26:43
6247,yhuang,男,杭州市,2024-04-02 06:18:48
6248,minjiang,男,北京市,2025-05-16 05:14:40
6249,jing84,女,成都市,2024-10-16 17:49:06
6250,yan38,女,青岛市,2026-01-06 21:42:54
6251,liuyong,男,深圳市,2024-05-18 02:17:15
6252,xiangyan,男,广州市,2023-07-24 12:58:03
6253,zhaoyong,女,重庆市,2024-08-05 15:16:26
6254,pzheng,男,上海市,2025-11-19 02:21:49
6255,ameng,女,郑州市,2025-10-21 00:45:52
6256,liaoming,女,南京市,2024-11-30 08:17:32
6257,hfu,女,重庆市,2025-02-22 20:12:23
6258,gangtang,女,郑州市,2025-06-26 21:11:18
6259,zhaoxiuying,男,郑州市,2024-07-15 20:19:16
6260,wtao,男,长沙市,2023-07-18 08:23:06
6261,jie18,男,杭州市,2025-02-25 01:11:36
6262,qiang30,男,广州市,2024-06-09 15:00:41
6263,sxiang,男,青岛市,2023-05-22 14:15:20
6264,pyuan,女,兰州市,2024-10-16 11:13:33
6265,fang60,女,青岛市,2024-11-26 20:47:04
6266,duanping,男,重庆市,2024-06-23 22:12:22
6267,lgao,男,上海市,2026-03-19 02:20:34
6268,xiacui,女,青岛市,2026-02-10 17:14:51
6269,xiadu,男,深圳市,2026-01-10 02:22:18
6270,ashi,女,青岛市,2025-01-17 19:13:56
6271,naxiang,女,深圳市,2025-09-05 01:31:37
6272,guiyingjia,女,长沙市,2024-03-12 17:24:11
6273,ngu,女,北京市,2024-10-06 09:22:07
6274,ming25,女,南京市,2025-08-02 08:37:00
6275,liuchao,男,深圳市,2024-05-17 07:20:01
6276,gangxiang,女,广州市,2025-04-04 00:24:45
6277,weigong,男,海口市,2025-07-27 09:06:49
6278,yang05,女,北京市,2025-07-24 13:35:32
6279,jing60,女,杭州市,2025-03-16 23:02:40
6280,lei89,女,上海市,2024-08-24 11:30:21
6281,mxiong,男,南京市,2024-11-05 15:30:31
6282,qiang99,女,深圳市,2025-06-20 23:53:04
6283,liwen,男,成都市,2023-07-14 03:21:50
6284,juantian,男,天津市,2023-09-09 07:23:17
6285,minyuan,女,杭州市,2024-07-23 20:42:54
6286,kangchao,女,北京市,2024-01-17 22:56:07
6287,kxiang,女,北京市,2026-04-16 12:42:33
6288,jie77,女,南昌市,2024-03-13 12:29:24
6289,tao92,男,南京市,2026-01-10 05:50:43
6290,guiying07,女,广州市,2025-09-05 01:23:36
6291,houxiulan,女,北京市,2026-02-08 18:50:22
6292,weima,男,西安市,2024-07-20 07:20:43
6293,zhangtao,女,北京市,2023-10-21 07:39:01
6294,gaojun,男,长沙市,2024-09-26 20:01:26
6295,yhou,女,贵阳市,2024-11-10 06:07:37
6296,ixu,女,北京市,2024-01-21 13:33:37
6297,yena,男,天津市,2024-09-25 17:53:09
6298,gang60,男,北京市,2024-05-05 21:02:35
6299,panming,男,郑州市,2026-05-05 18:45:53
6300,juan86,男,上海市,2024-08-16 06:07:47
6301,qiangdu,女,郑州市,2025-06-29 18:08:07
6302,ganghu,女,深圳市,2026-03-22 02:36:07
6303,guiyinggu,男,上海市,2024-01-02 15:10:02
6304,dingming,女,北京市,2025-02-02 14:46:09
6305,xionggang,男,广州市,2024-05-12 09:55:38
6306,yaoli,男,成都市,2026-05-01 23:30:17
6307,gangqian,女,深圳市,2026-01-21 17:39:28
6308,liwen,男,杭州市,2024-07-14 23:23:27
6309,haoxiuying,男,杭州市,2025-08-01 15:10:45
6310,juan36,女,南昌市,2023-08-22 02:37:45
6311,longxia,女,深圳市,2023-08-15 20:19:25
6312,xiuyingpeng,男,上海市,2023-06-15 07:20:47
6313,yangxia,女,上海市,2026-02-04 14:54:37
6314,xia24,女,西安市,2023-08-21 09:26:24
6315,xiuyingbai,男,青岛市,2025-12-11 04:07:02
6316,xiuying02,男,深圳市,2023-06-13 11:17:47
6317,yong44,男,杭州市,2024-12-17 23:22:36
6318,fang60,男,杭州市,2025-07-01 03:54:04
6319,chao76,男,南昌市,2025-03-25 08:32:42
6320,yang34,女,上海市,2023-10-02 14:12:14
6321,xiuying76,女,深圳市,2026-05-18 06:55:11
6322,xuelei,女,上海市,2024-03-14 13:00:25
6323,fangliao,男,青岛市,2026-03-11 11:24:41
6324,juan29,女,北京市,2025-12-23 13:23:42
6325,wuguiying,男,广州市,2026-05-12 11:18:54
6326,echang,男,长沙市,2024-07-20 18:58:16
6327,xiuyingxue,男,青岛市,2023-12-23 20:51:16
6328,hxue,男,南昌市,2024-01-17 23:40:57
6329,xiuyingxiang,男,北京市,2026-02-12 03:01:28
6330,lpan,男,郑州市,2026-01-21 11:38:39
6331,juan55,女,北京市,2024-11-02 08:57:00
6332,zhaojuan,女,西安市,2023-08-19 02:10:28
6333,xiakang,女,武汉市,2025-03-16 10:57:40
6334,ufu,女,成都市,2024-06-23 16:37:06
6335,liangjuan,女,南京市,2024-06-22 13:36:59
6336,guiyingtang,女,重庆市,2023-12-06 01:02:37
6337,liyao,女,杭州市,2026-03-11 20:04:41
6338,liaolei,男,深圳市,2023-12-13 14:34:31
6339,ping83,男,南京市,2024-03-30 09:21:42
6340,juan20,女,南京市,2025-11-21 03:25:02
6341,jinmin,女,成都市,2024-03-25 01:04:01
6342,zengfang,男,南京市,2025-04-10 21:29:32
6343,yang70,男,兰州市,2023-12-06 08:16:02
6344,dingjuan,男,南京市,2025-04-04 04:41:22
6345,mingyin,男,重庆市,2023-07-25 05:36:52
6346,rtao,男,长沙市,2024-09-10 16:24:31
6347,tao75,女,重庆市,2024-05-13 15:48:34
6348,shaoping,男,北京市,2025-02-07 02:22:16
6349,pingye,女,合肥市,2025-11-14 03:58:36
6350,tao40,女,广州市,2026-05-03 09:39:14
6351,xiadu,女,北京市,2025-09-25 21:24:49
6352,juanyan,女,北京市,2023-11-09 08:17:32
6353,stao,男,北京市,2023-10-13 03:05:08
6354,ikong,男,广州市,2025-03-28 15:51:51
6355,qianghe,女,西安市,2025-10-20 09:10:13
6356,jie94,女,呼和浩特市,2024-11-22 21:05:59
6357,li67,男,杭州市,2026-04-01 10:44:31
6358,ping22,女,杭州市,2026-04-14 00:32:11
6359,guiying33,男,杭州市,2023-10-15 05:23:23
6360,ligang,男,南京市,2024-10-08 08:05:08
6361,pxue,男,成都市,2024-05-15 20:21:47
6362,xiuying15,男,深圳市,2023-12-31 10:48:53
6363,gwan,男,深圳市,2024-05-20 14:41:55
6364,yanxu,女,天津市,2025-02-20 18:41:29
6365,xiulan59,女,广州市,2023-09-17 20:10:17
6366,edong,女,广州市,2025-07-29 02:20:59
6367,xiulan14,女,上海市,2025-11-27 02:33:36
6368,jing92,女,杭州市,2025-11-22 00:10:29
6369,zhengjuan,男,杭州市,2025-12-27 08:49:23
6370,taotao,女,杭州市,2026-03-09 14:46:34
6371,xulei,女,海口市,2026-03-23 18:59:52
6372,yhan,女,呼和浩特市,2025-03-15 07:45:54
6373,xiayang,女,上海市,2024-05-01 02:03:30
6374,jun46,女,杭州市,2025-01-24 23:41:55
6375,min61,男,深圳市,2025-02-12 20:00:28
6376,jzhang,男,上海市,2025-10-30 12:15:47
6377,guiyingcai,男,武汉市,2025-02-05 01:34:38
6378,mengming,女,北京市,2025-11-12 12:24:09
6379,wei29,女,北京市,2024-06-23 16:17:18
6380,baiguiying,女,南京市,2024-11-05 23:58:32
6381,kgong,女,南京市,2023-12-10 23:46:49
6382,yeyang,男,南京市,2026-01-06 22:38:21
6383,yanglei,男,上海市,2025-10-04 02:14:57
6384,leikong,男,深圳市,2025-04-16 23:54:47
6385,fhuang,男,兰州市,2025-12-27 00:32:26
6386,pingmeng,男,武汉市,2024-06-24 15:43:28
6387,xiagang,男,上海市,2024-07-02 09:33:24
6388,yonggong,女,合肥市,2024-11-07 01:56:19
6389,blei,女,合肥市,2024-03-19 20:31:36
6390,ffan,女,广州市,2026-05-06 23:56:27
6391,yanjie,女,合肥市,2026-02-21 07:46:41
6392,yuanyang,男,上海市,2024-12-04 07:05:21
6393,yanlei,女,深圳市,2024-08-27 03:25:16
6394,vyang,女,合肥市,2024-10-29 19:33:47
6395,mingzhou,男,重庆市,2023-08-17 22:43:07
6396,qiang68,女,长沙市,2024-11-22 19:04:11
6397,juanfang,女,重庆市,2025-03-31 05:40:55
6398,tanmin,男,深圳市,2024-09-04 20:17:45
6399,xiulanfu,男,成都市,2023-09-17 12:57:12
6400,lei70,女,深圳市,2024-05-16 00:06:35
6401,emao,女,上海市,2023-10-11 11:10:00
6402,tye,男,南京市,2025-01-24 19:06:18
6403,weilu,男,杭州市,2024-10-28 03:25:52
6404,zhengxia,男,上海市,2025-01-03 19:32:36
6405,szheng,男,广州市,2024-04-16 03:03:21
6406,junduan,男,深圳市,2025-05-17 21:40:30
6407,min64,男,广州市,2025-06-01 08:51:08
6408,fangzou,男,成都市,2024-02-28 16:56:17
6409,fang90,女,北京市,2024-08-02 08:57:43
6410,nachang,女,长沙市,2023-12-23 07:42:49
6411,shao,男,兰州市,2024-10-19 06:47:13
6412,leiwan,男,杭州市,2023-11-12 15:29:16
6413,pengxiuying,男,青岛市,2023-06-09 16:54:09
6414,sqiu,男,北京市,2025-11-04 13:27:21
6415,chao11,女,上海市,2026-04-08 17:50:39
6416,mayang,女,北京市,2025-10-12 19:56:15
6417,huxiuying,女,杭州市,2023-10-25 00:41:05
6418,jun92,女,上海市,2023-06-05 10:52:19
6419,taojia,女,南昌市,2024-10-11 15:29:59
6420,yong07,男,广州市,2026-01-30 11:40:00
6421,yanjiang,女,上海市,2025-12-25 03:18:25
6422,gang82,女,天津市,2025-02-15 20:25:12
6423,yong86,男,深圳市,2024-08-31 07:06:22
6424,qiangzou,女,武汉市,2024-01-13 01:50:06
6425,mfang,女,南昌市,2025-02-20 22:54:29
6426,bcui,男,南昌市,2023-09-04 04:18:26
6427,mengli,女,杭州市,2023-10-06 12:45:38
6428,yan67,女,北京市,2023-07-30 14:15:04
6429,wenfang,女,深圳市,2025-06-12 21:41:39
6430,weiren,女,杭州市,2025-11-13 15:56:09
6431,taohou,男,海口市,2025-09-29 11:31:56
6432,gangxu,女,郑州市,2026-04-21 06:39:04
6433,fengqiang,男,武汉市,2026-03-31 16:14:58
6434,yangxu,男,北京市,2025-01-13 14:25:38
6435,vchen,女,上海市,2024-05-31 23:10:28
6436,yjiang,女,成都市,2023-08-14 20:03:43
6437,emao,男,北京市,2025-01-20 22:01:42
6438,minlei,女,杭州市,2025-07-08 14:46:32
6439,mindu,女,青岛市,2025-12-16 12:18:32
6440,zhuyang,女,北京市,2023-10-09 13:46:16
6441,yuanyan,男,北京市,2025-03-14 22:16:14
6442,yangdu,男,北京市,2025-04-04 18:25:33
6443,tao21,男,广州市,2026-02-18 05:32:57
6444,qiang29,男,长沙市,2025-07-28 18:39:13
6445,wding,女,长沙市,2024-12-31 14:41:26
6446,rxie,女,重庆市,2026-05-05 19:47:33
6447,uding,男,郑州市,2025-12-08 19:39:36
6448,na22,女,上海市,2023-05-22 02:41:44
6449,naxiao,女,杭州市,2024-07-08 15:44:11
6450,xiongchao,女,成都市,2023-12-23 19:42:18
6451,guiyingdeng,男,深圳市,2024-04-28 00:40:43
6452,wei63,男,北京市,2025-03-24 11:24:02
6453,yhe,男,深圳市,2025-06-18 09:38:17
6454,xbai,女,杭州市,2024-05-28 02:16:24
6455,qiangxu,女,上海市,2024-06-30 15:34:24
6456,leihe,女,合肥市,2026-01-20 16:30:07
6457,leixia,女,重庆市,2025-06-05 11:24:39
6458,xiuying43,男,青岛市,2023-08-01 04:04:37
6459,zhangjun,女,上海市,2025-06-26 16:20:14
6460,zduan,女,呼和浩特市,2024-09-17 14:47:20
6461,qdai,女,重庆市,2024-12-08 17:16:24
6462,wangfang,男,杭州市,2025-05-11 00:46:20
6463,lliao,男,长沙市,2024-03-31 07:31:44
6464,yuming,女,深圳市,2023-07-08 16:38:36
6465,chaocai,女,杭州市,2024-06-09 10:31:02
6466,mingfu,男,武汉市,2023-07-19 23:53:30
6467,guiyinggu,女,深圳市,2025-03-31 01:27:10
6468,yeping,女,武汉市,2025-05-23 23:38:00
6469,iyan,男,成都市,2023-06-22 00:10:27
6470,lei43,女,广州市,2024-08-14 21:31:19
6471,fangshi,男,重庆市,2023-09-01 19:45:22
6472,wliu,女,成都市,2025-06-28 16:08:53
6473,kren,男,广州市,2025-01-07 11:40:10
6474,fangjiang,女,杭州市,2025-06-22 21:58:57
6475,liuxiulan,男,上海市,2025-12-30 15:05:13
6476,duanmin,男,成都市,2024-02-03 15:29:20
6477,na84,女,杭州市,2026-03-30 03:02:47
6478,lei01,女,上海市,2024-03-23 11:50:54
6479,songguiying,男,西安市,2023-11-22 05:08:16
6480,qiaolei,男,成都市,2023-05-28 12:35:57
6481,dongtao,男,上海市,2024-07-05 18:58:54
6482,xiuying96,女,杭州市,2023-08-02 12:17:16
6483,zhaoxiulan,女,武汉市,2024-06-20 11:58:42
6484,longguiying,女,深圳市,2023-11-08 04:59:32
6485,xfu,男,合肥市,2025-11-19 20:22:27
6486,heli,女,西安市,2024-10-04 08:36:15
6487,suxiulan,女,重庆市,2025-02-11 03:14:32
6488,zzou,男,深圳市,2023-10-08 21:38:15
6489,xionggang,女,南京市,2023-09-19 13:54:00
6490,fliao,男,南昌市,2024-08-04 03:24:55
6491,zoujuan,男,上海市,2024-01-04 16:25:29
6492,jingwu,男,上海市,2025-01-08 20:28:03
6493,pingxia,男,上海市,2023-07-26 03:45:15
6494,gang49,女,重庆市,2025-03-30 11:23:08
6495,xgu,女,杭州市,2023-08-30 06:48:04
6496,xia76,男,天津市,2025-09-26 20:51:45
6497,pgao,男,深圳市,2026-04-11 06:38:45
6498,jing86,男,呼和浩特市,2025-09-14 08:43:55
6499,xgu,女,杭州市,2025-11-08 14:02:24
6500,zcai,男,武汉市,2025-11-19 14:45:51
6501,zqin,女,北京市,2025-01-04 05:35:21
6502,tao46,男,成都市,2025-07-20 12:42:09
6503,sunchao,女,重庆市,2025-03-29 07:47:32
6504,qianlei,男,成都市,2025-07-18 16:40:20
6505,yong48,女,杭州市,2023-07-22 13:25:33
6506,jcui,男,青岛市,2023-11-01 19:54:00
6507,tao93,男,成都市,2023-11-17 12:43:10
6508,xiuyingyi,男,武汉市,2026-05-19 20:49:00
6509,chao39,男,青岛市,2025-09-12 22:48:17
6510,longyang,女,北京市,2025-02-15 02:41:08
6511,jun67,男,上海市,2023-11-29 21:54:39
6512,ming78,女,广州市,2026-04-17 13:56:25
6513,jie97,男,青岛市,2025-07-08 11:35:03
6514,gang00,男,南京市,2026-05-03 17:15:00
6515,pmo,女,北京市,2023-08-21 09:29:21
6516,fwu,男,郑州市,2025-10-21 05:24:20
6517,linlei,女,重庆市,2024-03-28 06:10:41
6518,adong,男,合肥市,2025-06-29 15:28:15
6519,gkang,男,合肥市,2025-02-03 14:10:19
6520,llei,男,广州市,2024-10-01 08:59:45
6521,leima,女,南昌市,2023-08-26 17:03:31
6522,ogu,女,上海市,2025-01-28 20:49:27
6523,bfeng,男,西安市,2024-05-25 10:10:01
6524,jing74,女,深圳市,2025-09-05 22:33:59
6525,baijie,男,杭州市,2024-03-11 06:57:38
6526,xiangping,女,郑州市,2024-12-31 19:07:15
6527,lifang,女,上海市,2025-07-19 02:32:27
6528,xiejing,女,深圳市,2023-10-08 01:29:43
6529,luchao,男,南京市,2025-01-31 17:32:20
6530,xiuyingsong,女,呼和浩特市,2023-08-15 17:33:42
6531,yang16,女,合肥市,2025-06-30 09:45:19
6532,iyin,女,长沙市,2024-12-31 04:04:00
6533,liyu,女,武汉市,2025-05-09 23:30:45
6534,cpan,男,杭州市,2024-07-15 11:06:12
6535,minsu,女,青岛市,2023-09-11 09:05:57
6536,zchang,女,北京市,2024-09-23 00:55:55
6537,junkong,男,重庆市,2024-01-27 03:40:53
6538,kbai,女,深圳市,2024-09-22 03:43:27
6539,tao39,男,广州市,2026-03-13 22:57:50
6540,vduan,男,西安市,2024-07-28 12:37:22
6541,vyang,男,南京市,2025-12-30 21:17:52
6542,chaomeng,女,长沙市,2023-11-24 13:39:44
6543,ywen,女,上海市,2023-11-12 00:34:18
6544,fang00,女,海口市,2025-01-29 06:13:49
6545,jinggong,女,北京市,2025-01-17 05:50:17
6546,suyan,女,天津市,2025-07-14 02:31:31
6547,xiuyinghu,男,成都市,2024-03-01 08:40:32
6548,mingliu,女,广州市,2025-08-21 15:51:28
6549,yong88,女,合肥市,2025-07-27 10:07:47
6550,weiwan,女,长沙市,2024-02-19 11:57:35
6551,chao21,男,北京市,2025-01-03 21:01:44
6552,xxiao,女,北京市,2024-08-25 08:48:57
6553,yuwei,女,成都市,2025-11-04 20:41:52
6554,ulu,男,西安市,2024-08-16 00:07:34
6555,fuxiulan,男,上海市,2024-10-11 17:02:26
6556,pingpeng,男,成都市,2025-11-27 13:50:36
6557,rfang,男,北京市,2024-08-18 10:07:36
6558,juan08,男,西安市,2025-05-10 18:16:47
6559,nayan,女,南京市,2026-05-17 06:56:49
6560,fangpan,女,兰州市,2024-09-18 13:20:03
6561,jfan,女,北京市,2026-01-13 03:49:40
6562,owan,女,广州市,2025-04-07 19:05:42
6563,yong94,男,青岛市,2024-11-04 16:55:34
6564,guiyingzhu,女,南昌市,2023-08-22 15:32:22
6565,wcai,女,北京市,2024-09-07 12:36:55
6566,dingchao,女,郑州市,2026-05-21 13:13:40
6567,fzeng,女,北京市,2024-01-20 17:38:27
6568,ryin,女,郑州市,2023-09-10 20:50:38
6569,fangxie,女,合肥市,2023-11-05 18:34:34
6570,qinming,男,上海市,2024-08-22 05:42:55
6571,kgu,男,海口市,2025-11-15 03:48:22
6572,wei78,女,西安市,2024-01-01 00:04:05
6573,yongzhong,男,深圳市,2023-07-02 12:59:53
6574,xiuying66,男,郑州市,2024-01-20 22:54:00
6575,jiehan,女,南昌市,2025-06-09 07:49:57
6576,tao11,男,广州市,2025-06-29 13:54:19
6577,liangjuan,女,兰州市,2026-04-02 16:35:35
6578,pyuan,女,上海市,2025-12-25 06:21:46
6579,chenglei,女,杭州市,2024-10-28 21:59:40
6580,fzou,女,南京市,2026-05-12 23:29:43
6581,xujing,女,广州市,2023-10-31 12:32:41
6582,lchen,女,南昌市,2024-10-04 01:27:56
6583,mhu,男,武汉市,2023-06-10 18:54:11
6584,na79,女,重庆市,2024-10-23 20:16:41
6585,juanlong,男,海口市,2025-03-10 14:37:49
6586,pingwen,女,上海市,2025-07-28 11:25:07
6587,ashen,女,成都市,2026-01-26 03:51:10
6588,hetao,女,西安市,2023-08-28 07:26:05
6589,naxie,女,重庆市,2025-10-01 09:57:58
6590,gang79,男,武汉市,2025-06-06 19:31:44
6591,napeng,女,成都市,2025-05-18 05:45:39
6592,yong66,女,贵阳市,2024-02-06 04:52:22
6593,yanzhong,女,海口市,2025-02-27 14:10:31
6594,chentao,女,西安市,2024-01-31 09:00:12
6595,jinjuan,女,北京市,2026-01-23 09:39:10
6596,ping25,女,西安市,2023-08-20 00:33:22
6597,taotian,男,青岛市,2024-05-15 11:14:35
6598,dduan,男,合肥市,2026-02-27 10:43:12
6599,oxie,男,南昌市,2025-08-29 01:47:22
6600,juan41,女,深圳市,2025-09-29 08:33:00
6601,yiping,女,广州市,2024-01-16 10:52:21
6602,tanglei,男,兰州市,2025-02-03 00:27:32
6603,yulei,男,重庆市,2024-07-26 05:40:59
6604,sfan,男,广州市,2024-05-01 22:34:00
6605,pingshao,女,郑州市,2025-05-13 17:33:57
6606,fanghuang,男,广州市,2023-07-25 15:55:21
6607,xcao,女,北京市,2024-05-04 23:56:14
6608,yongcai,男,南京市,2024-05-13 02:18:13
6609,li79,女,长沙市,2025-10-01 07:57:46
6610,igao,女,南昌市,2025-04-23 04:31:15
6611,weishi,女,南昌市,2024-06-04 01:32:21
6612,mingsun,男,广州市,2025-09-19 01:27:20
6613,li06,男,杭州市,2023-10-15 21:24:58
6614,weixue,男,上海市,2024-05-14 07:38:02
6615,kshao,男,天津市,2024-11-13 00:26:04
6616,mliang,女,武汉市,2025-05-29 09:49:48
6617,ntan,男,天津市,2026-05-19 16:27:30
6618,ming75,男,青岛市,2025-08-05 22:57:18
6619,pingmo,男,天津市,2024-11-02 09:23:12
6620,dmeng,男,北京市,2024-09-23 12:23:01
6621,minma,女,上海市,2024-10-14 01:53:30
6622,taocao,女,成都市,2025-02-24 20:48:46
6623,fangjuan,男,上海市,2023-08-11 09:16:46
6624,xiulantian,女,武汉市,2025-01-24 11:56:26
6625,laijing,女,成都市,2024-07-24 09:42:28
6626,dzeng,女,南昌市,2023-11-09 05:28:56
6627,jing78,男,北京市,2026-01-04 20:37:34
6628,yan58,男,南京市,2023-11-03 23:52:44
6629,jiehu,女,上海市,2026-05-04 19:35:15
6630,wxu,男,成都市,2025-10-25 21:08:13
6631,gang29,男,兰州市,2025-01-17 16:39:37
6632,fengwei,男,深圳市,2024-04-07 01:52:43
6633,ping41,男,上海市,2024-08-28 08:49:42
6634,mingtang,女,北京市,2026-02-02 22:30:34
6635,qiang01,女,北京市,2024-04-26 00:48:47
6636,taozhou,女,杭州市,2025-04-30 18:55:56
6637,tao00,男,重庆市,2024-12-05 18:25:32
6638,jdong,女,合肥市,2023-12-28 12:53:49
6639,xshi,女,西安市,2023-07-03 15:48:33
6640,chaoshao,男,深圳市,2025-12-25 00:35:48
6641,fangzeng,女,上海市,2026-03-09 19:09:58
6642,xiayi,女,广州市,2026-04-17 11:25:55
6643,xiafang,男,上海市,2024-01-19 09:09:27
6644,dingwei,女,贵阳市,2026-02-09 21:16:23
6645,gang94,男,重庆市,2025-11-17 02:18:01
6646,ulu,男,北京市,2023-09-04 09:37:44
6647,lei99,女,长沙市,2026-02-12 22:20:07
6648,xiaojun,女,深圳市,2024-08-06 04:09:44
6649,taobai,男,天津市,2026-04-17 16:05:40
6650,gang85,女,重庆市,2026-01-31 01:00:15
6651,juandai,女,杭州市,2024-03-15 14:39:43
6652,ctan,女,深圳市,2025-05-05 02:39:01
6653,jungu,女,深圳市,2024-04-22 22:19:54
6654,kfang,男,长沙市,2026-02-11 06:40:27
6655,jwan,女,成都市,2025-01-09 02:55:22
6656,chao79,女,北京市,2024-02-13 17:13:32
6657,lei67,女,上海市,2024-04-18 20:00:56
6658,pgu,女,合肥市,2024-03-15 19:31:08
6659,leitan,女,北京市,2025-05-21 13:49:55
6660,awang,女,青岛市,2025-06-12 03:41:23
6661,fliu,女,武汉市,2024-11-29 13:11:47
6662,luchao,女,北京市,2026-05-06 18:30:33
6663,xuejie,女,南京市,2026-02-25 03:14:11
6664,ming71,男,西安市,2024-09-24 02:39:57
6665,junzhou,女,南京市,2023-06-17 06:59:46
6666,min90,男,南京市,2026-02-04 10:05:54
6667,fengjie,男,西安市,2025-09-24 20:33:21
6668,oyuan,女,深圳市,2024-04-30 15:01:56
6669,jun53,女,杭州市,2025-08-20 09:24:43
6670,dyi,男,重庆市,2024-07-21 03:00:24
6671,ming06,女,南京市,2024-04-18 06:25:11
6672,ttian,女,上海市,2024-10-07 11:33:23
6673,guiying67,男,北京市,2024-03-16 17:31:19
6674,npan,女,南京市,2024-12-02 10:19:14
6675,yong39,男,上海市,2026-01-22 15:49:26
6676,qiangluo,女,广州市,2025-12-20 00:49:26
6677,fangliu,男,兰州市,2025-12-13 10:56:26
6678,tanlei,女,贵阳市,2025-03-29 16:36:40
6679,liqiu,男,重庆市,2024-06-27 07:05:11
6680,fuping,男,青岛市,2023-11-17 14:21:31
6681,njia,男,海口市,2025-08-18 23:59:12
6682,wqiu,女,北京市,2026-01-07 20:03:43
6683,tao38,女,深圳市,2024-01-02 17:47:06
6684,ping22,男,广州市,2025-07-16 00:52:46
6685,egao,男,重庆市,2025-03-25 05:43:40
6686,chaochang,男,海口市,2025-01-22 10:53:47
6687,chengyong,女,郑州市,2025-10-20 05:33:13
6688,guiyinggong,男,上海市,2024-09-29 12:02:21
6689,cuichao,男,北京市,2025-07-01 12:28:16
6690,xiasun,男,上海市,2023-09-24 07:15:35
6691,ming05,女,杭州市,2025-01-10 00:41:57
6692,rqian,女,深圳市,2023-09-16 09:23:21
6693,wei94,男,成都市,2024-10-07 22:43:48
6694,yanye,女,重庆市,2023-09-09 11:31:12
6695,xiaqin,女,广州市,2025-08-24 12:51:45
6696,minsun,女,海口市,2023-11-29 03:11:50
6697,tao14,男,深圳市,2024-02-08 23:35:19
6698,cuiping,女,重庆市,2023-12-25 17:15:34
6699,yan35,女,杭州市,2025-09-17 10:06:40
6700,zengping,男,杭州市,2023-12-03 05:28:54
6701,xiuyingzhao,女,成都市,2023-12-22 12:07:40
6702,ming75,男,广州市,2026-02-21 12:31:28
6703,tao06,男,郑州市,2023-06-26 03:20:36
6704,leina,女,青岛市,2024-07-03 15:46:03
6705,laixiulan,女,深圳市,2024-06-27 13:23:10
6706,zouping,女,重庆市,2025-07-18 09:55:41
6707,xiapan,女,重庆市,2025-09-20 20:38:29
6708,yuanjuan,男,郑州市,2023-08-24 12:07:55
6709,wguo,女,广州市,2023-09-18 04:37:08
6710,huangxia,男,南京市,2024-02-05 03:29:37
6711,nalin,男,北京市,2026-03-18 10:03:42
6712,juantang,男,上海市,2025-04-29 20:16:40
6713,ping61,女,北京市,2025-01-30 10:26:18
6714,tanxiuying,男,北京市,2025-08-29 21:58:05
6715,gang86,男,长沙市,2026-04-27 15:15:16
6716,chaowan,男,北京市,2026-02-22 04:39:32
6717,oyang,女,深圳市,2026-01-31 19:53:34
6718,chenxiulan,女,南京市,2023-08-25 12:58:13
6719,zhongtao,男,武汉市,2025-09-20 12:22:34
6720,yhou,男,北京市,2024-01-23 13:36:50
6721,na14,男,广州市,2023-09-22 23:18:07
6722,liwen,女,广州市,2023-08-31 06:20:28
6723,chao46,女,南京市,2026-03-01 03:59:52
6724,liaoxiulan,女,青岛市,2024-01-06 22:26:11
6725,yegang,男,武汉市,2025-12-22 19:34:02
6726,xia11,男,深圳市,2024-12-14 19:51:51
6727,duanming,女,贵阳市,2023-10-22 01:35:03
6728,linxia,男,广州市,2026-03-22 21:14:22
6729,juanshi,女,重庆市,2025-10-18 17:04:20
6730,taoguo,男,重庆市,2025-07-22 20:50:53
6731,mengguiying,女,广州市,2024-04-25 21:13:50
6732,xia53,男,青岛市,2023-08-07 05:30:08
6733,baitao,男,杭州市,2023-07-03 15:30:56
6734,ming86,女,北京市,2024-12-30 22:08:35
6735,jing70,女,西安市,2025-11-15 10:52:10
6736,jing68,男,合肥市,2024-02-02 10:00:25
6737,taolei,女,南京市,2025-11-10 08:31:13
6738,yong67,男,深圳市,2025-10-12 14:30:10
6739,axue,女,上海市,2024-06-12 05:16:52
6740,leipeng,女,贵阳市,2023-11-27 12:19:43
6741,xia84,男,杭州市,2024-07-08 06:51:45
6742,chaozhong,女,深圳市,2024-01-15 10:01:40
6743,chao66,女,杭州市,2026-01-20 17:15:05
6744,xiuying24,男,深圳市,2024-01-16 02:56:05
6745,minggao,女,南京市,2023-10-22 04:19:05
6746,heyan,女,杭州市,2024-10-16 23:13:41
6747,gujuan,女,广州市,2025-06-01 03:36:05
6748,hyu,女,北京市,2024-08-06 22:54:15
6749,pingtao,女,重庆市,2025-11-26 11:10:12
6750,yongwang,男,上海市,2024-09-01 11:02:45
6751,jing79,女,西安市,2024-12-31 19:08:34
6752,chao87,女,北京市,2024-12-23 19:14:54
6753,yan64,女,上海市,2026-01-10 17:39:06
6754,jingzhang,男,北京市,2025-02-11 00:29:34
6755,songlei,女,北京市,2023-06-11 08:58:41
6756,plin,女,杭州市,2024-10-26 10:43:48
6757,xiawei,女,北京市,2024-10-23 09:14:40
6758,jxue,男,南京市,2025-09-16 05:19:28
6759,sdong,男,贵阳市,2026-03-19 17:07:34
6760,gangmo,男,北京市,2025-09-12 10:53:03
6761,gang82,男,北京市,2025-03-26 18:46:39
6762,liqiang,女,西安市,2026-04-23 04:35:54
6763,chenyang,女,杭州市,2024-01-22 11:30:09
6764,fang73,女,合肥市,2025-04-02 23:17:13
6765,lidu,女,重庆市,2025-03-25 07:21:17
6766,jieqiao,女,杭州市,2025-12-25 03:22:52
6767,jun46,女,天津市,2025-01-21 08:59:36
6768,xiuyinghuang,男,成都市,2025-10-03 14:19:02
6769,kyan,男,上海市,2025-11-26 04:40:36
6770,qcui,男,广州市,2023-06-26 09:11:47
6771,guogang,男,天津市,2025-05-02 20:09:32
6772,axiao,男,长沙市,2023-12-14 05:35:22
6773,axue,男,北京市,2025-01-14 08:44:39
6774,min42,女,南京市,2024-09-07 05:31:07
6775,xiulan77,男,郑州市,2026-04-26 09:45:00
6776,yangong,男,深圳市,2023-07-06 08:30:27
6777,sfan,女,深圳市,2024-11-20 23:26:22
6778,zhuming,男,重庆市,2024-02-08 16:44:26
6779,odu,男,武汉市,2025-06-11 19:32:56
6780,minlu,男,南昌市,2025-11-13 16:26:09
6781,jiehuang,男,上海市,2024-03-11 07:26:58
6782,maxia,男,武汉市,2026-03-11 00:50:55
6783,qfu,女,成都市,2024-05-04 22:06:46
6784,nayan,女,深圳市,2025-10-06 12:00:00
6785,yixiulan,男,重庆市,2025-02-13 07:39:41
6786,bzhong,男,长沙市,2024-10-25 04:06:31
6787,juan31,女,深圳市,2024-09-16 21:44:50
6788,xiuying31,男,广州市,2023-09-20 23:34:14
6789,min11,男,天津市,2023-08-12 02:02:10
6790,jiekang,男,上海市,2024-03-20 22:13:01
6791,songlei,女,北京市,2025-10-28 05:03:21
6792,zouyan,女,深圳市,2024-03-29 03:35:36
6793,xiongqiang,男,上海市,2023-08-08 14:08:21
6794,jieye,男,重庆市,2023-09-30 10:47:44
6795,pingzhong,男,重庆市,2025-05-25 15:19:55
6796,xiajiang,男,深圳市,2025-08-20 02:42:20
6797,lihan,女,青岛市,2025-07-28 15:35:16
6798,lei94,男,成都市,2023-05-26 13:43:26
6799,ping21,男,合肥市,2025-08-06 04:23:42
6800,vdong,男,合肥市,2025-02-23 10:06:53
6801,xchang,男,青岛市,2023-07-28 10:26:16
6802,ping25,男,成都市,2025-10-28 19:09:02
6803,na33,男,长沙市,2023-09-16 16:43:17
6804,xiajie,男,北京市,2026-04-22 13:59:19
6805,mincai,男,上海市,2024-08-08 20:33:37
6806,leipan,男,海口市,2024-09-16 02:25:53
6807,yejuan,女,南京市,2025-09-03 21:26:28
6808,esong,男,兰州市,2024-05-24 01:27:19
6809,zhongjuan,女,杭州市,2024-02-15 01:35:42
6810,qchang,男,杭州市,2026-03-05 03:08:20
6811,minghan,女,长沙市,2025-03-24 16:44:48
6812,vlong,女,北京市,2026-02-22 05:02:38
6813,hzhong,女,贵阳市,2024-06-18 03:13:33
6814,leilei,男,北京市,2025-03-01 06:27:32
6815,clu,男,杭州市,2025-01-07 09:22:27
6816,kding,女,西安市,2023-08-11 01:40:34
6817,zhongtao,女,广州市,2024-12-18 18:05:41
6818,sjiang,男,南京市,2023-09-21 07:47:20
6819,taohan,男,重庆市,2024-09-19 19:08:54
6820,kyan,男,重庆市,2024-02-09 00:53:22
6821,klai,女,南京市,2025-07-08 10:59:13
6822,vguo,男,广州市,2026-03-05 19:23:13
6823,hanyang,男,西安市,2024-09-24 01:58:55
6824,xiaxia,男,重庆市,2024-09-05 15:53:14
6825,leiduan,女,杭州市,2024-02-17 16:08:43
6826,bxiang,男,合肥市,2025-05-14 13:22:07
6827,xuping,女,杭州市,2025-12-15 00:03:08
6828,tao79,男,广州市,2024-09-13 07:12:32
6829,min76,男,杭州市,2024-09-08 04:31:49
6830,yongqin,女,深圳市,2025-01-12 03:07:05
6831,fangchao,女,青岛市,2024-06-11 23:18:55
6832,cguo,男,北京市,2023-09-04 07:46:39
6833,tao41,男,郑州市,2024-10-21 20:35:14
6834,maoguiying,男,北京市,2024-09-14 20:04:56
6835,echen,女,郑州市,2023-12-06 18:52:49
6836,guoping,男,北京市,2024-08-31 21:43:57
6837,shijun,男,深圳市,2026-01-31 03:47:16
6838,oxiao,男,北京市,2023-06-18 13:42:32
6839,lihuang,男,北京市,2023-10-17 19:15:45
6840,menglei,男,南昌市,2024-09-21 20:56:42
6841,mengqiang,男,兰州市,2024-11-27 06:59:20
6842,wangyang,女,西安市,2023-09-05 18:49:39
6843,linfang,女,贵阳市,2024-03-09 15:20:21
6844,xiali,女,上海市,2025-09-18 16:21:17
6845,qiangyuan,男,兰州市,2024-04-24 04:00:16
6846,yong49,女,海口市,2024-11-08 11:19:41
6847,myu,女,杭州市,2023-09-09 03:24:20
6848,ganglong,女,合肥市,2023-08-26 03:57:23
6849,liangchao,女,西安市,2024-09-22 03:42:44
6850,ping12,女,上海市,2025-05-21 11:01:25
6851,yuanping,男,郑州市,2024-04-18 20:02:24
6852,syi,男,成都市,2024-09-24 03:38:48
6853,txu,男,杭州市,2025-05-24 08:51:51
6854,xiuyingxiong,女,郑州市,2025-06-04 03:26:08
6855,yangfang,女,西安市,2023-12-24 13:34:29
6856,taoren,女,南京市,2024-05-28 20:00:15
6857,chao19,女,贵阳市,2025-03-13 06:40:16
6858,iyuan,男,武汉市,2025-12-25 15:00:22
6859,wugang,男,成都市,2026-03-23 18:21:51
6860,schang,男,合肥市,2024-08-05 04:49:41
6861,ming84,女,郑州市,2026-02-14 20:27:06
6862,leisu,男,西安市,2024-11-23 20:02:46
6863,zengmin,男,广州市,2026-02-24 05:15:01
6864,jie49,女,深圳市,2023-06-08 16:39:33
6865,wei99,女,南京市,2026-02-09 21:02:41
6866,gang09,男,合肥市,2024-12-07 12:49:08
6867,qiangwei,男,长沙市,2025-03-05 08:35:04
6868,qiutao,女,上海市,2023-09-30 14:02:48
6869,yan58,女,天津市,2023-11-16 16:21:00
6870,ping25,男,上海市,2024-04-13 01:09:57
6871,yangluo,女,武汉市,2025-07-19 23:12:13
6872,dfan,女,上海市,2024-06-29 19:51:57
6873,jun28,男,长沙市,2025-06-26 12:44:17
6874,xduan,女,天津市,2026-05-08 19:16:10
6875,leifu,女,广州市,2024-10-22 23:46:27
6876,yigang,男,长沙市,2024-12-08 15:43:33
6877,qiang07,男,合肥市,2026-02-13 00:32:19
6878,jun17,男,深圳市,2026-03-19 07:05:03
6879,ychang,女,长沙市,2025-09-11 16:02:44
6880,lei16,男,上海市,2024-01-29 18:27:52
6881,fanglai,女,武汉市,2023-09-21 09:48:32
6882,qiufang,女,广州市,2023-05-24 10:32:22
6883,xiuying39,女,贵阳市,2026-04-15 11:35:53
6884,qiuyan,女,杭州市,2023-11-03 21:07:11
6885,jinxiulan,男,长沙市,2023-11-10 04:35:46
6886,laili,男,青岛市,2025-12-01 05:41:36
6887,yeming,男,北京市,2025-03-17 16:03:04
6888,sjiang,男,郑州市,2024-09-20 07:38:29
6889,pyin,女,兰州市,2023-07-02 15:30:13
6890,nfang,女,上海市,2025-11-01 21:28:36
6891,fang26,女,成都市,2024-01-17 22:02:02
6892,juan39,男,广州市,2024-04-15 02:09:33
6893,yongqiu,女,上海市,2023-06-14 02:27:26
6894,huyan,女,郑州市,2024-10-02 07:05:34
6895,gang85,男,天津市,2025-12-21 03:53:29
6896,wxiao,女,上海市,2024-07-30 00:27:40
6897,xiuying86,女,海口市,2024-10-28 19:14:15
6898,suli,女,深圳市,2023-11-14 07:29:04
6899,pengjun,男,长沙市,2024-10-17 17:26:55
6900,ebai,男,上海市,2024-08-31 12:16:10
6901,liuyang,男,郑州市,2025-05-03 19:14:44
6902,ping18,女,杭州市,2025-12-13 23:49:47
6903,chuang,男,北京市,2024-10-29 06:14:16
6904,changguiying,女,郑州市,2023-11-24 06:40:10
6905,jun60,女,杭州市,2025-09-10 21:48:28
6906,kangwei,女,深圳市,2025-07-10 04:52:21
6907,qsong,女,广州市,2024-10-16 21:24:49
6908,xiapan,女,广州市,2025-12-19 18:13:51
6909,leitao,女,深圳市,2026-04-20 02:03:41
6910,baifang,女,南京市,2023-07-07 10:38:42
6911,oxiang,女,广州市,2023-08-22 19:25:31
6912,zhongyong,女,北京市,2023-08-12 11:29:02
6913,ping25,男,北京市,2024-05-24 09:34:52
6914,jing61,女,上海市,2023-12-16 21:51:33
6915,iye,女,兰州市,2026-01-13 23:29:56
6916,twen,男,上海市,2025-05-24 03:44:02
6917,chaoxie,男,上海市,2025-07-18 11:51:02
6918,wanwei,男,深圳市,2026-01-29 00:31:20
6919,minhan,男,青岛市,2024-08-21 15:03:23
6920,fang33,男,深圳市,2024-03-27 02:39:20
6921,yangwang,女,贵阳市,2025-07-10 06:53:51
6922,zfu,女,成都市,2025-02-18 10:48:23
6923,yanqian,女,成都市,2023-09-19 23:48:42
6924,ohao,女,海口市,2025-03-31 06:46:12
6925,gang88,女,深圳市,2026-03-09 20:31:26
6926,suxia,女,杭州市,2024-12-17 14:09:41
6927,fanyang,女,北京市,2026-03-02 19:36:23
6928,qiaojun,男,北京市,2025-10-16 23:12:41
6929,qintao,女,上海市,2026-01-29 20:22:45
6930,cjia,男,广州市,2023-12-19 18:57:15
6931,liliang,男,上海市,2023-09-26 04:15:34
6932,yongxie,女,成都市,2026-04-05 13:47:08
6933,xiadong,男,上海市,2024-06-25 16:21:28
6934,na64,女,成都市,2024-03-02 02:16:34
6935,wei74,男,北京市,2025-05-15 18:04:10
6936,ptao,男,上海市,2023-08-08 13:07:58
6937,jieguo,女,兰州市,2023-06-10 18:08:38
6938,uwan,男,深圳市,2023-12-08 21:26:27
6939,panyang,女,北京市,2024-06-08 10:09:20
6940,yankong,女,上海市,2023-08-07 23:21:00
6941,iye,女,广州市,2025-06-21 04:05:04
6942,yangren,女,北京市,2026-01-29 10:19:16
6943,ywang,男,杭州市,2024-11-04 03:00:00
6944,vshi,女,武汉市,2025-10-02 03:16:30
6945,jie65,男,西安市,2026-01-19 04:59:06
6946,liulei,男,长沙市,2024-05-03 20:09:37
6947,szhong,女,重庆市,2025-09-10 11:31:03
6948,jiangjie,女,南京市,2025-11-20 23:07:56
6949,yangqiang,男,北京市,2025-12-22 09:25:11
6950,fangxiao,男,上海市,2025-12-31 19:48:00
6951,guiying62,男,北京市,2025-10-08 01:50:34
6952,min57,男,长沙市,2024-09-12 20:12:29
6953,gchen,男,重庆市,2024-07-04 04:49:03
6954,tianyan,男,北京市,2024-10-20 12:31:53
6955,fang57,女,北京市,2025-03-16 04:07:11
6956,min19,女,杭州市,2023-06-22 06:29:41
6957,ocao,女,上海市,2024-02-14 21:37:42
6958,fguo,男,海口市,2023-09-24 13:32:21
6959,qiangyu,男,杭州市,2024-06-05 16:32:23
6960,vbai,男,杭州市,2023-12-31 20:35:34
6961,fang96,男,重庆市,2024-03-26 03:52:15
6962,dqiao,女,杭州市,2024-03-21 02:32:04
6963,jmao,女,上海市,2024-12-02 23:39:54
6964,pingxue,女,重庆市,2024-03-28 11:45:02
6965,gangxiao,女,杭州市,2024-08-08 09:41:40
6966,guiyingfeng,女,广州市,2025-12-30 17:30:55
6967,gangzheng,男,长沙市,2024-03-01 23:05:50
6968,ping75,女,北京市,2023-07-15 16:41:38
6969,xiegang,女,郑州市,2024-05-31 12:14:55
6970,yanxiulan,女,广州市,2025-06-18 08:18:14
6971,jingqin,男,海口市,2023-07-23 21:08:33
6972,tliao,男,青岛市,2025-02-12 01:48:50
6973,yong85,女,郑州市,2025-07-06 08:59:50
6974,vzhao,女,西安市,2026-01-27 03:17:47
6975,na07,女,北京市,2026-03-14 16:07:28
6976,liwu,女,北京市,2023-09-06 15:53:11
6977,xiulanliu,女,重庆市,2024-09-05 16:16:10
6978,qliang,女,深圳市,2024-10-14 00:21:15
6979,guowei,女,武汉市,2026-01-30 12:30:53
6980,jieqin,女,广州市,2025-12-06 19:05:41
6981,jqiao,女,呼和浩特市,2023-07-25 00:31:55
6982,gang00,男,上海市,2023-11-09 11:01:26
6983,mfu,男,成都市,2024-03-18 11:38:30
6984,changmin,男,合肥市,2024-06-04 11:38:37
6985,renqiang,女,西安市,2024-04-12 10:54:00
6986,ccai,女,广州市,2025-10-11 14:26:34
6987,xiaqiao,男,成都市,2024-03-10 06:00:24
6988,gyuan,男,重庆市,2026-04-09 19:14:13
6989,ihuang,女,北京市,2024-04-01 21:28:00
6990,yong95,男,上海市,2025-11-24 19:30:45
6991,duchao,女,贵阳市,2026-02-12 09:25:34
6992,nawei,女,杭州市,2024-10-05 00:35:03
6993,xiulan22,女,天津市,2024-10-03 16:19:23
6994,yanxie,男,西安市,2025-05-31 13:01:23
6995,nmeng,女,天津市,2025-02-24 21:08:32
6996,guiying41,男,武汉市,2024-08-23 09:04:53
6997,xia44,男,天津市,2024-09-20 23:59:53
6998,xiaqiang,女,郑州市,2023-10-22 21:28:38
6999,jing72,女,上海市,2026-02-21 21:14:20
7000,sugang,女,深圳市,2025-08-21 01:51:06
7001,juan89,女,合肥市,2026-03-06 16:26:41
7002,wei55,女,西安市,2023-07-04 06:00:32
7003,zengxiuying,女,合肥市,2026-05-06 19:23:45
7004,chaodu,女,重庆市,2023-10-09 02:15:04
7005,yuguiying,女,深圳市,2023-08-04 05:38:09
7006,agu,男,广州市,2024-11-21 16:09:17
7007,leicheng,男,郑州市,2024-09-21 16:42:21
7008,wufang,女,广州市,2023-08-20 02:51:08
7009,qdeng,男,广州市,2025-10-11 11:17:23
7010,guxia,男,上海市,2024-10-30 13:20:20
7011,sunna,男,南昌市,2026-05-14 06:57:47
7012,hyi,女,兰州市,2026-03-21 10:49:52
7013,tanxiulan,男,郑州市,2023-12-04 04:42:10
7014,vding,女,南昌市,2023-11-02 20:50:23
7015,leixiao,女,南昌市,2026-02-07 19:50:12
7016,tmeng,女,上海市,2024-08-12 10:24:00
7017,liaoming,男,重庆市,2024-02-09 03:05:58
7018,taoqiang,女,青岛市,2025-05-17 12:04:54
7019,songqiang,男,北京市,2025-05-04 14:01:19
7020,weizheng,男,成都市,2025-02-20 11:28:48
7021,ming51,男,广州市,2023-10-14 17:22:58
7022,gangtan,男,广州市,2023-06-18 02:37:02
7023,shiwei,男,深圳市,2024-07-11 09:42:08
7024,heping,女,广州市,2025-10-28 02:08:54
7025,leigu,男,天津市,2026-05-13 19:03:49
7026,zzhong,男,上海市,2026-01-28 23:35:32
7027,fengjie,女,合肥市,2025-02-19 06:38:43
7028,yong75,男,杭州市,2024-09-28 05:38:26
7029,efang,女,杭州市,2025-07-07 00:43:12
7030,ming10,男,合肥市,2026-04-10 12:51:04
7031,zhouxia,男,武汉市,2026-04-07 23:49:49
7032,xiajin,女,北京市,2025-11-14 05:44:09
7033,yanxiang,男,深圳市,2025-10-16 16:44:19
7034,hanli,女,成都市,2026-02-07 09:37:43
7035,yangjia,男,西安市,2025-07-01 16:09:04
7036,jinlei,女,杭州市,2024-08-28 08:29:40
7037,elai,女,深圳市,2024-10-30 09:32:34
7038,gwang,女,呼和浩特市,2025-09-03 03:33:37
7039,oding,男,合肥市,2023-11-03 13:24:27
7040,oduan,男,北京市,2024-09-19 21:58:16
7041,chao56,男,长沙市,2025-09-01 12:08:43
7042,ping11,女,南京市,2023-07-10 18:31:22
7043,mfeng,男,郑州市,2025-11-17 00:29:13
7044,ming39,女,贵阳市,2025-02-24 21:24:47
7045,syao,女,广州市,2024-05-29 23:52:29
7046,shitao,女,广州市,2025-12-26 00:13:38
7047,vdai,女,海口市,2023-07-02 08:42:23
7048,gang97,男,深圳市,2024-05-05 01:37:49
7049,ycao,女,深圳市,2025-06-04 07:12:43
7050,jxia,男,深圳市,2025-11-21 15:45:23
7051,fren,女,上海市,2024-11-19 22:19:24
7052,nayu,男,广州市,2024-02-24 00:49:25
7053,panxiulan,女,郑州市,2023-09-18 06:04:00
7054,wei16,男,长沙市,2024-11-03 16:04:37
7055,mliang,男,成都市,2023-08-06 23:55:08
7056,guiying48,女,合肥市,2026-02-28 09:52:55
7057,tyu,女,杭州市,2023-10-04 11:58:44
7058,taodai,女,天津市,2024-05-03 23:03:19
7059,qiaofang,女,上海市,2024-12-12 17:13:10
7060,jie55,男,深圳市,2025-11-29 15:46:27
7061,xiaojun,男,北京市,2025-12-30 00:40:35
7062,yeping,男,北京市,2023-09-10 08:14:47
7063,xiulan21,女,北京市,2024-01-11 04:30:51
7064,li44,女,北京市,2026-01-14 20:18:25
7065,shifang,女,西安市,2024-08-24 11:16:01
7066,dingmin,男,上海市,2025-11-09 20:56:40
7067,li58,男,郑州市,2025-01-14 01:15:25
7068,min95,女,深圳市,2025-12-28 07:35:03
7069,qiuyang,男,兰州市,2024-04-24 08:26:36
7070,wanfang,女,上海市,2024-04-04 15:48:17
7071,ysun,女,北京市,2024-11-25 19:57:56
7072,jiaping,女,武汉市,2024-01-23 08:16:08
7073,lpeng,女,贵阳市,2023-06-24 17:46:49
7074,tzhang,女,重庆市,2023-10-03 03:43:03
7075,tianqiang,男,杭州市,2024-08-11 19:12:29
7076,chaoyuan,女,青岛市,2023-09-22 11:02:22
7077,ming01,女,武汉市,2023-11-05 12:56:36
7078,lihu,男,成都市,2024-05-25 12:18:25
7079,vtan,男,深圳市,2026-03-05 09:54:44
7080,jcao,男,深圳市,2026-04-08 01:42:17
7081,gangwan,女,上海市,2024-10-29 13:30:11
7082,guiyingchang,男,海口市,2024-11-16 20:29:13
7083,mengming,男,长沙市,2026-01-13 02:22:30
7084,phao,男,长沙市,2025-06-16 23:57:26
7085,jsun,男,青岛市,2024-01-01 17:21:38
7086,zhengyong,女,武汉市,2026-02-11 01:34:11
7087,wuna,女,上海市,2024-02-01 15:26:41
7088,yang24,女,成都市,2025-10-12 07:47:36
7089,jing01,男,合肥市,2025-05-06 07:17:25
7090,jinggu,男,郑州市,2024-06-30 12:41:42
7091,glei,女,武汉市,2023-08-19 21:26:52
7092,juan53,女,北京市,2023-08-07 15:30:18
7093,jiaxia,女,成都市,2025-01-06 23:47:37
7094,hduan,男,深圳市,2025-09-08 18:10:07
7095,mzeng,女,上海市,2024-06-26 12:52:01
7096,xuejing,女,海口市,2023-10-13 13:42:50
7097,kyi,男,重庆市,2023-11-19 05:36:31
7098,qiangduan,女,深圳市,2023-12-21 12:42:22
7099,guiying97,男,广州市,2024-08-09 13:31:24
7100,min60,女,贵阳市,2024-04-12 00:52:56
7101,hzou,男,上海市,2023-08-30 22:18:42
7102,wsong,男,青岛市,2025-08-26 16:53:51
7103,litang,男,广州市,2025-10-18 14:19:13
7104,nawu,女,北京市,2026-05-03 05:38:13
7105,shenming,女,北京市,2023-11-01 12:55:33
7106,chao15,男,武汉市,2024-11-09 02:38:03
7107,lei80,男,合肥市,2023-11-19 11:31:01
7108,kliu,女,海口市,2024-01-14 23:43:19
7109,weifu,男,北京市,2025-01-27 09:46:49
7110,juan86,男,贵阳市,2025-10-28 02:55:25
7111,weihe,男,呼和浩特市,2025-05-01 00:17:53
7112,liuwei,女,长沙市,2024-08-24 02:41:45
7113,yaotao,女,成都市,2025-01-19 14:27:28
7114,jieshao,女,北京市,2025-09-18 17:41:46
7115,qianqiang,男,合肥市,2026-02-09 08:06:26
7116,xiuying09,男,深圳市,2025-01-23 04:15:16
7117,wei77,女,青岛市,2025-07-27 13:51:10
7118,wdong,男,北京市,2024-09-11 14:28:27
7119,tao35,女,北京市,2025-03-21 05:56:38
7120,liuqiang,女,北京市,2024-02-11 04:30:05
7121,xia20,男,北京市,2023-10-13 06:45:15
7122,fang44,女,贵阳市,2024-06-09 17:18:24
7123,minghuang,男,合肥市,2024-09-27 11:56:31
7124,wyang,女,西安市,2023-11-05 22:16:12
7125,icao,男,天津市,2024-05-14 23:49:39
7126,tao52,女,武汉市,2024-05-10 15:25:00
7127,pingtian,女,北京市,2025-07-15 17:31:50
7128,gang44,男,上海市,2024-11-20 21:46:58
7129,mingzhong,女,长沙市,2023-08-08 13:45:14
7130,yuguiying,女,青岛市,2023-09-24 07:10:42
7131,wduan,男,杭州市,2024-09-07 09:36:18
7132,cuiyang,男,长沙市,2024-04-20 03:37:10
7133,fanmin,男,武汉市,2025-01-22 21:23:17
7134,yanwen,女,北京市,2026-02-15 20:51:41
7135,tao05,女,上海市,2023-08-09 04:19:54
7136,juan54,男,西安市,2025-12-16 04:14:11
7137,dbai,男,南昌市,2025-05-30 13:05:36
7138,njia,女,成都市,2026-04-07 13:35:39
7139,fang26,男,北京市,2025-07-09 06:48:03
7140,jchen,女,广州市,2026-03-02 21:04:12
7141,fengna,女,合肥市,2024-05-26 08:18:35
7142,guiyingxiao,男,上海市,2025-01-22 02:39:28
7143,hlong,女,合肥市,2024-05-16 08:52:08
7144,leixue,女,北京市,2025-03-25 15:41:00
7145,majing,女,郑州市,2024-06-26 00:29:11
7146,guiying12,女,深圳市,2025-11-26 11:57:44
7147,glin,女,西安市,2025-12-18 00:40:00
7148,bqian,女,合肥市,2024-11-01 21:20:49
7149,juan82,女,南昌市,2024-07-09 16:21:04
7150,moming,男,武汉市,2025-10-21 18:38:15
7151,yangyao,女,广州市,2025-09-19 02:55:19
7152,iqiu,男,深圳市,2024-05-25 17:08:55
7153,chaozhao,男,深圳市,2024-08-07 21:27:48
7154,lei03,女,合肥市,2024-01-11 21:53:37
7155,yanna,男,北京市,2023-09-08 07:52:37
7156,qianguiying,女,杭州市,2025-01-08 09:14:50
7157,qiugang,女,北京市,2023-12-21 17:30:16
7158,ckong,女,成都市,2023-08-24 04:25:45
7159,cduan,男,北京市,2024-04-01 18:16:58
7160,yuanmin,男,郑州市,2025-08-27 20:53:33
7161,taoqiu,男,郑州市,2025-06-05 04:43:56
7162,yilei,男,贵阳市,2023-12-03 08:45:34
7163,yanjin,女,广州市,2025-08-24 23:02:17
7164,xionglei,女,上海市,2025-06-22 21:28:23
7165,uzhao,女,合肥市,2024-10-28 09:23:36
7166,hliang,女,成都市,2024-02-02 04:43:17
7167,yongtan,男,上海市,2025-10-03 23:20:15
7168,guiying99,男,呼和浩特市,2025-05-02 08:06:23
7169,shijuan,男,西安市,2024-08-24 01:16:51
7170,taocheng,女,深圳市,2025-04-17 10:25:43
7171,ysu,女,深圳市,2024-02-22 22:28:52
7172,tao67,女,天津市,2024-01-01 07:25:33
7173,zhe,男,武汉市,2024-04-29 19:34:00
7174,htian,男,青岛市,2025-04-17 22:52:01
7175,min66,男,海口市,2023-08-17 05:14:58
7176,guiying18,男,北京市,2024-12-26 22:39:17
7177,fang82,男,深圳市,2023-12-08 05:46:37
7178,gang41,男,广州市,2026-03-18 19:31:35
7179,yan48,女,广州市,2026-02-18 04:19:04
7180,yonghuang,男,贵阳市,2025-09-20 14:49:26
7181,yaojuan,男,广州市,2023-08-21 12:25:49
7182,yuanchao,女,广州市,2025-02-25 05:01:33
7183,kongyang,男,上海市,2024-07-04 03:49:02
7184,nli,女,北京市,2026-04-14 08:19:49
7185,jing52,男,成都市,2024-02-25 18:40:15
7186,lijin,男,杭州市,2023-09-07 08:58:26
7187,yshao,男,成都市,2025-06-11 20:35:51
7188,gangjiang,男,上海市,2024-05-22 02:42:16
7189,gangqiu,女,南京市,2025-03-31 16:46:17
7190,xiulan72,男,郑州市,2025-02-19 22:19:48
7191,xiuying00,男,成都市,2024-09-22 05:11:26
7192,junchen,男,上海市,2024-05-05 20:04:14
7193,lgong,女,兰州市,2024-07-07 21:36:03
7194,xiameng,女,上海市,2024-04-07 14:34:47
7195,fang47,女,上海市,2026-05-06 01:00:57
7196,dongping,男,北京市,2024-03-22 00:07:36
7197,pengping,男,西安市,2024-10-29 05:30:16
7198,jun49,女,郑州市,2025-03-03 09:53:06
7199,sding,男,广州市,2024-03-12 12:27:29
7200,ysu,女,深圳市,2025-12-16 13:57:36
7201,lei77,女,北京市,2026-02-26 02:26:05
7202,ming12,女,广州市,2024-10-28 07:07:03
7203,nyu,女,广州市,2026-03-31 10:23:24
7204,juanyin,女,北京市,2025-07-06 22:55:04
7205,wenjuan,男,郑州市,2025-08-14 15:01:12
7206,mding,男,重庆市,2025-10-17 13:52:40
7207,li37,女,长沙市,2023-07-08 06:28:58
7208,weijin,女,上海市,2025-07-31 17:51:52
7209,xiangping,男,兰州市,2026-05-14 03:43:17
7210,tao68,男,北京市,2023-12-18 17:08:37
7211,guiying98,男,杭州市,2025-10-21 06:23:52
7212,tianjuan,男,兰州市,2025-01-03 14:21:00
7213,xiuyingzhu,女,海口市,2026-01-24 05:36:59
7214,fchen,男,重庆市,2024-05-06 04:10:33
7215,laifang,男,成都市,2025-10-12 07:18:26
7216,fqin,女,成都市,2025-09-02 00:44:37
7217,longchao,女,北京市,2026-02-27 17:23:52
7218,mcai,男,北京市,2024-07-18 03:53:04
7219,xiazhao,男,成都市,2024-12-02 21:31:46
7220,dxu,女,深圳市,2025-06-25 10:27:35
7221,bshen,女,深圳市,2025-05-02 06:00:17
7222,chao63,女,上海市,2023-09-18 15:28:39
7223,yanqian,女,重庆市,2025-02-16 09:39:48
7224,guiying21,女,深圳市,2025-05-31 02:11:23
7225,panjing,女,南昌市,2024-06-15 02:40:37
7226,guojun,男,武汉市,2023-08-09 22:21:19
7227,hcui,男,杭州市,2026-02-04 05:53:18
7228,xiuying69,男,深圳市,2024-03-11 01:43:47
7229,junfeng,男,南京市,2023-10-08 10:23:30
7230,jingliao,男,北京市,2024-06-29 22:05:12
7231,qianghu,女,兰州市,2026-04-03 07:58:32
7232,yangjiang,女,杭州市,2024-11-30 01:47:42
7233,jlai,女,北京市,2025-12-21 17:51:21
7234,min91,女,贵阳市,2023-10-28 17:58:26
7235,bfeng,女,北京市,2026-03-30 20:57:50
7236,majie,女,郑州市,2025-04-27 20:20:50
7237,taoyao,男,广州市,2025-12-16 09:25:28
7238,xiuyingsong,男,深圳市,2025-02-27 12:18:45
7239,xiulanzhang,男,深圳市,2025-02-02 00:22:46
7240,jie15,女,广州市,2024-11-13 14:30:23
7241,wei83,女,西安市,2024-12-15 22:53:00
7242,xiulan23,女,南京市,2026-01-28 11:01:29
7243,tanjun,女,重庆市,2023-09-17 06:16:48
7244,liuxiuying,女,广州市,2025-10-05 03:43:25
7245,min48,男,上海市,2025-01-12 17:04:53
7246,zhuyan,女,南昌市,2024-12-03 07:36:12
7247,qianchao,男,广州市,2026-03-07 22:25:14
7248,chenli,男,杭州市,2023-12-17 22:07:47
7249,zengyang,男,南昌市,2023-09-19 06:28:50
7250,luotao,男,长沙市,2024-09-11 14:06:58
7251,chenguiying,男,上海市,2025-03-18 08:43:49
7252,yangfu,女,上海市,2026-04-01 14:44:32
7253,mingye,男,上海市,2023-11-14 14:11:20
7254,renguiying,女,上海市,2025-05-17 15:43:10
7255,yonglin,男,武汉市,2024-12-24 22:55:15
7256,xiulanzheng,男,青岛市,2024-02-25 02:07:30
7257,li81,女,深圳市,2024-05-06 00:24:31
7258,shenlei,男,北京市,2026-04-28 19:52:31
7259,lcheng,女,深圳市,2024-07-06 15:09:59
7260,dyin,男,深圳市,2025-01-18 07:29:48
7261,taoxiulan,男,天津市,2026-02-14 11:01:06
7262,sfu,男,重庆市,2023-11-18 08:13:09
7263,guiyingyu,男,上海市,2026-03-20 14:29:13
7264,gang07,女,天津市,2024-03-10 18:11:28
7265,leiyuan,女,成都市,2025-09-12 19:54:57
7266,yangxie,男,天津市,2025-11-18 13:58:22
7267,ping09,男,广州市,2024-08-07 13:37:19
7268,jing56,男,青岛市,2023-06-26 04:22:09
7269,duanli,女,上海市,2025-09-04 16:49:51
7270,fuwei,男,杭州市,2023-11-11 19:38:48
7271,zfu,男,海口市,2026-01-31 17:23:19
7272,liwang,女,武汉市,2023-08-28 04:28:02
7273,shenxiuying,女,重庆市,2024-06-06 23:31:19
7274,min96,男,长沙市,2025-05-27 01:08:50
7275,lihuang,女,广州市,2024-03-25 11:50:12
7276,pingyin,女,西安市,2023-09-25 10:07:23
7277,wanlei,男,青岛市,2025-11-13 17:29:00
7278,dengli,女,深圳市,2025-07-10 07:58:29
7279,baiping,女,青岛市,2024-12-26 01:59:10
7280,tanjing,女,重庆市,2023-11-16 13:21:54
7281,chao90,女,北京市,2023-09-09 21:14:16
7282,iduan,男,深圳市,2024-01-30 01:30:20
7283,gongfang,男,重庆市,2025-11-02 11:17:43
7284,jing49,女,青岛市,2025-05-18 23:46:49
7285,jing99,男,武汉市,2024-07-25 09:34:33
7286,houxia,男,南京市,2023-09-23 01:02:59
7287,mingdu,男,武汉市,2025-04-12 07:58:18
7288,hdong,男,深圳市,2025-11-21 13:45:36
7289,juanxue,男,西安市,2025-06-27 04:06:30
7290,tao51,男,上海市,2023-06-04 13:39:24
7291,xiulan13,女,南京市,2023-05-26 22:51:59
7292,panjie,男,杭州市,2025-07-08 23:05:14
7293,ming28,女,广州市,2024-12-24 03:15:09
7294,yong56,女,贵阳市,2023-06-04 19:38:47
7295,yanxiao,男,北京市,2026-01-27 20:15:19
7296,fuyan,男,贵阳市,2025-07-17 23:36:23
7297,juanhou,男,广州市,2026-02-23 20:58:58
7298,bxiong,女,重庆市,2025-08-30 23:51:13
7299,leifeng,男,广州市,2024-07-22 02:45:50
7300,zengping,男,青岛市,2023-07-14 04:55:27
7301,taotan,女,长沙市,2024-02-28 14:49:47
7302,fengxiulan,男,杭州市,2025-09-23 04:19:43
7303,tanxia,女,成都市,2025-08-27 05:43:23
7304,dongxia,女,深圳市,2024-03-19 19:40:02
7305,qinli,男,天津市,2026-01-10 04:02:06
7306,xiulan35,男,广州市,2024-07-06 22:41:40
7307,khou,男,郑州市,2024-08-09 23:14:42
7308,yanxia,女,贵阳市,2023-10-24 22:12:10
7309,jiejin,男,海口市,2025-10-25 20:51:19
7310,xia64,男,郑州市,2025-10-18 04:46:07
7311,zfu,男,兰州市,2023-07-16 17:39:27
7312,vyang,女,广州市,2025-01-22 19:31:22
7313,xia75,男,南昌市,2024-01-06 12:02:43
7314,jing81,男,武汉市,2024-12-09 06:57:16
7315,laigang,男,天津市,2024-09-14 23:04:52
7316,wei12,女,杭州市,2024-06-06 23:06:47
7317,rding,女,成都市,2023-11-18 03:55:24
7318,liqiang,男,深圳市,2026-03-21 02:54:28
7319,kliao,女,南京市,2023-06-20 11:57:24
7320,tao92,男,杭州市,2024-10-23 06:57:36
7321,minglei,男,郑州市,2024-12-04 16:29:55
7322,xia31,女,深圳市,2023-12-31 14:11:07
7323,ywen,女,西安市,2025-12-26 20:52:04
7324,taojing,女,成都市,2025-12-25 07:20:15
7325,pingwei,男,广州市,2023-07-27 01:14:06
7326,dongxia,女,西安市,2024-07-13 11:13:40
7327,lxie,女,深圳市,2024-12-22 00:10:50
7328,jiangping,女,青岛市,2025-06-22 19:41:00
7329,na63,女,深圳市,2025-08-30 11:28:59
7330,mzhong,女,北京市,2023-07-20 01:50:05
7331,kqin,男,南昌市,2024-08-15 23:59:37
7332,yongliu,男,北京市,2025-09-08 01:26:25
7333,chenwei,女,武汉市,2023-10-21 16:19:53
7334,min42,男,重庆市,2025-11-25 23:56:51
7335,ishao,男,上海市,2024-07-16 10:32:07
7336,ocao,男,上海市,2024-06-10 15:37:05
7337,yongfu,男,上海市,2023-06-05 15:48:23
7338,chaotang,男,成都市,2026-05-04 06:16:31
7339,plong,男,武汉市,2025-07-08 02:47:03
7340,mindong,男,郑州市,2023-06-06 12:37:50
7341,wzhong,男,长沙市,2023-11-18 15:26:37
7342,xiulanmeng,男,杭州市,2024-10-21 06:30:18
7343,ffeng,女,杭州市,2025-10-21 22:54:22
7344,nfeng,男,上海市,2024-12-12 15:59:59
7345,pingzhong,女,广州市,2026-04-27 01:00:45
7346,na96,男,北京市,2025-02-21 00:24:25
7347,syao,女,广州市,2025-07-06 18:15:42
7348,ganghu,男,海口市,2024-08-31 09:27:31
7349,liaojun,女,青岛市,2026-03-25 19:29:32
7350,yan79,女,青岛市,2024-09-18 11:26:17
7351,yangwei,男,上海市,2023-06-30 05:21:02
7352,ping72,女,南京市,2023-06-28 12:46:55
7353,chenmin,男,南京市,2025-02-19 05:02:25
7354,dingxiulan,男,郑州市,2024-08-05 22:45:52
7355,xiazhong,女,成都市,2023-12-10 11:28:56
7356,sfeng,男,兰州市,2024-07-17 18:52:01
7357,xiulandu,女,杭州市,2026-05-20 04:14:28
7358,yan80,女,武汉市,2025-11-08 11:27:14
7359,chao96,男,深圳市,2025-08-10 09:58:58
7360,xiulanzou,女,上海市,2025-07-17 01:50:34
7361,yong70,女,重庆市,2024-12-13 22:34:40
7362,jinghan,男,上海市,2025-03-02 10:28:31
7363,zengqiang,女,天津市,2024-08-17 06:55:24
7364,na65,男,北京市,2025-11-10 17:25:38
7365,xiulan93,女,重庆市,2026-02-28 11:06:39
7366,panna,女,上海市,2025-03-07 12:12:46
7367,wmao,女,兰州市,2023-05-26 05:06:06
7368,caojuan,女,青岛市,2025-09-08 22:37:47
7369,huangmin,男,深圳市,2025-05-14 09:40:13
7370,yongli,女,天津市,2024-11-06 18:47:56
7371,ehu,女,南昌市,2023-08-29 19:00:08
7372,qiangyi,男,北京市,2026-02-07 03:16:48
7373,wangyan,女,上海市,2024-07-22 20:23:11
7374,ping49,女,杭州市,2024-02-23 20:19:57
7375,yang03,女,深圳市,2023-09-10 17:43:39
7376,cuiqiang,女,北京市,2024-09-10 01:35:24
7377,fang55,男,南京市,2024-04-11 10:39:29
7378,natang,女,上海市,2023-11-20 06:13:28
7379,chao27,女,成都市,2024-11-22 05:11:09
7380,li43,女,上海市,2024-01-01 13:36:14
7381,wei55,女,广州市,2024-10-28 18:12:48
7382,zhaoyan,女,合肥市,2025-05-14 00:36:01
7383,wei23,女,上海市,2026-04-13 00:15:48
7384,juan18,女,青岛市,2025-01-26 06:03:17
7385,cbai,女,青岛市,2025-04-17 05:37:31
7386,chao85,女,广州市,2024-01-01 13:01:25
7387,zfu,男,广州市,2025-09-28 04:00:13
7388,lyan,男,贵阳市,2024-10-29 22:42:57
7389,fangxiuying,女,北京市,2023-07-10 16:13:40
7390,li64,男,杭州市,2023-12-06 10:06:10
7391,minwei,女,北京市,2025-11-28 17:05:45
7392,fuyan,女,重庆市,2025-07-17 02:47:18
7393,yxiao,男,北京市,2024-10-21 20:14:13
7394,renguiying,女,西安市,2025-06-11 00:15:00
7395,nwen,女,武汉市,2024-11-23 08:42:30
7396,fang51,男,成都市,2024-12-25 04:54:37
7397,aqiao,男,广州市,2023-10-12 05:28:25
7398,ipeng,男,杭州市,2024-09-17 21:26:48
7399,nren,男,重庆市,2026-02-11 07:42:42
7400,changyong,女,上海市,2025-05-14 00:21:35
7401,elong,女,深圳市,2026-01-28 10:34:56
7402,tgu,女,广州市,2024-08-27 20:12:34
7403,jiezheng,男,南京市,2024-09-03 15:46:54
7404,ming99,男,杭州市,2023-12-17 12:01:11
7405,ming37,女,上海市,2024-11-18 12:50:33
7406,xiuyingli,男,北京市,2023-05-30 20:18:40
7407,tgong,男,合肥市,2024-04-04 04:49:06
7408,min14,男,合肥市,2024-03-01 18:33:41
7409,rfu,女,南京市,2023-12-15 18:08:01
7410,fang45,男,青岛市,2026-04-29 06:56:34
7411,fangdu,女,北京市,2025-08-30 00:50:24
7412,hanping,女,兰州市,2026-01-23 20:08:42
7413,weihu,女,西安市,2024-12-15 05:06:46
7414,ping82,男,杭州市,2023-08-01 12:11:45
7415,taojing,女,成都市,2025-07-23 04:59:44
7416,yan23,男,重庆市,2026-02-03 05:00:09
7417,xiulan61,女,杭州市,2023-09-23 00:45:14
7418,lpan,女,贵阳市,2024-11-29 02:50:35
7419,pengtao,女,郑州市,2025-12-25 10:56:53
7420,tao01,女,长沙市,2024-02-25 22:57:41
7421,chao75,女,兰州市,2025-08-31 02:41:36
7422,li13,男,天津市,2026-04-06 03:29:56
7423,juan24,女,兰州市,2024-08-13 22:27:03
7424,na47,男,合肥市,2025-01-25 16:30:41
7425,yuanping,男,贵阳市,2024-01-26 21:51:25
7426,guiying39,女,南京市,2024-12-01 04:11:30
7427,taoyan,女,重庆市,2025-09-05 17:54:03
7428,xiuyingduan,女,南昌市,2025-01-17 14:33:50
7429,jcui,女,西安市,2025-06-29 20:44:12
7430,chou,男,深圳市,2025-09-12 02:46:01
7431,nama,女,成都市,2026-03-21 17:20:21
7432,fang90,女,北京市,2024-12-25 10:07:19
7433,minyan,男,武汉市,2026-03-31 17:51:28
7434,gangtan,女,西安市,2026-04-22 12:40:07
7435,jieding,女,北京市,2025-04-05 05:37:21
7436,fangkong,男,广州市,2026-04-09 02:35:06
7437,pingqiao,女,青岛市,2024-04-01 03:26:54
7438,taodong,女,广州市,2023-11-06 18:32:52
7439,jingyan,男,兰州市,2025-03-28 13:00:41
7440,jie90,女,北京市,2024-02-18 17:49:23
7441,minwang,女,杭州市,2025-08-21 09:35:18
7442,fangtan,男,西安市,2025-04-28 10:03:11
7443,leiwang,男,杭州市,2024-12-19 15:08:08
7444,longfang,男,上海市,2025-02-28 00:25:44
7445,yzhou,男,广州市,2024-07-13 22:56:41
7446,jie22,男,杭州市,2023-06-04 01:04:31
7447,zbai,女,重庆市,2024-05-23 07:32:28
7448,yang80,女,合肥市,2024-02-08 06:42:59
7449,sunxiuying,女,上海市,2024-05-09 01:20:02
7450,xiongxia,女,青岛市,2024-08-20 13:56:47
7451,ping02,女,天津市,2025-09-09 16:01:16
7452,jing83,男,南京市,2025-03-16 09:09:24
7453,xiasong,男,杭州市,2023-11-18 05:16:06
7454,xiuying57,男,成都市,2025-04-22 04:13:37
7455,chaohuang,女,广州市,2024-10-14 08:35:28
7456,chengjing,男,上海市,2023-11-17 18:01:48
7457,jinggu,男,北京市,2024-12-12 18:24:25
7458,xsong,男,杭州市,2025-10-20 06:09:47
7459,li39,女,上海市,2025-07-27 14:03:33
7460,wliao,男,广州市,2023-10-24 22:53:22
7461,ping75,女,西安市,2024-03-17 21:19:09
7462,caoxiulan,女,郑州市,2025-02-23 22:15:16
7463,fdeng,女,深圳市,2024-02-10 08:18:47
7464,min39,女,武汉市,2024-07-18 18:30:33
7465,bzhou,女,青岛市,2025-12-13 08:10:52
7466,fanghe,男,广州市,2025-11-02 04:32:35
7467,fuwei,女,北京市,2023-07-28 07:51:59
7468,liaolei,男,上海市,2025-07-07 22:34:36
7469,fang82,男,郑州市,2025-03-02 10:21:49
7470,yang47,女,南昌市,2026-04-15 12:21:23
7471,zengmin,女,西安市,2025-10-24 04:55:20
7472,jie25,女,西安市,2025-03-12 16:16:10
7473,yqian,女,杭州市,2023-11-21 20:55:22
7474,yongxu,女,南昌市,2024-06-14 07:28:49
7475,xia12,女,海口市,2025-09-06 00:09:50
7476,zengjing,女,北京市,2023-06-23 13:57:18
7477,jie94,女,海口市,2025-04-30 11:08:46
7478,maoxiuying,女,广州市,2025-05-08 06:21:06
7479,klin,女,成都市,2025-11-01 04:06:12
7480,ping65,男,南京市,2026-04-16 07:00:06
7481,yuyan,女,重庆市,2025-07-26 11:29:46
7482,rcai,男,青岛市,2025-03-24 23:45:27
7483,khao,女,青岛市,2025-03-27 02:34:17
7484,xiadai,女,北京市,2024-04-02 22:02:18
7485,uzhu,男,广州市,2023-10-02 18:51:03
7486,dengjie,男,合肥市,2023-09-15 13:06:59
7487,jing27,女,广州市,2024-05-31 18:43:10
7488,ilong,女,青岛市,2026-04-18 04:06:42
7489,ngong,男,广州市,2026-05-09 01:45:01
7490,mingliu,女,北京市,2024-11-01 19:43:55
7491,gcai,男,重庆市,2023-08-02 06:13:49
7492,wzheng,男,杭州市,2026-04-02 19:15:03
7493,mlai,男,南昌市,2024-12-19 05:59:28
7494,qiang66,男,重庆市,2025-03-06 10:11:54
7495,sshen,男,西安市,2023-05-30 00:05:35
7496,ezou,男,西安市,2025-01-04 06:01:40
7497,xia85,男,武汉市,2025-05-26 14:40:21
7498,gangyao,女,北京市,2023-10-03 01:48:18
7499,jiangjun,女,北京市,2025-12-03 07:41:34
7500,iwei,女,上海市,2025-03-23 13:43:38
7501,fchang,女,上海市,2023-10-07 22:36:05
7502,donglei,女,北京市,2025-10-27 01:29:01
7503,guiyingshi,男,深圳市,2026-02-13 02:19:26
7504,wshao,女,成都市,2024-06-16 10:30:39
7505,huangjie,男,上海市,2024-06-15 12:31:16
7506,bcao,女,上海市,2023-07-27 02:36:38
7507,tdeng,女,北京市,2025-02-25 02:53:52
7508,jun08,女,深圳市,2025-09-28 01:56:47
7509,fmo,男,广州市,2026-04-14 03:04:34
7510,baiming,男,合肥市,2025-10-14 18:15:18
7511,na01,女,武汉市,2024-11-18 11:42:00
7512,lduan,男,上海市,2025-04-01 22:57:41
7513,mindong,男,青岛市,2025-12-11 08:48:38
7514,wcheng,女,上海市,2025-08-20 19:13:01
7515,mhu,女,北京市,2025-07-30 17:37:25
7516,fang12,男,青岛市,2026-01-13 13:36:01
7517,lchang,男,上海市,2026-02-10 06:54:12
7518,weizhao,女,成都市,2026-02-20 00:35:30
7519,vkong,男,成都市,2023-08-21 09:33:30
7520,ima,男,合肥市,2023-09-15 22:54:02
7521,jiana,女,南京市,2025-10-10 18:38:45
7522,ping38,女,上海市,2026-05-12 12:52:11
7523,lei73,男,天津市,2026-04-14 00:21:54
7524,bdai,女,深圳市,2023-10-14 23:35:29
7525,iwan,女,兰州市,2024-04-22 04:18:14
7526,liwei,女,深圳市,2026-01-02 03:36:40
7527,odu,男,西安市,2025-01-13 05:08:20
7528,yinxiuying,女,重庆市,2026-01-06 19:24:18
7529,xiexiulan,女,深圳市,2025-03-18 04:15:20
7530,qyu,男,杭州市,2025-01-20 21:43:00
7531,xiashao,男,武汉市,2024-05-08 11:49:56
7532,fang46,男,武汉市,2023-06-27 17:44:10
7533,minye,男,杭州市,2025-12-03 06:31:42
7534,pbai,男,广州市,2025-01-02 11:54:55
7535,yiguiying,男,广州市,2024-11-07 09:32:21
7536,fangliu,女,兰州市,2024-04-01 07:56:48
7537,yan81,男,南昌市,2025-01-30 02:22:00
7538,huxiulan,男,成都市,2026-05-17 18:56:44
7539,gangding,女,北京市,2025-04-24 18:37:31
7540,gang79,女,青岛市,2025-03-02 16:03:55
7541,taojia,男,武汉市,2025-04-20 19:32:16
7542,yan35,女,郑州市,2024-04-24 20:54:41
7543,juanhu,男,成都市,2026-03-24 19:08:01
7544,haoguiying,男,深圳市,2023-12-04 20:27:49
7545,pengwei,男,长沙市,2025-09-20 07:47:07
7546,liyi,女,成都市,2023-10-12 04:49:16
7547,haoxiuying,女,上海市,2023-07-13 20:28:14
7548,chengjun,女,海口市,2023-06-03 16:41:30
7549,bguo,女,广州市,2024-07-22 15:11:19
7550,jie07,女,重庆市,2023-12-10 19:28:58
7551,ayin,男,南京市,2025-07-01 01:19:17
7552,longlei,男,杭州市,2025-09-13 18:43:42
7553,maxiulan,女,广州市,2026-01-26 02:47:13
7554,guoguiying,女,长沙市,2025-03-21 02:30:19
7555,junwan,男,广州市,2024-08-24 17:26:46
7556,wding,男,上海市,2025-10-09 13:02:28
7557,min88,女,兰州市,2025-01-11 19:35:51
7558,taoluo,女,杭州市,2024-09-30 19:53:16
7559,baifang,男,西安市,2023-10-13 04:25:44
7560,nxia,男,天津市,2024-03-24 03:10:57
7561,jie90,女,青岛市,2025-04-07 15:39:37
7562,guiying93,女,北京市,2026-03-23 03:40:11
7563,xiangmin,女,北京市,2025-05-25 17:42:24
7564,liaoguiying,女,天津市,2024-02-21 20:27:25
7565,qcui,男,长沙市,2025-05-25 06:23:30
7566,longli,男,长沙市,2024-02-29 04:00:44
7567,ujin,女,深圳市,2025-05-28 16:23:00
7568,gaoqiang,女,西安市,2025-09-12 05:43:20
7569,kliang,男,深圳市,2024-05-19 13:57:55
7570,yang54,男,深圳市,2025-07-13 18:12:08
7571,gmeng,女,南京市,2023-12-27 02:04:10
7572,pyu,男,西安市,2024-07-15 06:13:54
7573,adong,男,深圳市,2023-06-14 13:37:37
7574,yanlu,女,天津市,2025-12-26 00:09:23
7575,mowei,男,南京市,2025-03-12 12:56:18
7576,gaomin,男,深圳市,2023-08-20 00:04:53
7577,jlei,男,成都市,2024-12-11 03:26:23
7578,odu,男,深圳市,2026-02-20 09:58:33
7579,guiying45,男,杭州市,2024-11-23 20:38:45
7580,rxie,女,北京市,2025-08-29 22:20:42
7581,taofang,女,重庆市,2023-06-02 20:44:42
7582,yangyi,女,合肥市,2023-05-25 22:38:15
7583,gumin,男,北京市,2023-10-13 00:11:55
7584,yuping,男,武汉市,2023-10-17 12:19:28
7585,jxie,女,合肥市,2024-07-31 10:27:47
7586,liqiao,女,深圳市,2025-04-03 06:44:27
7587,pengjing,女,长沙市,2025-06-12 17:34:23
7588,gwang,男,长沙市,2025-04-30 09:42:52
7589,xiuyingfan,女,天津市,2025-02-18 04:49:44
7590,mdai,男,武汉市,2023-11-28 12:45:25
7591,kzhu,女,深圳市,2025-08-01 21:01:49
7592,haoyong,男,北京市,2023-11-01 14:23:30
7593,pinggong,男,南京市,2023-12-28 13:01:13
7594,yang54,男,上海市,2024-02-09 12:24:36
7595,hexiulan,男,长沙市,2024-08-30 19:14:57
7596,jingqiao,女,北京市,2024-10-16 21:48:53
7597,lei39,女,青岛市,2024-03-18 08:48:34
7598,juan07,女,深圳市,2025-03-31 21:37:44
7599,yuming,女,深圳市,2026-02-20 17:57:12
7600,tianjing,男,长沙市,2023-12-20 05:24:00
7601,ugao,男,深圳市,2025-10-06 23:18:55
7602,xia40,男,北京市,2025-04-06 21:20:59
7603,chaolu,女,海口市,2026-03-16 05:09:02
7604,pingxiong,男,西安市,2024-02-19 23:57:49
7605,tangfang,女,青岛市,2025-11-24 15:42:31
7606,junyao,女,合肥市,2026-05-21 11:09:25
7607,phu,女,上海市,2024-07-09 15:17:32
7608,fyan,男,南昌市,2025-02-03 05:18:15
7609,wbai,男,海口市,2026-03-27 06:46:36
7610,mengxia,男,武汉市,2025-08-04 01:02:55
7611,fangli,男,深圳市,2023-10-04 02:50:41
7612,qiangshi,女,南京市,2025-02-08 12:42:28
7613,xieming,男,上海市,2024-08-03 15:11:04
7614,xiadu,男,西安市,2023-09-23 04:20:23
7615,taoyan,女,杭州市,2025-05-26 17:47:26
7616,dlai,女,成都市,2023-06-24 13:19:45
7617,guiying08,女,青岛市,2023-11-29 18:55:21
7618,duxia,男,长沙市,2025-01-18 04:18:02
7619,weili,女,南京市,2026-03-19 10:30:45
7620,zhaoqiang,男,成都市,2025-07-05 07:41:49
7621,jkong,男,深圳市,2025-06-17 23:30:10
7622,na10,男,重庆市,2024-05-23 00:58:25
7623,weihuang,女,南昌市,2024-05-27 02:58:26
7624,zhaoyan,男,杭州市,2024-03-18 16:36:16
7625,qianxia,女,上海市,2023-06-19 09:10:30
7626,zhangxia,女,郑州市,2023-07-18 06:03:02
7627,jinghe,女,深圳市,2023-11-03 08:42:16
7628,ssong,男,南昌市,2025-01-28 17:16:10
7629,tao08,男,上海市,2025-01-22 16:47:14
7630,yiyong,女,天津市,2024-06-14 06:33:15
7631,daijuan,男,海口市,2023-06-28 10:27:01
7632,uxiang,男,贵阳市,2026-04-03 19:13:46
7633,duanlei,男,武汉市,2024-09-29 10:25:43
7634,uwang,女,郑州市,2025-12-30 03:44:29
7635,lilei,女,上海市,2025-07-04 11:30:23
7636,yang28,女,海口市,2023-07-11 21:29:16
7637,yan12,女,深圳市,2025-08-29 14:17:41
7638,jingduan,男,成都市,2023-05-26 05:03:19
7639,kongna,女,西安市,2025-11-20 21:26:07
7640,yong04,男,郑州市,2025-03-13 12:41:11
7641,shaoguiying,女,西安市,2024-08-02 12:08:42
7642,qgu,男,广州市,2024-03-25 21:19:12
7643,xhou,男,成都市,2024-12-07 00:27:14
7644,xliao,男,上海市,2024-07-17 23:50:42
7645,li70,女,广州市,2025-06-08 02:18:26
7646,hanming,女,广州市,2025-06-01 05:30:14
7647,wei10,男,重庆市,2023-09-27 22:01:35
7648,ming60,女,北京市,2023-11-01 15:25:39
7649,gaojun,女,南京市,2023-12-10 06:55:47
7650,pingfu,男,北京市,2023-11-13 10:10:07
7651,jie09,女,北京市,2023-06-18 22:46:45
7652,yonghao,男,贵阳市,2024-08-08 23:02:15
7653,wujuan,男,郑州市,2023-08-14 15:17:56
7654,weihou,男,深圳市,2025-07-18 13:14:49
7655,jiecheng,女,青岛市,2025-05-25 14:46:36
7656,yangding,女,合肥市,2025-11-09 08:50:42
7657,shixiulan,男,青岛市,2024-09-06 05:00:15
7658,yangduan,女,西安市,2023-08-27 09:57:02
7659,jie14,女,西安市,2024-05-05 04:45:48
7660,junyi,男,广州市,2025-08-08 19:24:28
7661,pengguiying,男,青岛市,2024-11-10 04:59:39
7662,jing74,男,广州市,2023-07-12 15:46:50
7663,mingtan,男,合肥市,2026-02-02 22:39:05
7664,yanyong,女,广州市,2023-07-05 13:28:53
7665,xiuying98,男,广州市,2025-11-24 21:19:46
7666,leishao,男,南京市,2025-05-21 21:09:55
7667,lifang,女,武汉市,2026-04-16 22:27:54
7668,linyan,女,广州市,2026-04-12 11:44:17
7669,caiyong,男,贵阳市,2023-11-12 12:01:48
7670,yong74,男,南昌市,2025-12-25 05:38:17
7671,wenxiuying,男,郑州市,2023-11-27 05:22:50
7672,na66,女,成都市,2023-09-09 02:08:09
7673,xiaochao,男,杭州市,2023-11-06 22:16:46
7674,zli,男,北京市,2026-02-24 02:23:07
7675,xiawei,男,合肥市,2024-03-07 22:51:56
7676,sqiu,男,武汉市,2023-12-08 09:38:16
7677,fangma,女,南昌市,2025-12-18 12:16:56
7678,chao97,女,杭州市,2024-09-05 05:36:08
7679,yong95,女,合肥市,2024-10-20 08:22:02
7680,jun52,男,重庆市,2024-03-29 22:01:36
7681,yong73,男,广州市,2023-10-03 23:43:52
7682,zouyan,男,北京市,2025-02-23 21:32:25
7683,qiang74,女,合肥市,2024-08-10 02:34:13
7684,pengchao,女,重庆市,2023-10-15 09:24:26
7685,mingyu,男,北京市,2024-10-29 14:32:16
7686,syang,男,成都市,2026-05-03 22:24:28
7687,shaona,女,南京市,2025-10-15 03:51:30
7688,liguo,男,呼和浩特市,2025-05-12 13:47:55
7689,xyan,女,武汉市,2025-09-04 00:17:10
7690,juanjin,男,广州市,2025-02-02 08:00:50
7691,slei,男,广州市,2023-09-03 00:11:23
7692,moguiying,男,成都市,2025-02-18 08:38:57
7693,juan40,男,贵阳市,2025-01-13 04:53:27
7694,fguo,女,合肥市,2023-08-27 17:49:19
7695,zjia,女,南京市,2023-10-10 15:30:55
7696,zouxiulan,男,成都市,2024-03-12 13:16:45
7697,dchang,女,合肥市,2024-12-29 03:25:59
7698,gangma,女,北京市,2023-10-28 06:48:01
7699,taokang,男,重庆市,2023-11-11 14:51:54
7700,czou,女,青岛市,2025-04-28 21:48:02
7701,yfan,女,北京市,2024-06-04 10:02:38
7702,dingxiulan,女,广州市,2024-04-09 11:18:29
7703,tao89,女,成都市,2025-11-08 11:40:07
7704,liujing,男,深圳市,2026-05-02 15:18:07
7705,mchen,男,广州市,2025-09-29 17:57:52
7706,odong,男,广州市,2026-04-05 11:12:24
7707,xiulanshi,女,长沙市,2025-04-15 07:20:23
7708,min31,女,北京市,2023-06-01 21:41:57
7709,weiwei,女,合肥市,2025-05-07 18:27:01
7710,jiejia,女,天津市,2023-07-22 10:58:17
7711,gang25,男,广州市,2023-08-09 19:42:42
7712,jun31,男,南京市,2024-10-19 07:29:57
7713,hyin,女,合肥市,2026-02-04 11:29:16
7714,naguo,男,合肥市,2025-04-06 20:39:34
7715,naqiao,女,重庆市,2023-06-25 20:08:21
7716,yong65,女,合肥市,2025-03-24 11:34:47
7717,gang39,女,上海市,2024-11-17 00:46:14
7718,xiulanfu,女,北京市,2025-08-15 23:56:12
7719,yeyan,女,上海市,2025-04-04 10:35:12
7720,ping68,男,南昌市,2024-07-31 06:48:52
7721,ryi,男,西安市,2023-07-04 08:20:14
7722,kongxiuying,男,西安市,2023-07-16 12:09:33
7723,lei13,女,重庆市,2026-01-11 01:17:20
7724,liyan,男,武汉市,2024-07-25 16:50:57
7725,qiang04,男,天津市,2023-08-13 08:48:12
7726,tao66,男,杭州市,2025-12-12 14:04:51
7727,chao84,男,深圳市,2024-09-20 06:36:18
7728,zhaoxia,男,南昌市,2024-02-19 21:40:49
7729,smeng,女,北京市,2025-04-03 15:16:31
7730,chaozeng,男,重庆市,2025-08-30 08:09:53
7731,qyin,男,深圳市,2025-05-26 12:42:20
7732,juan31,女,杭州市,2023-06-23 09:59:28
7733,guiyinglong,男,天津市,2024-02-17 05:27:32
7734,zlei,女,成都市,2026-05-12 10:16:20
7735,huangming,男,重庆市,2024-03-08 03:50:55
7736,fangma,男,贵阳市,2024-03-09 17:19:27
7737,chaoliu,女,长沙市,2023-10-19 02:00:51
7738,leiyan,男,杭州市,2023-12-06 11:57:39
7739,hfeng,女,北京市,2025-06-23 15:52:25
7740,taozeng,女,成都市,2025-03-31 17:03:29
7741,yong86,男,重庆市,2024-11-07 01:27:15
7742,baiguiying,女,成都市,2025-09-28 00:42:09
7743,jdeng,男,成都市,2025-04-18 10:41:20
7744,minbai,女,西安市,2026-01-27 07:39:00
7745,chao04,男,贵阳市,2025-10-24 23:20:15
7746,whao,女,海口市,2024-08-14 20:23:28
7747,juan54,女,青岛市,2025-04-28 04:57:16
7748,xianggang,女,北京市,2024-09-01 15:12:16
7749,juncheng,男,北京市,2023-11-23 18:30:03
7750,isong,女,上海市,2025-03-12 18:35:31
7751,jiefan,女,深圳市,2025-02-05 08:08:51
7752,yaogang,男,青岛市,2023-11-03 18:26:56
7753,taozheng,女,郑州市,2025-02-20 11:11:32
7754,yuxia,男,深圳市,2026-03-16 03:21:12
7755,fang92,男,广州市,2024-09-22 20:20:23
7756,guiyingshao,男,上海市,2023-10-16 02:37:28
7757,zhuli,女,广州市,2024-08-08 17:21:20
7758,mhou,男,深圳市,2025-12-17 17:12:05
7759,gang45,女,西安市,2025-05-23 01:25:53
7760,yuanfang,男,长沙市,2024-12-28 22:37:05
7761,gongjun,女,南京市,2024-02-26 14:16:43
7762,xiaqiang,女,上海市,2025-06-13 11:36:08
7763,leifeng,女,武汉市,2024-11-29 17:33:15
7764,changming,女,贵阳市,2025-11-05 18:24:43
7765,maoxiulan,男,长沙市,2025-07-22 20:03:27
7766,gangyi,男,重庆市,2023-06-22 17:25:19
7767,ming57,女,重庆市,2025-01-09 07:03:22
7768,najiang,女,天津市,2026-02-13 20:14:45
7769,oshi,女,北京市,2024-06-15 18:11:07
7770,yangyao,女,上海市,2024-11-02 13:20:59
7771,chao03,男,北京市,2025-04-26 23:50:58
7772,sunqiang,男,广州市,2025-08-24 08:57:07
7773,tdeng,女,重庆市,2025-07-22 10:25:02
7774,mingzheng,女,杭州市,2025-10-06 23:03:02
7775,jun80,女,成都市,2025-08-01 05:02:04
7776,taogao,男,上海市,2024-05-17 16:13:42
7777,tao13,男,贵阳市,2025-11-13 18:58:45
7778,renyang,男,天津市,2024-07-04 04:48:34
7779,gxiao,男,兰州市,2024-07-23 07:26:00
7780,guiying49,女,杭州市,2026-05-13 08:11:38
7781,xiulan74,男,武汉市,2024-06-28 01:24:23
7782,hanjing,男,南京市,2025-01-27 08:29:25
7783,renwei,女,青岛市,2024-10-12 00:11:18
7784,fangming,男,深圳市,2023-12-14 09:15:59
7785,panchao,男,成都市,2024-12-25 18:22:17
7786,xiulan66,女,成都市,2024-07-08 04:10:32
7787,ijiang,男,北京市,2026-01-18 11:23:45
7788,yongxiao,女,广州市,2024-05-15 15:53:19
7789,xiangyan,男,天津市,2025-12-26 09:36:06
7790,vsong,女,重庆市,2024-01-31 13:48:01
7791,changjing,女,上海市,2024-04-02 04:18:54
7792,ywan,男,郑州市,2026-02-20 02:48:20
7793,junma,女,深圳市,2024-11-22 09:14:05
7794,xiaoguiying,男,上海市,2023-12-28 13:37:45
7795,juanhe,男,郑州市,2025-01-10 09:14:35
7796,chaoshi,男,杭州市,2026-05-03 06:56:04
7797,ifan,女,长沙市,2025-09-14 04:29:05
7798,luomin,女,上海市,2023-10-12 03:55:49
7799,fang77,女,青岛市,2024-12-05 01:08:48
7800,min92,女,成都市,2025-04-08 10:06:26
7801,li07,女,南京市,2024-06-24 22:01:17
7802,stan,女,北京市,2025-02-05 05:23:33
7803,eyin,男,武汉市,2025-03-01 18:07:12
7804,changjie,女,武汉市,2025-07-07 16:01:04
7805,juan37,女,合肥市,2024-09-11 23:08:25
7806,bzhong,女,北京市,2025-01-15 19:55:41
7807,xwang,女,杭州市,2025-07-31 17:56:54
7808,jun54,女,北京市,2026-04-10 15:30:17
7809,xionggang,男,青岛市,2023-05-28 19:51:28
7810,lxiang,女,北京市,2023-06-14 12:12:16
7811,maoxiuying,女,上海市,2023-06-22 17:00:38
7812,lzou,男,成都市,2024-06-04 11:07:49
7813,vqian,男,长沙市,2024-01-25 09:56:16
7814,tkong,男,天津市,2023-07-13 09:07:48
7815,xia26,女,西安市,2025-02-03 00:30:13
7816,yang27,男,南昌市,2025-04-11 05:19:22
7817,oxiang,男,武汉市,2023-09-27 05:58:46
7818,minyan,男,青岛市,2025-09-11 10:32:31
7819,yugang,男,长沙市,2023-07-02 11:17:51
7820,tao73,女,深圳市,2024-11-23 10:23:23
7821,chao07,女,青岛市,2023-06-03 04:15:20
7822,jliu,女,海口市,2025-01-28 01:36:21
7823,pengmin,男,武汉市,2023-06-02 20:19:35
7824,xiuying67,男,上海市,2024-12-19 09:47:45
7825,juanfang,女,青岛市,2024-09-08 15:25:23
7826,jingxiang,男,上海市,2025-04-20 17:14:23
7827,yangliu,男,合肥市,2023-09-21 12:34:13
7828,jun42,男,兰州市,2025-09-08 16:06:17
7829,xiuying21,女,上海市,2024-12-29 15:17:38
7830,linli,男,贵阳市,2024-02-10 14:38:43
7831,jiexu,男,郑州市,2024-01-30 19:47:46
7832,tangwei,女,海口市,2025-06-07 20:50:46
7833,laiping,男,兰州市,2024-01-29 00:06:56
7834,icheng,男,合肥市,2023-07-08 09:15:10
7835,li53,男,深圳市,2026-01-15 03:03:16
7836,jietian,男,深圳市,2025-09-01 18:13:38
7837,chao39,男,深圳市,2023-05-22 07:32:42
7838,jun01,女,深圳市,2025-03-16 02:28:51
7839,jun42,男,上海市,2024-04-09 12:00:15
7840,taolong,男,北京市,2024-12-28 17:24:55
7841,tao62,女,郑州市,2026-01-10 16:13:09
7842,ntao,男,北京市,2025-02-17 13:37:22
7843,zhouna,男,北京市,2025-12-04 02:46:46
7844,xuexia,男,北京市,2024-06-25 04:13:29
7845,li32,男,青岛市,2025-12-16 17:48:42
7846,yonglong,男,上海市,2024-04-24 18:48:35
7847,liqian,男,深圳市,2024-03-24 09:19:49
7848,yan55,男,呼和浩特市,2025-02-03 01:36:27
7849,fangqiang,男,广州市,2023-08-02 15:56:41
7850,xiuyingxie,男,西安市,2024-11-01 06:32:35
7851,minxie,男,海口市,2024-09-23 08:59:05
7852,gang12,女,北京市,2024-08-24 08:51:43
7853,naxu,女,武汉市,2024-03-13 16:22:20
7854,yangyu,男,杭州市,2023-07-11 20:40:49
7855,fujun,女,郑州市,2023-10-27 07:39:26
7856,min13,男,南昌市,2023-09-18 18:15:07
7857,cxia,女,深圳市,2025-09-30 00:32:45
7858,jing46,男,杭州市,2026-04-11 19:36:58
7859,etao,男,武汉市,2023-09-04 10:03:38
7860,jie03,女,南京市,2025-02-03 11:58:16
7861,junhe,男,北京市,2026-01-24 18:17:57
7862,zhanggang,女,深圳市,2024-07-05 23:40:31
7863,weimeng,男,杭州市,2025-08-01 12:11:52
7864,gsun,女,成都市,2024-03-03 19:19:21
7865,juan86,女,长沙市,2024-12-30 01:45:51
7866,yang55,女,武汉市,2024-05-23 03:53:23
7867,min42,女,郑州市,2026-04-18 17:44:51
7868,xiaping,男,郑州市,2026-05-08 01:04:15
7869,ryan,男,郑州市,2023-07-15 02:39:58
7870,wren,男,上海市,2024-06-07 13:34:04
7871,guiying59,男,深圳市,2023-09-27 13:45:19
7872,minfu,女,杭州市,2025-06-04 23:27:31
7873,weizhong,女,南昌市,2023-10-04 06:15:07
7874,ebai,男,深圳市,2024-05-16 16:18:01
7875,yong70,女,西安市,2023-07-31 07:08:08
7876,qiangkong,男,武汉市,2023-11-23 07:25:04
7877,guping,女,成都市,2024-06-15 05:03:10
7878,qiantao,男,广州市,2026-03-03 01:17:03
7879,junlin,女,广州市,2025-12-26 07:15:17
7880,yqiao,女,北京市,2023-11-25 06:30:23
7881,jli,女,重庆市,2025-08-25 22:16:55
7882,sma,女,青岛市,2023-08-09 23:25:44
7883,laimin,女,重庆市,2024-02-15 06:44:13
7884,xxu,女,上海市,2024-05-31 17:44:05
7885,njia,女,杭州市,2023-11-11 08:10:28
7886,pzhou,女,南昌市,2024-11-05 17:28:21
7887,sxiang,女,杭州市,2025-06-29 09:46:58
7888,yxie,男,西安市,2024-08-19 17:33:05
7889,fchen,男,天津市,2024-06-26 22:48:39
7890,lfeng,女,广州市,2023-05-29 22:25:08
7891,pingwei,女,武汉市,2024-09-03 22:59:29
7892,jun99,女,深圳市,2024-09-25 15:37:32
7893,amao,男,北京市,2024-01-01 10:28:57
7894,li49,女,上海市,2025-01-03 15:29:14
7895,zhongfang,男,西安市,2024-07-27 01:02:37
7896,zhongqiang,男,广州市,2023-09-28 14:28:10
7897,gang39,男,成都市,2023-05-27 16:07:04
7898,yongwei,男,上海市,2024-06-19 04:03:08
7899,yanmao,女,武汉市,2024-08-16 15:21:10
7900,njia,女,深圳市,2023-06-25 20:19:11
7901,lli,男,广州市,2026-04-16 15:06:36
7902,jun28,女,海口市,2026-03-24 20:44:38
7903,fangcao,男,兰州市,2025-02-17 01:56:39
7904,gxiong,女,贵阳市,2026-04-01 03:37:27
7905,wutao,女,北京市,2025-01-23 14:01:16
7906,nxue,男,深圳市,2025-12-28 10:05:47
7907,pli,男,深圳市,2024-02-14 18:13:52
7908,zengjing,女,深圳市,2023-12-01 08:29:47
7909,yan65,男,上海市,2026-05-05 23:55:32
7910,tianxiulan,女,重庆市,2024-09-06 21:00:31
7911,tao39,男,重庆市,2025-10-11 19:17:32
7912,wdai,女,长沙市,2025-01-22 21:05:03
7913,jxie,男,北京市,2024-04-24 15:43:28
7914,yong45,女,天津市,2024-03-17 09:47:44
7915,yangong,女,上海市,2025-06-22 04:12:41
7916,oliao,男,南京市,2025-03-28 05:18:48
7917,tanli,女,重庆市,2023-07-14 17:04:35
7918,vlu,女,北京市,2024-01-27 13:53:17
7919,taoqiang,男,广州市,2023-06-12 18:18:10
7920,kmeng,男,成都市,2025-12-16 14:40:03
7921,jieshao,男,南京市,2025-08-16 16:30:03
7922,guiyinghan,女,北京市,2025-06-24 04:36:55
7923,qinchao,男,北京市,2023-11-26 07:57:01
7924,tao15,女,北京市,2025-07-23 23:33:45
7925,ping22,女,长沙市,2025-06-18 06:17:55
7926,nwei,女,重庆市,2024-09-05 02:28:23
7927,qiujun,女,成都市,2023-11-29 11:43:22
7928,jing24,女,上海市,2023-08-30 11:08:35
7929,yhe,男,武汉市,2026-01-08 20:44:41
7930,wyu,男,广州市,2026-04-15 00:00:01
7931,tmo,女,天津市,2024-11-10 01:34:09
7932,tao19,男,青岛市,2024-05-14 05:35:51
7933,zma,女,成都市,2024-05-02 05:46:38
7934,longjing,男,北京市,2023-10-18 20:43:31
7935,yongshao,男,重庆市,2026-04-06 02:46:01
7936,rchang,男,合肥市,2024-10-05 11:11:19
7937,fang93,男,成都市,2026-03-03 15:46:46
7938,kzhu,男,成都市,2024-12-26 20:11:04
7939,xiulan46,女,西安市,2025-04-15 19:09:49
7940,wenping,男,青岛市,2024-10-12 10:54:18
7941,chao75,女,上海市,2025-02-15 05:39:50
7942,jing49,女,武汉市,2026-01-08 19:14:06
7943,yongtian,男,广州市,2025-03-18 15:16:45
7944,jdong,女,南昌市,2024-10-31 14:23:57
7945,qiang72,男,成都市,2025-03-07 18:31:37
7946,yongguo,女,呼和浩特市,2024-10-24 11:46:16
7947,tao69,女,天津市,2026-04-15 10:58:47
7948,shaoyan,男,西安市,2024-02-15 13:14:43
7949,xiulan97,男,成都市,2023-11-08 06:47:45
7950,tao42,男,西安市,2024-05-23 09:32:46
7951,fhou,女,南京市,2025-03-28 08:50:26
7952,vwei,女,天津市,2024-06-19 05:26:39
7953,maoxiuying,女,合肥市,2024-11-28 07:53:19
7954,guiying30,女,西安市,2024-03-10 20:55:31
7955,weiwu,女,南京市,2024-01-01 23:40:27
7956,jun94,男,成都市,2025-12-25 18:40:44
7957,lei10,女,北京市,2024-08-31 16:55:58
7958,ffang,女,西安市,2026-05-01 20:17:53
7959,jun86,男,上海市,2024-12-28 06:34:00
7960,wqiao,男,青岛市,2026-02-23 06:38:11
7961,tao67,男,成都市,2026-03-25 22:50:06
7962,yuanqiang,女,深圳市,2026-05-15 21:17:32
7963,lgao,女,兰州市,2023-12-27 10:51:14
7964,udong,男,上海市,2025-10-04 05:39:34
7965,yiyong,女,上海市,2025-02-21 00:37:58
7966,qianglei,男,长沙市,2023-08-08 14:26:08
7967,xiulanlong,女,武汉市,2024-02-28 14:12:50
7968,yan54,男,郑州市,2026-03-22 04:02:19
7969,afan,男,合肥市,2024-07-19 14:15:12
7970,mengchao,女,广州市,2025-04-23 02:58:52
7971,yang78,女,长沙市,2026-04-03 20:03:23
7972,pingtang,女,上海市,2025-06-29 21:25:16
7973,zenglei,女,西安市,2024-04-04 17:53:43
7974,jie19,男,深圳市,2025-02-04 05:53:06
7975,juan98,女,上海市,2025-12-05 09:32:01
7976,xiulan67,女,南京市,2025-09-24 16:03:22
7977,zhouna,女,广州市,2026-03-23 06:47:07
7978,guiying59,男,重庆市,2024-11-07 22:35:20
7979,jun05,女,武汉市,2025-02-10 09:20:54
7980,yan10,男,深圳市,2026-04-25 15:55:22
7981,xiuying21,男,合肥市,2026-03-22 20:01:41
7982,yan84,女,长沙市,2026-03-07 05:30:20
7983,fangli,女,深圳市,2025-05-08 17:56:46
7984,leiyan,男,合肥市,2023-06-24 22:45:10
7985,fangmao,男,成都市,2025-08-04 12:32:37
7986,pliu,男,重庆市,2023-10-23 16:28:05
7987,chao70,男,成都市,2024-03-30 10:25:52
7988,fangxiong,男,北京市,2024-08-08 12:24:01
7989,taojie,女,上海市,2023-11-28 14:36:06
7990,xiulan92,女,南昌市,2025-03-27 00:23:00
7991,fang80,女,北京市,2024-07-09 23:32:34
7992,kongming,女,重庆市,2026-04-23 08:10:03
7993,caiyong,男,天津市,2023-09-02 11:53:59
7994,min89,女,天津市,2026-04-14 14:45:29
7995,hdai,男,北京市,2025-05-28 04:00:03
7996,wsu,男,上海市,2025-09-18 10:10:41
7997,jing98,女,长沙市,2024-04-05 10:19:01
7998,weifu,女,西安市,2025-06-23 10:08:46
7999,sfeng,男,北京市,2025-09-08 06:00:46
8000,weipan,男,合肥市,2024-04-11 21:27:41
8001,fangxie,男,北京市,2024-12-23 16:23:14
8002,kangli,女,西安市,2025-06-17 16:35:36
8003,byin,女,青岛市,2026-03-05 19:42:27
8004,pingtang,女,郑州市,2026-02-25 06:24:57
8005,pinggong,男,南京市,2025-09-11 17:18:19
8006,xiayuan,男,北京市,2024-09-17 08:43:58
8007,wentao,女,成都市,2024-04-11 11:25:35
8008,ping72,女,广州市,2026-04-26 05:56:35
8009,minghu,男,西安市,2024-10-22 09:29:00
8010,fangchang,男,上海市,2024-05-11 16:59:35
8011,jiefang,男,上海市,2025-12-27 01:08:38
8012,pyu,女,海口市,2024-03-02 22:54:01
8013,yigang,女,深圳市,2025-06-16 18:54:03
8014,nahe,女,广州市,2026-02-27 03:07:56
8015,chaowei,女,合肥市,2024-05-08 09:00:36
8016,zhongxiuying,女,北京市,2023-09-27 08:05:40
8017,yong47,男,长沙市,2024-06-21 09:36:55
8018,chaoxia,男,武汉市,2024-08-16 15:28:14
8019,nawu,女,贵阳市,2025-10-29 20:19:06
8020,yanzheng,男,北京市,2024-10-02 13:52:56
8021,li97,女,深圳市,2025-08-25 21:21:35
8022,xchang,女,成都市,2023-12-20 22:17:33
8023,tao12,女,深圳市,2024-08-05 23:21:42
8024,xiulan23,男,郑州市,2025-12-10 16:44:45
8025,taowei,男,青岛市,2024-11-03 21:37:48
8026,qiangzhong,女,深圳市,2024-04-17 17:49:30
8027,wfang,女,上海市,2025-05-02 21:56:21
8028,ganglu,女,北京市,2025-03-15 23:43:17
8029,juan68,女,南京市,2023-07-21 03:59:43
8030,zengna,女,武汉市,2026-01-10 15:30:21
8031,xueli,女,天津市,2023-08-13 14:20:49
8032,yong53,男,成都市,2026-03-10 03:52:43
8033,xia54,女,上海市,2025-12-08 15:07:25
8034,xiuyinglei,男,合肥市,2023-07-08 18:18:15
8035,owen,男,南京市,2023-06-20 17:58:20
8036,lipan,女,青岛市,2025-06-18 18:14:02
8037,yangfan,男,成都市,2026-04-25 04:27:21
8038,tguo,男,杭州市,2024-08-05 09:32:20
8039,xia13,男,深圳市,2024-05-03 19:12:10
8040,li81,男,杭州市,2025-02-22 01:10:26
8041,gqian,女,西安市,2024-08-29 19:31:47
8042,wei49,男,长沙市,2025-07-23 16:02:06
8043,asun,男,青岛市,2023-06-23 20:22:39
8044,leiyang,女,杭州市,2024-09-08 19:13:52
8045,minghu,女,合肥市,2025-08-26 07:42:16
8046,liliao,男,杭州市,2024-03-01 05:01:15
8047,ozhao,女,郑州市,2025-04-18 23:32:15
8048,qhe,女,长沙市,2024-09-30 02:01:37
8049,dengchao,女,广州市,2024-05-06 16:03:09
8050,zlong,女,合肥市,2025-02-07 04:44:12
8051,taoyi,女,青岛市,2026-05-13 07:27:56
8052,daiqiang,男,海口市,2025-04-25 13:12:23
8053,uwu,女,杭州市,2026-01-21 04:57:03
8054,yongfu,女,上海市,2025-09-15 05:27:07
8055,ixiang,女,上海市,2024-08-16 11:40:01
8056,li69,男,上海市,2023-12-07 02:58:57
8057,nakang,男,西安市,2025-05-26 09:12:42
8058,ming60,女,合肥市,2024-04-06 11:34:49
8059,jzhao,男,郑州市,2023-10-11 00:30:37
8060,jing58,男,郑州市,2025-05-25 08:53:36
8061,tao90,男,武汉市,2024-01-20 18:23:49
8062,tao95,男,南京市,2023-07-14 19:58:32
8063,weijun,女,重庆市,2025-12-19 10:07:50
8064,yanwang,男,广州市,2026-01-09 15:08:55
8065,ming36,男,北京市,2024-03-14 07:01:08
8066,ylai,男,南京市,2023-12-20 10:52:15
8067,ykong,男,天津市,2024-01-16 12:44:55
8068,wangli,男,杭州市,2024-11-07 08:41:16
8069,zyao,女,重庆市,2025-08-19 13:05:30
8070,yeyan,女,北京市,2025-05-09 13:05:50
8071,suyan,男,西安市,2025-03-05 17:05:36
8072,wenjing,女,上海市,2023-09-26 11:21:57
8073,lcheng,女,南昌市,2024-05-07 23:16:15
8074,fang91,女,北京市,2024-03-09 20:29:45
8075,hye,男,郑州市,2025-05-01 19:06:42
8076,yong40,女,呼和浩特市,2025-09-05 22:44:46
8077,yanhu,女,杭州市,2024-10-27 07:00:16
8078,lcui,男,上海市,2024-09-19 21:44:08
8079,yaojun,女,青岛市,2026-01-31 16:14:56
8080,gangfu,男,武汉市,2025-03-09 16:42:49
8081,xlei,女,兰州市,2025-07-02 09:11:04
8082,jun93,男,长沙市,2026-05-05 02:54:26
8083,yan04,女,上海市,2025-07-04 12:59:29
8084,szhao,男,广州市,2024-05-23 11:40:57
8085,wenjun,女,西安市,2026-04-09 10:25:16
8086,mye,女,杭州市,2023-12-23 17:40:52
8087,zengmin,男,上海市,2024-03-21 09:35:50
8088,yhe,女,郑州市,2025-07-03 04:01:06
8089,gaofang,男,武汉市,2023-11-10 07:07:48
8090,fang85,男,长沙市,2023-09-12 04:09:15
8091,xueli,女,杭州市,2026-02-12 10:43:29
8092,qshao,女,青岛市,2023-11-25 13:08:50
8093,xiuyingliang,女,成都市,2024-07-04 15:49:13
8094,jwen,男,武汉市,2023-07-05 04:24:59
8095,caigang,女,上海市,2023-06-26 12:02:56
8096,zyu,男,北京市,2025-02-26 14:44:11
8097,dongqiang,男,上海市,2023-07-25 19:35:33
8098,jiewan,女,深圳市,2023-11-25 02:30:41
8099,linyan,男,上海市,2023-12-08 04:03:26
8100,dsong,男,广州市,2026-01-04 21:40:17
8101,wqin,男,广州市,2025-12-05 09:45:01
8102,yangyan,女,上海市,2024-05-12 18:34:42
8103,yanjin,男,杭州市,2025-01-31 12:28:04
8104,xfan,男,上海市,2023-10-25 12:29:27
8105,guiying37,女,长沙市,2025-09-28 17:30:57
8106,jing66,男,重庆市,2026-04-28 00:05:01
8107,lijie,男,武汉市,2025-09-15 07:59:11
8108,chaokang,男,深圳市,2025-08-16 19:49:09
8109,caogang,女,重庆市,2026-05-13 10:52:45
8110,sumin,男,成都市,2025-12-19 01:18:41
8111,weideng,女,成都市,2023-09-08 20:47:35
8112,ming00,女,北京市,2024-09-18 01:35:11
8113,nwang,男,南昌市,2024-11-16 19:07:04
8114,tzhu,男,杭州市,2025-05-02 13:38:34
8115,guiying07,男,广州市,2023-12-27 16:21:48
8116,kcai,女,深圳市,2023-09-04 04:34:39
8117,na18,女,南京市,2024-07-13 15:02:38
8118,weicui,男,武汉市,2023-10-02 11:31:51
8119,minxiao,男,广州市,2024-05-02 02:10:14
8120,chaocao,女,北京市,2023-11-29 21:18:03
8121,suyang,男,南京市,2025-06-05 18:16:23
8122,xutao,男,北京市,2025-09-11 14:59:28
8123,duanna,男,广州市,2025-01-12 02:52:03
8124,juan09,女,天津市,2024-10-20 04:21:02
8125,vxu,男,天津市,2024-03-23 13:36:22
8126,chaozhong,男,合肥市,2026-04-15 01:19:24
8127,na60,女,西安市,2025-02-27 04:52:20
8128,wei58,女,贵阳市,2024-10-23 13:14:27
8129,guiyingma,女,成都市,2025-12-29 05:50:45
8130,achen,男,天津市,2026-05-09 18:26:32
8131,yan19,男,广州市,2026-02-14 18:01:57
8132,wangjun,男,长沙市,2024-04-05 02:17:08
8133,minzhou,女,上海市,2024-07-24 08:34:11
8134,qianyan,女,北京市,2025-04-22 21:25:47
8135,yanglai,女,杭州市,2024-04-01 22:32:04
8136,nazhao,女,天津市,2024-04-06 18:36:31
8137,li92,女,上海市,2023-11-07 18:47:35
8138,jiangjun,女,上海市,2025-06-19 23:56:19
8139,xguo,男,南昌市,2023-06-20 06:03:35
8140,zlong,女,北京市,2024-07-13 15:50:24
8141,zhaoqiang,男,长沙市,2023-08-05 16:36:41
8142,jie49,女,上海市,2025-04-28 14:51:20
8143,mli,男,杭州市,2025-07-10 02:57:25
8144,aqiu,女,上海市,2026-04-11 00:20:46
8145,yangsun,女,长沙市,2024-01-24 18:30:37
8146,azhong,女,上海市,2023-09-22 07:55:01
8147,daiyong,男,郑州市,2023-08-01 20:38:07
8148,pingdeng,男,上海市,2025-08-31 22:34:20
8149,min98,男,北京市,2023-07-14 11:26:39
8150,yaojuan,男,上海市,2024-07-29 23:49:01
8151,yuangang,男,南昌市,2024-02-01 01:22:08
8152,guiyingding,男,海口市,2025-12-31 15:40:18
8153,xiuyingyi,女,西安市,2025-10-31 15:27:26
8154,pxu,男,天津市,2023-12-27 04:11:01
8155,yan39,男,杭州市,2023-10-19 01:05:56
8156,mingong,女,深圳市,2026-03-11 23:41:32
8157,jielong,男,北京市,2026-03-12 06:34:41
8158,mingzhu,男,北京市,2023-06-11 03:08:33
8159,szeng,女,深圳市,2024-10-31 09:55:59
8160,lwen,女,西安市,2024-11-06 14:41:01
8161,jing11,女,北京市,2025-02-12 07:18:02
8162,nhuang,女,广州市,2025-09-17 14:34:05
8163,ggu,女,兰州市,2025-12-18 23:36:41
8164,jdu,男,武汉市,2026-02-22 01:16:22
8165,shenjun,男,杭州市,2025-09-30 16:27:37
8166,najia,女,重庆市,2024-07-07 02:36:26
8167,qhu,女,郑州市,2023-06-28 02:11:03
8168,pingma,男,广州市,2026-03-30 12:52:34
8169,juandai,女,北京市,2025-07-12 10:50:26
8170,qlu,男,深圳市,2024-03-14 19:33:45
8171,yuanqiang,女,合肥市,2026-04-25 21:02:04
8172,dxie,女,上海市,2024-10-31 04:34:10
8173,ixue,男,重庆市,2025-09-06 06:23:48
8174,daiming,女,合肥市,2025-04-13 13:06:52
8175,dfan,男,郑州市,2025-09-10 14:46:15
8176,afang,女,深圳市,2026-01-31 23:18:16
8177,jing67,男,贵阳市,2024-07-03 10:02:49
8178,weidai,男,杭州市,2024-09-01 15:28:19
8179,uwen,女,深圳市,2025-01-02 10:09:20
8180,qiangyuan,男,成都市,2025-08-05 00:44:41
8181,chaoxiang,女,北京市,2025-10-11 06:17:01
8182,xiangyang,女,成都市,2023-07-17 08:52:59
8183,lyu,男,杭州市,2024-04-25 07:30:12
8184,xye,男,深圳市,2024-07-15 19:32:42
8185,lishao,女,青岛市,2024-07-23 22:48:30
8186,lei65,男,南京市,2025-04-01 08:04:33
8187,fang17,男,西安市,2026-02-19 14:01:04
8188,xiulanzhu,男,杭州市,2026-03-17 03:05:49
8189,zouming,女,北京市,2025-02-06 21:39:24
8190,lei66,女,合肥市,2025-09-10 06:03:00
8191,min91,女,杭州市,2023-12-06 15:41:30
8192,min80,男,深圳市,2026-02-04 08:24:28
8193,lei43,男,兰州市,2025-01-01 10:39:31
8194,pingfang,女,广州市,2023-08-08 14:11:24
8195,khan,男,杭州市,2025-11-25 11:10:54
8196,jing15,男,长沙市,2024-07-13 17:40:06
8197,mliang,女,北京市,2025-11-23 00:11:23
8198,wei60,女,广州市,2024-11-03 20:27:38
8199,qiangyu,男,西安市,2026-04-14 23:21:31
8200,mgong,男,郑州市,2025-11-04 17:20:16
8201,yaoyang,男,海口市,2023-12-31 03:40:06
8202,xiulanlai,女,郑州市,2025-01-12 12:02:42
8203,minxue,女,合肥市,2024-11-15 10:06:14
8204,yangchen,女,西安市,2025-04-17 22:02:44
8205,lilong,女,深圳市,2026-04-27 06:15:04
8206,duguiying,男,贵阳市,2024-08-15 04:20:23
8207,yyang,男,长沙市,2024-01-06 22:09:26
8208,dongmin,女,兰州市,2024-09-20 21:43:10
8209,pingwang,女,郑州市,2024-10-02 03:24:25
8210,kma,女,广州市,2025-07-09 02:16:17
8211,fang04,男,重庆市,2025-04-29 18:59:33
8212,dguo,男,深圳市,2023-05-23 08:55:03
8213,heming,男,重庆市,2026-05-17 00:49:06
8214,maoming,女,天津市,2024-02-01 01:58:48
8215,yong03,女,上海市,2023-11-29 08:07:08
8216,gangdong,男,成都市,2023-10-20 13:40:00
8217,ktian,男,重庆市,2026-02-03 02:07:32
8218,renchao,女,北京市,2024-09-05 12:24:25
8219,elei,男,重庆市,2024-03-30 12:31:41
8220,guiyingyao,女,深圳市,2025-07-30 06:34:46
8221,yong45,男,长沙市,2024-10-11 07:06:08
8222,naqin,女,南昌市,2023-12-16 21:53:05
8223,jinfang,女,南京市,2026-01-24 02:42:12
8224,cdeng,男,郑州市,2023-05-26 09:32:20
8225,taojing,女,青岛市,2026-02-15 12:44:19
8226,shengang,男,深圳市,2024-06-09 02:58:36
8227,jing13,男,武汉市,2024-05-22 23:54:24
8228,ping82,女,深圳市,2025-10-03 15:30:52
8229,xiulanfan,女,深圳市,2023-11-28 19:51:34
8230,fangjia,女,南昌市,2024-11-08 08:26:54
8231,pdong,男,兰州市,2023-08-08 19:26:55
8232,caiqiang,男,杭州市,2024-04-11 09:30:50
8233,rjia,女,郑州市,2024-04-13 12:06:57
8234,yanwu,男,天津市,2024-03-31 09:47:23
8235,maoyang,女,广州市,2023-06-05 08:45:00
8236,maoxiuying,男,天津市,2025-06-25 03:07:50
8237,minyao,女,深圳市,2024-06-25 20:41:40
8238,yinxiuying,女,重庆市,2025-01-31 06:33:48
8239,fang65,男,重庆市,2024-07-21 03:13:44
8240,minjin,男,北京市,2026-04-29 23:46:54
8241,zhuyong,男,广州市,2025-07-14 16:10:04
8242,qianghan,男,北京市,2024-04-20 01:43:49
8243,jun81,女,西安市,2025-03-25 12:59:31
8244,xiulansun,男,深圳市,2026-03-21 12:12:14
8245,fengjuan,男,杭州市,2026-05-11 03:26:48
8246,whou,女,重庆市,2025-04-23 23:04:18
8247,eshi,女,成都市,2025-01-10 04:22:18
8248,lidong,女,深圳市,2024-01-01 11:57:36
8249,jie23,女,天津市,2026-03-18 20:19:07
8250,fujun,女,青岛市,2025-05-16 03:55:27
8251,xiabai,男,广州市,2025-11-21 08:02:21
8252,min02,女,南京市,2024-05-22 12:04:17
8253,fang63,女,广州市,2025-06-28 03:41:30
8254,ihu,男,贵阳市,2025-07-30 05:37:51
8255,yangmo,男,成都市,2024-06-25 12:37:01
8256,haoyang,女,长沙市,2026-03-08 19:51:36
8257,jiangping,男,北京市,2024-03-15 21:48:32
8258,min89,男,上海市,2025-09-27 06:37:51
8259,qiangwang,女,重庆市,2025-01-12 09:44:24
8260,yongding,女,南京市,2024-09-29 20:45:53
8261,weishao,男,北京市,2024-07-23 03:00:09
8262,laiming,女,成都市,2024-12-16 23:20:08
8263,hanqiang,女,海口市,2024-03-16 16:31:28
8264,xiuyingfu,女,长沙市,2024-10-01 15:57:03
8265,zshao,女,青岛市,2024-12-14 22:23:25
8266,wanqiang,女,南昌市,2024-11-22 12:10:55
8267,fhe,男,杭州市,2026-02-12 19:05:45
8268,mlu,男,海口市,2025-11-29 13:42:53
8269,nayang,男,重庆市,2024-02-12 22:07:33
8270,gangcheng,男,北京市,2025-12-21 19:58:02
8271,haoxiulan,女,杭州市,2025-09-17 10:56:05
8272,suping,男,北京市,2026-01-10 03:39:16
8273,jungao,女,西安市,2024-09-13 20:04:10
8274,yangyong,女,北京市,2023-12-21 08:44:23
8275,dli,女,武汉市,2024-11-21 15:31:14
8276,lei36,男,深圳市,2023-12-31 18:08:16
8277,jinchao,男,深圳市,2025-10-09 03:22:41
8278,xiulanxiao,男,重庆市,2025-01-02 01:22:00
8279,tkang,男,北京市,2024-01-22 13:51:01
8280,mengjun,男,上海市,2025-03-26 02:23:43
8281,dongping,女,上海市,2023-06-09 01:27:20
8282,xia69,男,北京市,2024-09-15 07:22:31
8283,hanjing,男,上海市,2024-03-25 13:35:48
8284,fantao,男,海口市,2025-01-04 21:53:54
8285,panxia,女,贵阳市,2025-01-18 02:12:55
8286,yanyao,男,深圳市,2023-08-16 06:38:09
8287,lihan,女,上海市,2023-06-12 04:17:39
8288,ncao,男,深圳市,2024-11-17 02:12:28
8289,wangmin,男,天津市,2025-05-18 17:36:58
8290,qiangtian,女,广州市,2023-12-02 03:48:58
8291,xyan,男,广州市,2025-12-02 01:11:02
8292,dyao,男,长沙市,2025-01-16 08:15:27
8293,vpeng,女,重庆市,2025-05-12 10:54:07
8294,bxu,女,郑州市,2025-11-01 16:05:20
8295,huangfang,男,重庆市,2023-10-16 09:25:48
8296,xia46,女,上海市,2023-05-31 12:18:25
8297,dchang,女,郑州市,2023-07-14 22:34:58
8298,haojie,女,北京市,2023-08-28 10:37:33
8299,lizhao,男,深圳市,2023-08-18 07:43:57
8300,zyao,男,南昌市,2026-05-11 08:39:58
8301,jshi,男,广州市,2024-08-27 02:43:35
8302,zhuli,男,上海市,2023-06-28 21:29:17
8303,zouxiulan,男,上海市,2023-07-30 02:32:35
8304,min23,男,深圳市,2026-01-05 20:49:21
8305,gwang,女,西安市,2025-10-22 11:15:46
8306,leideng,男,广州市,2024-11-29 14:12:57
8307,sugang,男,贵阳市,2024-11-19 09:32:24
8308,yong39,女,上海市,2024-04-01 10:11:28
8309,leicai,女,南京市,2025-08-26 00:21:50
8310,juanwang,女,南京市,2025-08-22 09:38:11
8311,zengchao,男,深圳市,2024-11-04 06:29:41
8312,jyuan,女,北京市,2025-10-27 22:58:51
8313,tiantao,女,深圳市,2025-12-08 17:29:17
8314,wwang,女,广州市,2025-10-22 09:14:44
8315,utang,男,兰州市,2023-11-28 01:32:31
8316,ozeng,男,南昌市,2023-12-06 10:41:48
8317,mdeng,男,重庆市,2025-10-02 15:03:58
8318,jingzou,男,北京市,2025-05-20 00:21:02
8319,mzhu,女,天津市,2025-05-25 22:05:49
8320,na82,女,上海市,2025-12-06 18:56:02
8321,yongtian,男,青岛市,2025-10-10 12:58:19
8322,eyu,男,上海市,2023-12-29 17:31:54
8323,guiying08,男,重庆市,2024-01-31 23:45:46
8324,guiyinglu,女,杭州市,2025-12-23 07:45:09
8325,wuyong,男,北京市,2023-06-04 07:56:47
8326,ganggong,女,南京市,2024-04-23 12:35:03
8327,qqin,女,郑州市,2024-02-25 11:26:11
8328,dengyong,女,深圳市,2026-02-01 08:55:59
8329,tao14,男,北京市,2025-10-18 14:56:58
8330,xiulanhou,女,南京市,2024-04-16 02:19:17
8331,taoxia,女,武汉市,2025-03-25 10:41:41
8332,qiang21,男,北京市,2026-05-15 15:41:01
8333,jing58,男,上海市,2023-09-03 01:14:50
8334,wfu,男,杭州市,2024-05-03 20:34:09
8335,min15,男,重庆市,2025-12-14 02:25:27
8336,pingzhou,女,杭州市,2023-10-17 12:22:50
8337,changlei,男,西安市,2023-07-19 02:11:38
8338,weilai,女,杭州市,2025-12-31 23:40:07
8339,yongwu,男,青岛市,2023-10-18 13:16:57
8340,fang91,男,合肥市,2025-12-17 11:34:08
8341,fang10,男,成都市,2025-02-08 21:18:56
8342,minglu,女,青岛市,2026-02-20 12:56:40
8343,moxiulan,男,北京市,2023-05-27 01:51:07
8344,min37,女,长沙市,2023-10-26 05:52:02
8345,gang20,女,西安市,2025-04-18 06:18:32
8346,tianxiulan,女,南京市,2026-02-16 03:58:30
8347,haojun,女,深圳市,2024-06-16 15:53:55
8348,xiulan71,男,海口市,2023-07-09 09:23:49
8349,xiuyingchen,男,杭州市,2024-02-17 18:39:26
8350,taofang,女,杭州市,2023-10-16 11:44:41
8351,npan,男,郑州市,2024-05-25 20:13:54
8352,yonggu,男,南京市,2026-04-05 06:58:38
8353,chao30,男,上海市,2025-05-25 06:50:27
8354,xiayao,男,天津市,2024-11-07 02:56:09
8355,xiuying27,女,北京市,2024-09-29 19:41:26
8356,li07,男,成都市,2026-04-19 06:21:52
8357,lixie,男,广州市,2025-04-08 22:26:33
8358,chao92,男,深圳市,2024-10-13 13:39:51
8359,wei55,女,郑州市,2024-04-23 12:07:59
8360,swu,男,武汉市,2025-08-27 11:30:30
8361,kpan,女,上海市,2025-05-15 01:43:10
8362,tangwei,女,上海市,2025-04-21 01:53:49
8363,minglu,男,南昌市,2024-09-23 06:14:10
8364,taolu,女,深圳市,2024-09-07 20:39:55
8365,laiyong,女,广州市,2025-02-05 19:06:27
8366,chaoyin,男,郑州市,2025-06-30 06:25:57
8367,songmin,女,上海市,2024-02-14 10:06:29
8368,li48,男,上海市,2024-09-03 19:15:12
8369,slong,女,兰州市,2023-12-18 03:25:24
8370,odeng,女,深圳市,2025-07-06 21:26:30
8371,gongtao,女,北京市,2024-07-18 09:37:12
8372,rsu,女,广州市,2025-12-16 09:00:14
8373,zshao,女,贵阳市,2024-03-10 20:51:12
8374,yanding,男,成都市,2024-06-03 15:33:22
8375,limeng,男,南京市,2025-08-04 05:21:34
8376,jun41,男,郑州市,2025-04-24 06:53:23
8377,gren,男,南昌市,2024-10-16 17:59:14
8378,leixiao,女,郑州市,2025-08-19 17:45:56
8379,xiafeng,男,北京市,2024-02-01 14:09:04
8380,xfang,女,深圳市,2026-04-27 22:07:39
8381,twan,男,成都市,2024-10-22 16:25:59
8382,eli,男,成都市,2024-06-25 07:29:36
8383,gang36,男,贵阳市,2024-03-20 08:07:46
8384,xiulan55,男,上海市,2024-10-06 13:56:43
8385,ming81,女,成都市,2024-07-04 02:12:29
8386,gang19,女,上海市,2024-07-06 21:28:23
8387,juan21,男,郑州市,2026-01-11 07:49:32
8388,lei37,男,西安市,2026-01-16 11:19:14
8389,juan41,女,重庆市,2023-11-13 12:37:54
8390,fanglu,男,上海市,2025-04-11 02:37:11
8391,xiulanzou,女,郑州市,2025-08-03 16:31:14
8392,laigang,男,上海市,2024-01-31 20:52:49
8393,pmo,男,合肥市,2023-06-30 08:50:52
8394,fangyi,女,杭州市,2025-09-25 20:39:49
8395,ming49,男,上海市,2024-10-24 14:00:10
8396,guiying31,女,海口市,2024-04-25 03:20:32
8397,ming56,女,上海市,2025-09-26 03:10:02
8398,wei55,女,上海市,2024-05-16 21:09:29
8399,yantang,男,长沙市,2023-09-06 12:31:31
8400,xiangping,男,杭州市,2023-12-02 02:42:23
8401,ping57,男,武汉市,2023-09-25 07:06:26
8402,lei73,女,广州市,2025-09-28 13:25:53
8403,weijin,女,兰州市,2025-01-21 22:22:05
8404,khao,男,北京市,2023-11-01 11:16:14
8405,nafang,女,天津市,2025-12-03 22:03:58
8406,ping48,女,上海市,2025-07-20 15:13:11
8407,yan65,女,成都市,2025-09-27 00:33:37
8408,jiangchao,女,长沙市,2024-02-16 21:34:49
8409,gshi,女,成都市,2023-10-08 21:06:44
8410,yong16,男,深圳市,2024-12-10 12:31:22
8411,mingzhang,男,上海市,2024-06-07 17:39:11
8412,ping64,女,兰州市,2025-09-20 14:57:56
8413,wenjun,男,重庆市,2025-08-18 11:04:42
8414,chao04,男,重庆市,2025-10-19 16:07:12
8415,scui,女,北京市,2026-01-09 19:25:39
8416,shenyan,女,北京市,2023-09-29 18:46:02
8417,gshen,女,广州市,2025-12-31 18:32:42
8418,dlong,男,广州市,2024-07-29 09:19:52
8419,hshao,女,长沙市,2025-09-11 08:28:19
8420,guiyingjin,女,青岛市,2024-09-18 03:37:33
8421,juncao,男,重庆市,2024-02-02 20:52:32
8422,dliang,男,兰州市,2025-03-23 11:12:24
8423,gdu,男,广州市,2025-05-02 08:10:08
8424,huangping,男,北京市,2025-07-19 18:48:16
8425,yan08,男,深圳市,2023-08-07 20:03:35
8426,xiulanlu,男,重庆市,2025-02-20 09:30:40
8427,ming71,女,青岛市,2024-07-01 15:02:42
8428,yan57,男,重庆市,2025-04-16 00:12:52
8429,ming42,女,上海市,2026-03-30 11:34:20
8430,xiuyingzou,男,深圳市,2023-11-01 09:24:51
8431,fujuan,男,北京市,2024-07-25 22:23:32
8432,hanxia,女,广州市,2025-02-17 18:47:10
8433,lpeng,男,天津市,2025-05-28 20:17:00
8434,yuanguiying,男,重庆市,2025-04-03 08:30:32
8435,gangyin,女,海口市,2025-04-30 15:17:31
8436,qiaoqiang,女,广州市,2023-11-21 17:40:45
8437,jun30,女,上海市,2023-07-20 21:39:20
8438,juancheng,男,广州市,2024-05-29 04:25:50
8439,junpan,男,长沙市,2025-07-04 13:26:05
8440,junzhao,男,南昌市,2023-09-04 22:32:26
8441,xiulanpan,女,广州市,2024-01-16 08:02:34
8442,ckong,男,北京市,2025-10-09 12:01:02
8443,zhangmin,男,天津市,2025-02-06 09:49:24
8444,yanduan,女,上海市,2024-05-10 11:13:49
8445,jingjiang,男,贵阳市,2024-03-02 06:44:35
8446,vfu,女,成都市,2025-06-27 10:02:19
8447,wma,女,上海市,2023-11-21 03:57:18
8448,jie13,女,上海市,2025-02-01 11:42:38
8449,juan89,男,北京市,2024-02-03 08:01:06
8450,na39,男,兰州市,2025-08-19 21:50:30
8451,wma,女,武汉市,2026-01-18 19:35:59
8452,guiying95,女,北京市,2026-05-03 02:51:41
8453,chao36,男,海口市,2024-03-15 20:19:08
8454,xieqiang,男,上海市,2025-02-28 07:35:59
8455,naliang,女,西安市,2026-04-18 06:33:14
8456,guoxiulan,男,海口市,2025-07-25 04:05:04
8457,clu,女,杭州市,2023-05-26 18:59:43
8458,yangshao,男,合肥市,2025-10-21 23:54:57
8459,qiangli,男,重庆市,2025-11-20 09:05:10
8460,ping62,男,兰州市,2023-12-28 07:16:36
8461,jingtan,男,重庆市,2024-08-04 19:28:23
8462,mqian,男,北京市,2023-11-14 20:42:13
8463,dumin,女,南京市,2023-06-04 14:26:49
8464,shixia,女,海口市,2025-02-04 13:04:33
8465,ulu,男,北京市,2024-09-16 05:37:35
8466,zliao,女,杭州市,2026-01-30 18:12:17
8467,klong,男,上海市,2025-04-22 20:05:03
8468,gaochao,男,广州市,2023-12-22 16:36:15
8469,ocai,男,杭州市,2025-03-29 15:09:17
8470,zenglei,女,合肥市,2023-06-03 08:28:14
8471,qiang17,男,北京市,2026-04-04 17:27:16
8472,fanggu,男,上海市,2025-01-29 21:32:31
8473,luoming,女,杭州市,2024-07-19 23:40:39
8474,hhan,女,成都市,2024-05-01 19:44:25
8475,shixiuying,男,重庆市,2023-09-09 10:14:51
8476,tao22,男,贵阳市,2026-04-27 13:27:30
8477,weijiang,男,北京市,2025-05-28 12:05:05
8478,gang64,女,上海市,2024-11-04 10:04:42
8479,hdai,男,天津市,2025-07-23 22:11:22
8480,qhe,女,长沙市,2026-01-13 05:38:20
8481,hougang,男,武汉市,2023-12-16 15:03:36
8482,yanchen,女,上海市,2024-04-09 10:05:40
8483,yang30,男,北京市,2025-06-05 06:01:18
8484,jding,男,广州市,2025-03-25 18:28:47
8485,hyan,女,广州市,2025-07-29 06:22:13
8486,edeng,女,长沙市,2023-06-29 15:00:56
8487,fang76,女,成都市,2024-06-11 22:35:52
8488,min51,女,成都市,2023-08-27 09:11:37
8489,dluo,女,青岛市,2023-10-07 09:30:28
8490,juanqiao,男,广州市,2023-11-27 03:24:27
8491,jie55,女,青岛市,2025-09-28 02:12:40
8492,jiedong,男,成都市,2023-05-27 23:59:13
8493,bailei,女,杭州市,2026-03-28 00:04:14
8494,nachen,男,北京市,2025-11-07 06:23:18
8495,dengchao,女,北京市,2026-02-25 16:01:21
8496,yanyang,女,广州市,2024-09-11 07:50:59
8497,jing63,男,广州市,2024-09-25 13:21:04
8498,weizhang,女,广州市,2024-11-24 23:56:02
8499,huxia,女,海口市,2025-05-05 07:44:49
8500,awu,女,广州市,2025-10-21 17:57:24
8501,pjia,男,重庆市,2025-08-29 08:52:19
8502,leigu,男,成都市,2025-09-05 09:57:46
8503,yongmao,女,深圳市,2025-12-16 04:12:39
8504,liqiao,女,成都市,2023-11-08 08:02:15
8505,ikong,女,成都市,2024-04-07 09:42:39
8506,wzou,女,南京市,2026-01-30 14:12:54
8507,weichao,男,成都市,2025-03-11 02:28:42
8508,renxia,女,武汉市,2023-09-07 13:37:03
8509,kliu,男,南昌市,2026-03-24 06:38:25
8510,gang88,女,深圳市,2024-10-16 14:52:50
8511,mdong,女,青岛市,2024-06-11 19:12:32
8512,oyu,男,广州市,2025-05-15 10:45:22
8513,yhan,男,广州市,2024-12-23 10:55:25
8514,chaofang,男,北京市,2025-04-18 03:12:35
8515,shenli,女,长沙市,2025-11-17 06:48:03
8516,sunlei,女,南京市,2023-12-22 22:09:56
8517,xiulangong,男,北京市,2026-03-01 23:31:47
8518,lili,女,兰州市,2025-07-07 18:17:43
8519,eyin,女,重庆市,2026-05-11 07:41:06
8520,xiuying63,女,重庆市,2024-01-06 19:24:25
8521,yong51,男,青岛市,2024-02-21 06:26:36
8522,cshao,女,上海市,2023-09-09 04:51:51
8523,omao,女,深圳市,2025-10-14 11:05:58
8524,wsong,男,兰州市,2024-12-24 21:43:03
8525,taodong,男,杭州市,2026-04-20 21:52:37
8526,ohao,男,贵阳市,2024-11-08 03:42:35
8527,ufan,男,武汉市,2024-05-19 19:03:18
8528,xiulan83,女,长沙市,2024-01-15 01:10:14
8529,yang60,女,北京市,2024-05-23 20:58:47
8530,ming41,女,上海市,2024-10-21 10:24:51
8531,chaoren,男,深圳市,2024-10-02 11:49:57
8532,minglu,男,南京市,2025-04-02 21:56:36
8533,dingguiying,女,武汉市,2023-08-07 19:16:02
8534,likang,女,南昌市,2024-09-20 11:54:44
8535,ming77,男,重庆市,2024-02-02 21:36:29
8536,wuguiying,男,合肥市,2023-11-13 05:01:54
8537,jun79,男,南京市,2025-04-21 13:50:57
8538,na40,女,合肥市,2025-12-18 15:32:27
8539,atao,男,北京市,2025-09-03 02:04:40
8540,li61,男,北京市,2025-04-24 20:25:51
8541,gshi,男,北京市,2024-11-27 05:40:22
8542,lixiong,男,兰州市,2023-06-11 19:44:11
8543,juan72,男,成都市,2025-07-03 23:36:45
8544,taojie,男,武汉市,2024-08-27 06:58:56
8545,guiying00,男,天津市,2024-12-06 14:25:23
8546,yongzhong,男,深圳市,2026-01-29 17:13:24
8547,dengxiuying,女,西安市,2023-10-06 12:05:30
8548,wuming,男,北京市,2024-05-15 13:40:18
8549,zhaogang,女,北京市,2024-06-10 04:43:38
8550,xiulanyin,男,成都市,2023-06-28 14:32:15
8551,fengwei,男,深圳市,2025-04-11 09:34:25
8552,eshi,男,南京市,2025-10-29 23:35:56
8553,xlai,女,合肥市,2023-12-15 04:03:23
8554,yangpan,女,北京市,2026-03-08 10:18:32
8555,ywu,男,成都市,2024-12-19 06:13:35
8556,luoqiang,男,杭州市,2025-05-17 19:06:10
8557,tangyong,女,西安市,2023-11-29 21:43:55
8558,qlei,男,北京市,2025-11-05 09:58:38
8559,lilong,男,武汉市,2025-05-29 13:13:22
8560,nahuang,男,南京市,2026-04-24 10:02:50
8561,chaoxue,女,重庆市,2026-03-09 03:54:35
8562,li63,女,南京市,2025-09-20 00:09:48
8563,xiaoyang,女,上海市,2024-07-21 23:05:55
8564,weiyi,男,北京市,2024-04-28 10:31:02
8565,jingxu,男,成都市,2026-05-03 12:47:43
8566,leixia,女,西安市,2024-04-26 01:35:44
8567,chaomo,男,成都市,2025-09-13 06:41:39
8568,pgao,男,杭州市,2023-07-30 13:34:47
8569,lei78,男,深圳市,2024-03-30 16:02:47
8570,lei09,女,深圳市,2025-10-25 13:46:13
8571,oshao,女,贵阳市,2026-01-22 20:35:48
8572,ganglei,女,呼和浩特市,2023-09-09 21:57:30
8573,yang72,女,广州市,2024-02-23 05:16:44
8574,qgao,女,上海市,2025-08-31 20:29:21
8575,fanguiying,男,深圳市,2025-08-29 15:55:15
8576,yan75,女,杭州市,2025-02-11 00:39:46
8577,chao99,男,武汉市,2026-02-12 19:19:06
8578,taowu,男,青岛市,2024-10-25 04:33:46
8579,yeming,女,北京市,2025-11-20 17:41:55
8580,xiuyingwang,女,南京市,2024-07-08 21:34:00
8581,qliu,男,合肥市,2025-12-17 19:18:43
8582,lei38,女,广州市,2025-04-24 21:49:17
8583,uwu,女,南京市,2024-12-11 00:16:54
8584,jma,男,杭州市,2025-02-21 18:18:50
8585,clin,男,青岛市,2025-04-05 03:27:13
8586,yeqiang,女,合肥市,2026-05-15 03:23:07
8587,wenyong,女,青岛市,2026-02-07 19:44:01
8588,ojiang,女,上海市,2023-09-11 10:36:23
8589,min76,女,北京市,2023-11-27 22:45:28
8590,qiangsong,男,上海市,2023-09-19 21:51:09
8591,dgong,男,深圳市,2025-01-16 19:31:26
8592,baichao,女,成都市,2026-03-07 02:38:37
8593,tianwei,男,上海市,2026-02-10 21:41:59
8594,rfu,男,青岛市,2025-01-27 05:36:39
8595,cuiming,女,北京市,2026-02-03 11:07:59
8596,leifu,女,深圳市,2024-07-15 19:25:02
8597,fangkong,女,北京市,2025-08-15 17:40:37
8598,wwang,男,南京市,2023-08-11 09:28:25
8599,lili,男,西安市,2023-12-02 12:08:47
8600,weixue,女,南京市,2023-10-13 22:57:46
8601,fangcheng,女,深圳市,2023-09-27 18:50:46
8602,ochen,女,广州市,2025-04-29 14:15:45
8603,jingshao,女,重庆市,2024-05-15 04:57:58
8604,uyi,女,深圳市,2024-04-09 23:41:05
8605,lgao,男,杭州市,2023-11-23 14:20:57
8606,jwan,男,武汉市,2026-03-19 14:21:56
8607,tlin,女,深圳市,2023-12-05 14:57:49
8608,chengli,男,青岛市,2025-05-17 16:32:10
8609,qiangyao,女,深圳市,2023-08-16 06:06:52
8610,yanma,女,广州市,2024-07-19 11:12:35
8611,yanjing,女,杭州市,2025-03-31 12:31:15
8612,hfan,男,广州市,2024-02-09 08:01:12
8613,jietang,男,成都市,2024-03-03 18:59:22
8614,liangjun,男,广州市,2024-03-25 21:02:56
8615,guiying60,男,南京市,2026-01-25 10:11:47
8616,yantao,女,深圳市,2024-01-16 20:25:44
8617,cren,男,北京市,2024-11-08 05:32:55
8618,yeping,男,广州市,2024-02-26 15:04:13
8619,qiangxu,男,合肥市,2026-01-04 12:47:49
8620,yan86,女,深圳市,2025-10-06 22:05:07
8621,nadu,女,杭州市,2025-05-20 15:28:31
8622,jiegao,男,上海市,2025-12-03 01:55:34
8623,yongyi,男,广州市,2024-01-14 22:53:49
8624,juan89,女,合肥市,2023-10-04 11:14:47
8625,tfu,男,北京市,2023-07-22 06:41:55
8626,zhan,男,北京市,2024-01-30 05:47:33
8627,gutao,女,广州市,2024-08-28 23:31:15
8628,rshen,男,上海市,2023-05-23 15:07:21
8629,hluo,女,成都市,2025-02-22 17:25:51
8630,nayi,男,南京市,2025-01-27 10:12:32
8631,xujing,女,北京市,2024-09-15 23:04:00
8632,gyu,男,合肥市,2023-12-11 09:11:08
8633,chao02,女,上海市,2023-07-11 16:11:34
8634,yanghuang,男,兰州市,2024-03-21 15:35:00
8635,gang77,女,天津市,2025-10-19 13:39:03
8636,iqiao,女,合肥市,2026-01-01 22:06:48
8637,mtang,女,郑州市,2023-12-27 09:53:31
8638,nadeng,男,广州市,2025-07-20 16:22:07
8639,xuqiang,女,北京市,2026-05-20 06:15:23
8640,qlai,男,上海市,2025-07-19 17:39:03
8641,tanyong,女,海口市,2025-10-01 01:26:37
8642,uzheng,女,郑州市,2025-12-21 23:30:32
8643,yyin,男,重庆市,2025-10-05 20:44:48
8644,yang84,女,杭州市,2024-12-06 21:22:02
8645,ltian,女,西安市,2024-02-05 20:05:02
8646,cye,男,深圳市,2024-04-02 05:17:58
8647,mchen,女,海口市,2023-11-30 00:19:56
8648,guiying97,男,重庆市,2023-09-21 20:24:58
8649,ganghan,男,重庆市,2024-07-30 20:55:19
8650,liaowei,男,上海市,2025-04-24 04:09:44
8651,wanglei,女,西安市,2025-11-25 03:58:44
8652,fbai,男,重庆市,2025-05-28 10:55:46
8653,jing08,女,杭州市,2026-03-13 05:19:09
8654,guiyingkang,男,西安市,2025-06-25 12:50:51
8655,chaofan,男,上海市,2025-05-11 01:30:43
8656,guiying25,男,上海市,2024-09-19 02:15:39
8657,zhaoyan,女,深圳市,2024-11-10 13:19:00
8658,taoping,女,兰州市,2024-11-10 02:36:03
8659,fang42,男,广州市,2024-11-06 13:29:09
8660,wli,男,北京市,2025-04-30 01:24:52
8661,qiangduan,男,杭州市,2025-03-07 00:49:57
8662,lei07,男,天津市,2025-08-02 17:53:41
8663,songyong,男,上海市,2025-09-05 21:21:21
8664,yumin,男,北京市,2025-10-24 02:59:11
8665,wei51,男,武汉市,2023-05-25 05:42:19
8666,kcao,女,北京市,2024-12-27 14:19:57
8667,xiulanhuang,男,长沙市,2023-09-26 05:04:31
8668,tanjun,男,北京市,2025-10-03 11:56:51
8669,juanguo,女,深圳市,2026-03-19 01:39:46
8670,xiongfang,男,北京市,2024-02-13 09:51:09
8671,vxue,男,重庆市,2025-11-09 20:16:39
8672,yongzhao,女,合肥市,2023-06-15 23:55:59
8673,kongxiulan,女,深圳市,2024-09-12 10:57:29
8674,yang82,男,武汉市,2023-08-11 01:06:16
8675,fpeng,男,上海市,2026-02-23 11:00:15
8676,xia55,女,广州市,2025-10-15 04:36:23
8677,huna,男,北京市,2025-08-18 03:29:33
8678,caoxia,男,成都市,2025-03-21 06:47:50
8679,hzeng,男,广州市,2024-12-26 14:11:28
8680,pzhang,女,上海市,2026-04-03 17:31:02
8681,xiaping,男,天津市,2023-06-08 05:22:45
8682,gangtan,女,重庆市,2023-06-21 14:20:09
8683,guiyingyao,男,郑州市,2025-04-28 21:02:32
8684,jwen,女,合肥市,2026-01-01 01:55:42
8685,agong,男,天津市,2025-12-11 15:11:41
8686,leiding,女,海口市,2026-02-26 12:11:31
8687,guiying68,男,深圳市,2024-01-12 16:10:05
8688,guiyinghu,女,杭州市,2025-09-18 11:09:14
8689,jie53,女,长沙市,2024-07-20 03:10:56
8690,jiangjie,男,青岛市,2023-06-08 02:47:27
8691,nayan,女,长沙市,2026-02-09 01:34:29
8692,wanfang,男,南京市,2026-04-08 21:12:47
8693,lugang,男,深圳市,2025-05-23 14:53:43
8694,moxia,男,北京市,2023-06-30 15:01:02
8695,mzheng,男,兰州市,2025-08-24 10:01:19
8696,aye,男,西安市,2024-12-07 03:45:11
8697,zhongtao,男,深圳市,2025-03-19 22:48:49
8698,jingli,男,重庆市,2025-01-21 08:53:20
8699,xiechao,男,郑州市,2023-11-21 16:56:56
8700,ming97,女,海口市,2024-01-09 08:39:51
8701,gaoxia,女,天津市,2026-01-17 15:49:52
8702,jie18,女,贵阳市,2024-07-24 09:35:39
8703,xiongwei,男,深圳市,2025-09-05 12:57:30
8704,na33,男,上海市,2023-06-17 08:46:40
8705,pingcui,男,天津市,2025-02-08 08:04:16
8706,yong62,男,深圳市,2025-04-01 08:53:43
8707,xiexiuying,女,广州市,2024-05-19 02:35:50
8708,vfan,女,长沙市,2025-01-25 03:50:28
8709,taofang,女,成都市,2024-03-19 04:16:54
8710,bwen,女,北京市,2026-04-15 21:30:56
8711,fangzhao,女,西安市,2024-02-16 20:02:47
8712,aliu,男,杭州市,2024-11-16 09:55:29
8713,leigong,女,海口市,2025-12-28 17:08:47
8714,gongxiulan,女,广州市,2026-01-05 02:33:18
8715,nye,男,广州市,2024-04-25 23:23:31
8716,hdong,男,深圳市,2025-01-27 03:50:49
8717,adong,男,杭州市,2023-12-29 08:38:20
8718,houli,女,南京市,2024-03-27 04:05:10
8719,eqiao,女,郑州市,2023-10-04 00:43:27
8720,xiuying71,男,长沙市,2023-09-27 07:09:16
8721,sunping,男,北京市,2024-08-01 08:31:16
8722,kangjuan,女,重庆市,2023-10-01 10:02:49
8723,li91,女,北京市,2026-04-05 11:50:29
8724,hliao,女,上海市,2024-02-18 00:48:48
8725,xiuying05,女,西安市,2024-08-08 12:35:21
8726,baina,男,杭州市,2024-09-06 16:47:05
8727,rlong,男,成都市,2023-06-24 01:28:31
8728,okong,男,南昌市,2023-06-26 03:15:54
8729,pengqiang,男,深圳市,2025-12-30 02:35:52
8730,jun59,男,合肥市,2023-08-29 12:42:58
8731,tianyan,男,合肥市,2026-01-22 13:20:16
8732,liangmin,男,武汉市,2025-09-17 10:33:54
8733,jqiu,女,深圳市,2024-05-08 17:58:22
8734,yma,男,重庆市,2026-03-10 09:49:59
8735,na58,男,成都市,2024-05-23 14:49:30
8736,juan68,男,上海市,2025-04-01 22:44:36
8737,yong94,男,广州市,2023-11-06 17:53:57
8738,minshao,女,广州市,2024-09-06 23:53:41
8739,ydong,男,上海市,2024-04-20 14:58:39
8740,junwang,男,北京市,2026-03-09 02:53:25
8741,jun34,女,武汉市,2023-11-16 18:59:02
8742,na73,女,长沙市,2025-03-06 02:33:30
8743,kongyan,男,长沙市,2023-10-21 21:51:38
8744,yanren,男,南昌市,2024-01-11 07:53:22
8745,chaolai,男,重庆市,2024-09-24 07:55:49
8746,zhangyan,女,贵阳市,2024-03-06 09:59:23
8747,li57,女,重庆市,2025-02-14 21:50:58
8748,xiuying55,女,上海市,2024-11-17 14:23:44
8749,gongli,男,天津市,2023-08-11 07:25:58
8750,nxiong,女,上海市,2024-09-12 21:55:12
8751,yjia,男,广州市,2024-03-07 10:06:28
8752,longlei,男,郑州市,2023-09-13 08:13:23
8753,longping,男,北京市,2023-07-13 19:11:27
8754,menggang,女,上海市,2026-04-09 02:00:38
8755,nmao,男,海口市,2024-10-26 17:48:16
8756,wfu,男,上海市,2025-02-11 09:18:11
8757,chaohu,男,呼和浩特市,2025-12-13 15:13:00
8758,pma,男,深圳市,2025-04-29 02:46:42
8759,yan86,女,北京市,2024-11-21 02:20:04
8760,wei95,女,上海市,2025-09-03 10:45:36
8761,liujing,女,北京市,2025-08-13 11:30:38
8762,liuguiying,女,上海市,2024-07-31 17:08:28
8763,wenli,女,长沙市,2024-07-01 16:30:33
8764,xiulanliang,女,长沙市,2025-09-23 20:43:52
8765,jingxiao,男,深圳市,2023-10-11 09:47:10
8766,xhuang,女,武汉市,2026-03-02 02:50:27
8767,jingsong,男,杭州市,2026-04-01 12:44:24
8768,udu,女,贵阳市,2024-04-05 19:43:36
8769,plong,男,北京市,2025-08-21 22:02:37
8770,juanwen,女,北京市,2024-03-28 10:04:20
8771,cshao,男,成都市,2026-02-05 15:18:27
8772,xiongna,男,深圳市,2025-08-25 23:37:09
8773,azhong,男,武汉市,2025-02-26 02:45:12
8774,kqin,男,杭州市,2026-04-18 06:10:12
8775,namao,男,成都市,2025-11-16 05:58:26
8776,ming83,女,合肥市,2023-08-06 08:07:16
8777,sxiao,女,郑州市,2026-01-05 13:34:38
8778,gufang,男,上海市,2023-08-11 23:10:28
8779,leichao,男,合肥市,2023-07-04 13:45:09
8780,gang00,女,青岛市,2024-06-10 19:20:38
8781,cgong,男,北京市,2024-07-21 20:15:35
8782,na33,女,重庆市,2024-10-22 19:45:16
8783,yangli,男,南昌市,2023-12-05 09:00:16
8784,qfeng,女,青岛市,2025-10-16 21:28:28
8785,jing21,男,成都市,2024-06-10 23:38:42
8786,baina,女,广州市,2025-08-04 23:10:52
8787,jiehao,女,海口市,2023-06-04 09:02:02
8788,ping62,女,北京市,2025-06-10 02:02:56
8789,dxia,女,北京市,2026-04-12 17:07:22
8790,zoujing,女,长沙市,2025-07-04 08:56:39
8791,lmo,女,青岛市,2025-10-19 10:40:53
8792,minkong,女,南昌市,2024-05-29 12:39:36
8793,wei68,女,上海市,2023-10-12 05:11:51
8794,tao89,女,上海市,2026-01-25 05:50:26
8795,bxiong,男,北京市,2024-08-02 04:55:38
8796,axu,女,北京市,2023-06-20 04:49:51
8797,nazou,男,北京市,2025-03-10 02:34:10
8798,yong97,女,成都市,2024-08-17 14:59:05
8799,jyang,男,贵阳市,2024-04-22 09:35:42
8800,na95,男,成都市,2023-06-05 00:57:01
8801,fang35,女,郑州市,2023-07-16 01:32:49
8802,xiulan16,女,兰州市,2023-12-11 14:05:48
8803,taogong,女,南京市,2025-12-22 07:06:31
8804,yong42,男,杭州市,2025-09-15 03:12:27
8805,wei00,男,西安市,2024-07-06 12:36:51
8806,gongchao,女,海口市,2026-04-01 11:19:42
8807,na25,女,重庆市,2023-06-29 14:56:09
8808,lei56,女,北京市,2024-06-27 18:16:36
8809,yli,女,天津市,2025-08-22 09:38:14
8810,fuyong,男,南京市,2025-03-06 21:54:54
8811,qcheng,男,北京市,2025-05-13 10:16:09
8812,zhongyang,女,西安市,2024-12-31 20:20:06
8813,yan42,女,成都市,2023-10-08 07:09:25
8814,xiangli,男,重庆市,2025-10-16 08:08:27
8815,juanwen,男,上海市,2024-07-19 17:14:15
8816,li32,男,武汉市,2026-01-05 20:58:19
8817,yangsun,女,南京市,2026-04-06 13:23:30
8818,xiulanhuang,女,南京市,2025-02-27 18:16:10
8819,ping90,男,长沙市,2025-09-29 15:49:15
8820,pingtang,男,西安市,2024-05-03 03:45:16
8821,lixue,男,广州市,2023-10-19 10:27:18
8822,zouping,女,北京市,2025-01-04 23:01:21
8823,jie54,男,南京市,2025-07-30 17:17:22
8824,dpan,女,深圳市,2024-01-19 04:20:53
8825,li00,女,天津市,2025-07-20 12:56:40
8826,dingjing,女,杭州市,2025-11-04 02:25:39
8827,longqiang,男,北京市,2025-02-05 22:46:49
8828,leishao,男,贵阳市,2024-07-09 11:16:28
8829,yangyi,女,南京市,2024-12-14 09:58:03
8830,liaojing,女,深圳市,2026-02-07 14:25:10
8831,wanjing,女,郑州市,2023-12-07 10:51:18
8832,vqian,女,广州市,2026-02-11 14:50:52
8833,yang95,男,成都市,2023-12-25 09:01:28
8834,xiuying20,女,上海市,2024-07-02 06:56:34
8835,xiazhu,女,广州市,2026-01-25 04:41:38
8836,kangwei,男,深圳市,2025-12-17 00:40:32
8837,yinyang,女,武汉市,2024-12-06 21:52:52
8838,fengyan,男,合肥市,2024-05-12 00:55:26
8839,na09,女,合肥市,2024-08-07 19:14:13
8840,bzou,男,深圳市,2025-01-19 19:20:44
8841,xia23,女,上海市,2026-04-20 12:54:29
8842,dongwei,男,南京市,2023-11-11 21:54:00
8843,renjun,女,武汉市,2026-02-21 18:45:09
8844,gangliao,男,成都市,2026-03-01 17:02:26
8845,jiefu,女,成都市,2025-11-29 16:45:56
8846,fang01,男,北京市,2024-06-15 09:25:48
8847,weina,男,深圳市,2025-02-09 20:34:48
8848,ming12,男,重庆市,2026-01-09 05:19:14
8849,xiuying78,女,合肥市,2025-01-23 23:16:51
8850,gang18,男,北京市,2023-06-23 17:18:03
8851,yan99,男,北京市,2026-05-02 03:07:29
8852,luoping,男,南京市,2026-04-28 12:20:39
8853,junguo,女,成都市,2026-05-21 07:23:01
8854,jkong,男,上海市,2025-09-17 16:31:07
8855,mincai,男,武汉市,2023-07-19 04:16:58
8856,yanzou,男,深圳市,2023-10-09 16:36:28
8857,lren,女,重庆市,2023-10-16 23:54:38
8858,na77,男,深圳市,2025-05-27 05:03:29
8859,jingwei,女,合肥市,2024-05-15 14:43:35
8860,bjiang,女,长沙市,2025-12-27 14:30:56
8861,vwang,男,合肥市,2024-12-20 12:55:34
8862,iluo,男,合肥市,2024-04-09 21:15:32
8863,xiulanyin,男,南昌市,2025-12-07 18:05:20
8864,xdeng,男,郑州市,2024-09-12 03:39:55
8865,gaoyong,女,广州市,2023-06-14 11:47:06
8866,na91,男,南昌市,2025-03-12 05:24:01
8867,hxiao,男,成都市,2024-10-05 16:59:18
8868,wenyong,女,西安市,2025-08-08 15:25:05
8869,hujie,男,杭州市,2025-10-07 04:59:10
8870,xiuying72,女,重庆市,2023-12-21 06:45:08
8871,ming80,女,南京市,2025-02-27 07:12:59
8872,yangang,女,北京市,2026-04-07 21:14:01
8873,chengli,女,上海市,2026-04-17 14:59:47
8874,wei73,女,郑州市,2023-07-07 08:20:21
8875,duanlei,女,西安市,2024-06-10 15:35:18
8876,wuwei,女,武汉市,2025-07-07 22:42:12
8877,huchao,女,广州市,2024-06-08 20:44:09
8878,xiulanxue,女,杭州市,2024-11-20 19:02:31
8879,jren,女,北京市,2024-01-02 14:58:36
8880,umo,男,长沙市,2025-02-25 02:41:53
8881,junlin,男,贵阳市,2023-11-11 10:29:01
8882,na27,男,合肥市,2026-01-09 17:56:05
8883,yong65,男,上海市,2025-05-12 01:54:13
8884,taowang,男,杭州市,2024-12-02 00:58:55
8885,chaoxie,女,郑州市,2024-01-15 14:15:46
8886,guiying00,女,杭州市,2024-05-08 12:54:49
8887,ewen,男,重庆市,2024-09-30 07:33:50
8888,lilai,女,杭州市,2025-08-19 15:11:28
8889,cjia,女,兰州市,2025-11-14 12:10:41
8890,yinxia,男,郑州市,2024-03-17 10:19:50
8891,xionglei,男,青岛市,2026-02-11 08:57:07
8892,yan37,女,北京市,2024-11-23 05:00:37
8893,shijie,男,上海市,2024-10-31 11:58:44
8894,yintao,男,长沙市,2024-08-15 00:02:47
8895,yang09,女,长沙市,2025-11-11 11:16:24
8896,li66,女,广州市,2023-11-29 21:31:12
8897,qliao,男,深圳市,2025-07-19 04:46:24
8898,nashao,男,北京市,2024-09-01 07:47:30
8899,zhangxiuying,女,天津市,2024-04-03 23:19:30
8900,pzhu,女,武汉市,2024-06-18 01:11:20
8901,emo,女,北京市,2024-03-22 05:22:11
8902,na22,男,南京市,2024-12-19 00:30:19
8903,mingqiu,男,青岛市,2025-09-05 16:27:41
8904,lili,女,上海市,2024-06-16 06:54:14
8905,yanyuan,女,青岛市,2026-05-03 22:32:46
8906,yye,男,武汉市,2024-02-13 07:24:44
8907,nayang,男,深圳市,2023-10-19 09:57:28
8908,vhou,女,海口市,2024-08-26 21:39:15
8909,huangjing,男,郑州市,2024-07-12 00:47:40
8910,xiulan27,男,深圳市,2025-11-26 03:49:13
8911,houmin,男,杭州市,2024-12-13 18:55:35
8912,xiongmin,男,成都市,2025-03-01 13:07:10
8913,kdu,女,杭州市,2024-07-17 06:26:20
8914,na13,男,杭州市,2025-08-14 10:11:19
8915,zhengyang,男,南昌市,2026-03-26 06:38:35
8916,yanqin,男,上海市,2024-07-06 02:09:58
8917,xiuyingsong,男,郑州市,2024-11-13 19:19:21
8918,juantao,男,深圳市,2026-01-12 19:04:33
8919,gongchao,男,深圳市,2024-03-05 11:49:32
8920,xiuyingzheng,女,重庆市,2026-05-13 04:47:41
8921,shengang,男,北京市,2026-03-21 14:18:24
8922,juan93,女,成都市,2023-11-05 17:48:15
8923,yan63,男,天津市,2023-11-05 23:56:17
8924,imeng,男,南昌市,2024-10-17 21:15:58
8925,yanyan,男,南昌市,2026-01-27 17:35:42
8926,lei46,男,武汉市,2025-03-21 00:07:58
8927,gang44,女,南京市,2024-12-30 20:50:24
8928,guiyingxiang,女,贵阳市,2025-04-16 16:25:59
8929,ukang,女,青岛市,2025-04-05 12:16:19
8930,xiulanjin,女,上海市,2025-09-27 03:57:11
8931,gxia,男,杭州市,2023-08-07 09:46:07
8932,zouna,女,北京市,2026-02-22 02:23:10
8933,denggang,女,北京市,2024-10-10 05:50:06
8934,leixia,女,兰州市,2023-06-01 21:07:19
8935,wenna,男,天津市,2025-07-20 12:33:26
8936,jinghan,男,呼和浩特市,2025-10-21 17:20:33
8937,hujuan,女,南京市,2024-10-16 12:43:18
8938,liaojun,女,北京市,2025-06-27 14:05:16
8939,gaoli,女,西安市,2025-02-24 05:59:49
8940,hfan,女,成都市,2024-08-23 11:22:26
8941,ewu,男,重庆市,2026-01-26 05:25:06
8942,yongxia,女,南昌市,2025-02-04 10:36:20
8943,nali,男,广州市,2026-02-28 16:52:50
8944,xueli,男,成都市,2025-02-11 22:13:50
8945,gliu,女,深圳市,2025-04-07 07:45:26
8946,fxue,女,广州市,2023-08-01 13:58:52
8947,zyan,男,广州市,2023-10-07 16:02:00
8948,fang86,男,重庆市,2025-01-30 03:28:50
8949,qiuxiuying,男,西安市,2024-02-25 14:40:44
8950,kangwei,女,南京市,2023-12-05 21:09:59
8951,ming30,男,南京市,2025-06-11 19:49:22
8952,gang47,男,杭州市,2023-06-20 08:38:05
8953,zsun,男,兰州市,2025-03-06 22:42:48
8954,duanli,男,深圳市,2024-11-24 20:48:31
8955,qiujing,男,深圳市,2025-05-09 16:42:22
8956,yan48,女,成都市,2024-10-14 16:05:17
8957,fxia,男,上海市,2025-03-11 03:35:28
8958,xiulan23,男,北京市,2024-01-10 07:31:00
8959,minyao,女,重庆市,2024-10-20 06:22:29
8960,fang58,女,重庆市,2024-08-27 05:58:24
8961,wuxia,男,郑州市,2024-08-12 16:52:21
8962,jiefeng,女,青岛市,2025-12-18 07:52:13
8963,jie09,女,重庆市,2025-05-25 09:32:53
8964,tanjuan,女,武汉市,2023-12-08 00:12:17
8965,tangmin,女,郑州市,2024-01-09 23:02:13
8966,zhengqiang,男,成都市,2025-12-21 00:50:41
8967,fangyuan,男,武汉市,2025-06-02 04:52:29
8968,jie71,女,天津市,2023-11-02 01:13:04
8969,jun80,男,杭州市,2023-11-30 15:21:24
8970,junwang,女,广州市,2023-10-15 04:12:02
8971,lei15,女,深圳市,2024-08-15 01:00:59
8972,oqian,女,杭州市,2025-01-10 22:44:17
8973,xiejing,男,西安市,2025-11-13 13:23:02
8974,daichao,男,北京市,2025-01-11 22:01:29
8975,jingpeng,女,南昌市,2023-12-05 04:18:49
8976,exia,女,长沙市,2026-02-10 05:12:17
8977,mingyao,男,贵阳市,2025-03-02 17:12:08
8978,chao17,女,南昌市,2023-06-26 16:51:11
8979,likong,男,杭州市,2025-04-14 01:45:22
8980,qiang00,女,重庆市,2024-11-09 15:25:00
8981,pqiao,男,广州市,2024-11-17 09:27:16
8982,yong26,女,杭州市,2025-04-30 22:01:48
8983,dongxiuying,男,广州市,2024-01-08 17:12:34
8984,yan21,女,北京市,2025-02-14 00:32:20
8985,fangyong,男,成都市,2026-04-09 10:31:56
8986,fenggang,女,杭州市,2024-03-30 12:39:10
8987,yanma,女,上海市,2024-09-15 04:01:50
8988,chaoqin,男,上海市,2024-01-09 09:13:07
8989,ming02,女,上海市,2024-01-31 06:59:19
8990,qiang61,女,深圳市,2025-10-18 19:32:49
8991,gongming,男,杭州市,2026-03-30 17:39:55
8992,heli,男,广州市,2023-08-27 17:12:51
8993,ghou,男,兰州市,2025-07-12 10:13:47
8994,yangjie,女,上海市,2023-07-11 17:06:48
8995,juanqian,男,北京市,2023-10-10 11:26:06
8996,yang11,男,广州市,2023-08-15 17:28:48
8997,fang91,男,贵阳市,2026-02-10 06:45:56
8998,ming30,女,北京市,2023-07-21 09:20:33
8999,chaoxiao,女,深圳市,2026-03-16 08:20:16
9000,fangli,女,北京市,2025-01-26 11:52:53
9001,yong85,女,北京市,2025-04-10 01:06:48
9002,xiejie,女,北京市,2025-03-20 00:15:18
9003,kangguiying,女,杭州市,2026-05-03 14:57:05
9004,wdong,女,天津市,2025-06-29 14:00:42
9005,vjin,女,广州市,2025-04-05 19:19:00
9006,haoxiulan,男,广州市,2024-10-31 06:05:35
9007,jie78,女,北京市,2026-05-01 01:05:16
9008,mingtao,男,南京市,2024-01-25 14:07:22
9009,yujuan,男,武汉市,2025-01-12 18:54:38
9010,swan,女,天津市,2025-08-14 13:35:06
9011,yan79,男,重庆市,2024-03-08 00:51:29
9012,qliao,女,南昌市,2026-05-11 18:22:07
9013,mingfu,男,成都市,2023-10-02 18:06:36
9014,nachang,女,北京市,2024-05-13 14:52:46
9015,byi,女,成都市,2023-11-11 23:25:05
9016,pantao,女,广州市,2024-12-18 01:37:29
9017,ulong,女,海口市,2025-05-13 05:14:29
9018,gang20,女,广州市,2026-01-05 11:33:55
9019,kye,男,西安市,2025-01-02 16:09:03
9020,jwang,女,成都市,2024-01-15 04:16:45
9021,ymao,女,深圳市,2025-09-21 19:27:13
9022,yegang,男,青岛市,2024-02-27 05:50:30
9023,changli,男,成都市,2025-05-13 09:21:06
9024,yanxiuying,男,北京市,2026-04-15 05:00:57
9025,nxie,男,重庆市,2025-02-01 06:14:46
9026,bshi,女,广州市,2024-01-20 03:01:46
9027,qiang42,男,合肥市,2024-07-01 16:43:41
9028,iqiao,女,杭州市,2025-04-18 09:36:19
9029,guiying15,女,上海市,2024-07-17 14:22:19
9030,gangyu,女,长沙市,2024-08-07 20:42:02
9031,liuwei,男,北京市,2025-11-25 12:01:32
9032,taolei,女,天津市,2024-02-28 23:19:50
9033,jingmeng,女,海口市,2025-11-27 08:35:07
9034,guoguiying,男,上海市,2025-09-29 19:25:28
9035,wdu,女,合肥市,2026-03-11 18:44:56
9036,ibai,女,上海市,2024-04-15 20:23:00
9037,chao60,男,杭州市,2023-12-03 14:29:34
9038,gongfang,男,合肥市,2025-08-27 22:12:31
9039,taoliang,男,北京市,2023-12-19 01:13:48
9040,jie89,男,长沙市,2026-05-19 12:03:27
9041,kjia,男,青岛市,2024-06-10 13:49:58
9042,tianlei,男,南昌市,2025-05-04 12:30:39
9043,haoyang,男,杭州市,2024-04-25 11:02:08
9044,gaoqiang,女,成都市,2024-02-22 23:23:21
9045,yonghe,女,南昌市,2025-11-17 03:53:17
9046,pengjun,男,成都市,2026-04-23 08:12:24
9047,jingqian,女,武汉市,2023-10-14 03:55:51
9048,vhe,女,深圳市,2024-02-23 06:59:00
9049,natao,男,成都市,2023-05-25 13:27:22
9050,yaomin,女,上海市,2024-02-08 17:18:40
9051,rengang,男,广州市,2025-10-31 13:09:06
9052,yanqian,女,广州市,2025-07-29 11:48:13
9053,sxia,男,北京市,2024-08-04 09:57:59
9054,juan75,男,南昌市,2025-02-22 11:03:32
9055,pingshi,女,郑州市,2023-07-15 07:50:47
9056,yuanming,男,郑州市,2023-07-16 15:16:16
9057,ojia,女,成都市,2026-03-03 12:57:21
9058,xiaoli,女,深圳市,2026-04-11 02:37:51
9059,minyang,男,重庆市,2026-05-07 18:45:29
9060,jun78,女,重庆市,2024-05-08 12:18:21
9061,pingtian,男,杭州市,2026-05-18 13:28:21
9062,liaolei,女,武汉市,2023-10-10 15:01:35
9063,na08,女,深圳市,2023-09-30 21:34:07
9064,pliu,女,武汉市,2024-05-11 05:32:42
9065,guoqiang,女,武汉市,2024-02-08 20:48:58
9066,exie,男,上海市,2025-02-15 17:37:50
9067,zjin,女,深圳市,2023-08-14 00:34:47
9068,yinwei,女,成都市,2025-04-03 08:21:14
9069,guiying46,女,长沙市,2024-03-21 08:28:02
9070,junqian,男,北京市,2026-02-12 13:43:56
9071,ping08,男,南京市,2024-01-01 11:28:55
9072,litan,女,长沙市,2024-08-24 11:36:49
9073,fengyang,男,青岛市,2024-08-07 12:12:09
9074,nshen,男,武汉市,2024-05-06 16:29:59
9075,na62,男,天津市,2026-03-05 23:45:07
9076,dengjie,女,北京市,2025-11-06 23:20:40
9077,juanyu,女,成都市,2023-11-07 13:36:23
9078,naqiu,男,成都市,2024-12-07 06:50:44
9079,xiaqin,女,广州市,2023-05-27 19:52:18
9080,mingshi,女,天津市,2024-06-02 08:47:39
9081,xuexia,女,武汉市,2023-07-20 04:21:44
9082,weiyu,女,北京市,2023-12-31 06:35:19
9083,caomin,男,天津市,2023-09-28 21:30:23
9084,min87,男,北京市,2024-05-01 13:02:00
9085,gang77,男,南京市,2025-11-27 08:33:36
9086,xiuyingyan,女,长沙市,2025-06-19 02:38:52
9087,suqiang,女,深圳市,2024-07-27 07:41:56
9088,rwan,女,重庆市,2023-06-12 12:43:31
9089,lili,男,广州市,2025-02-14 17:51:14
9090,kongqiang,女,武汉市,2025-07-10 04:50:15
9091,gyi,女,郑州市,2024-04-30 14:11:43
9092,dkang,男,成都市,2024-02-24 03:00:03
9093,leiyi,男,天津市,2023-07-13 08:17:53
9094,naxie,女,深圳市,2025-01-13 12:08:31
9095,fangfang,女,上海市,2023-06-02 23:16:33
9096,jzhou,女,长沙市,2023-08-28 05:21:49
9097,tzhang,女,上海市,2024-11-19 07:15:29
9098,taohou,男,北京市,2024-05-11 03:16:33
9099,wuming,男,深圳市,2025-08-22 01:49:56
9100,yongbai,女,长沙市,2026-03-11 11:08:58
9101,liaoyong,女,西安市,2023-11-28 16:56:26
9102,xiuyingliao,男,成都市,2026-03-26 18:13:38
9103,na62,女,北京市,2025-09-30 07:40:37
9104,duqiang,男,青岛市,2025-10-24 05:49:03
9105,wei50,女,青岛市,2024-08-13 22:08:54
9106,kangna,女,合肥市,2025-06-08 10:10:00
9107,fanjie,女,呼和浩特市,2023-10-14 12:37:44
9108,mintan,女,深圳市,2026-02-21 14:11:24
9109,jun48,男,上海市,2026-04-22 07:35:45
9110,gye,男,上海市,2025-02-08 05:22:55
9111,gang70,女,深圳市,2023-10-22 08:10:44
9112,xiawei,男,长沙市,2025-02-12 14:50:00
9113,rhuang,男,上海市,2026-03-27 16:37:38
9114,udu,女,北京市,2024-08-22 09:05:34
9115,minjia,女,成都市,2026-02-18 17:53:20
9116,hfu,男,广州市,2026-02-03 02:12:31
9117,jun75,男,上海市,2023-09-24 19:14:27
9118,panlei,男,上海市,2024-03-07 11:13:51
9119,esu,男,合肥市,2026-05-21 11:47:56
9120,linping,男,广州市,2024-09-23 15:38:57
9121,fang88,男,武汉市,2025-01-06 09:20:25
9122,cxiang,女,广州市,2025-01-19 13:47:18
9123,jing51,男,广州市,2025-03-08 12:01:03
9124,guiyingjiang,男,郑州市,2024-05-27 10:37:01
9125,na28,女,上海市,2026-03-28 14:57:49
9126,yangkang,男,北京市,2023-10-12 02:10:36
9127,luxia,女,长沙市,2026-03-26 05:45:09
9128,taojuan,男,广州市,2024-03-28 22:09:15
9129,minpeng,男,北京市,2025-04-07 12:21:44
9130,guiyingdai,女,上海市,2023-07-25 02:10:05
9131,yan67,女,青岛市,2025-07-30 12:43:29
9132,gangyan,女,上海市,2023-07-07 23:07:16
9133,guiying94,男,广州市,2024-05-11 08:34:39
9134,lei16,女,成都市,2026-05-04 06:47:12
9135,hhao,男,南京市,2023-06-12 07:53:00
9136,lisong,女,重庆市,2026-05-20 19:11:14
9137,shaoqiang,女,广州市,2024-01-12 22:41:12
9138,mlei,女,重庆市,2025-06-25 02:37:45
9139,kongjuan,女,深圳市,2024-06-22 23:12:27
9140,taochang,女,北京市,2024-05-22 17:16:49
9141,vchang,女,上海市,2024-04-23 18:24:57
9142,yangjie,男,深圳市,2025-08-01 14:53:48
9143,jing66,男,深圳市,2024-02-27 23:38:33
9144,rsong,男,北京市,2026-04-27 06:12:45
9145,cjin,女,北京市,2024-02-20 07:37:12
9146,ncai,男,杭州市,2023-06-30 10:40:25
9147,weiqian,男,郑州市,2025-10-21 02:46:33
9148,wei75,男,成都市,2023-09-29 20:08:49
9149,rdeng,男,青岛市,2025-05-05 07:21:44
9150,naqin,男,青岛市,2026-05-06 07:34:38
9151,huyong,男,北京市,2025-10-16 11:07:40
9152,whe,女,合肥市,2024-08-02 08:19:21
9153,kgao,男,天津市,2026-01-26 18:21:23
9154,chao65,女,青岛市,2025-08-21 09:27:51
9155,qqiao,女,武汉市,2025-05-07 11:15:41
9156,min22,男,上海市,2025-07-12 15:26:55
9157,jingkang,女,广州市,2023-10-02 12:27:20
9158,xia30,男,青岛市,2024-05-07 10:19:09
9159,elei,男,天津市,2023-10-12 20:46:43
9160,gangguo,女,成都市,2023-10-24 01:36:13
9161,fduan,女,深圳市,2025-02-10 04:22:18
9162,xiulan46,女,广州市,2023-08-22 12:52:29
9163,wqiao,女,南京市,2024-04-08 19:06:10
9164,yanlong,男,合肥市,2025-07-11 15:31:09
9165,guiyingsu,女,长沙市,2023-08-06 15:09:52
9166,taozhong,男,呼和浩特市,2024-05-21 00:48:16
9167,mmao,男,成都市,2024-12-01 18:45:32
9168,weiwang,男,杭州市,2024-11-13 06:37:21
9169,yong58,男,海口市,2026-04-18 04:28:45
9170,xiadeng,女,杭州市,2023-07-05 19:27:58
9171,fang81,男,南昌市,2026-04-03 00:05:08
9172,yong04,女,北京市,2024-10-09 12:31:11
9173,xiasun,女,西安市,2025-03-02 15:56:06
9174,tao14,男,长沙市,2024-01-11 17:40:37
9175,ganggu,女,上海市,2024-05-19 20:51:57
9176,zhangxia,女,武汉市,2023-12-11 22:18:18
9177,dyu,男,南京市,2023-06-08 11:59:52
9178,juanmeng,男,成都市,2023-12-06 00:43:42
9179,guiyinghuang,女,长沙市,2024-08-18 21:54:49
9180,haoxiulan,男,杭州市,2025-05-05 01:39:25
9181,guiying80,女,贵阳市,2024-03-06 16:23:23
9182,rwang,男,上海市,2024-12-06 23:41:15
9183,ctian,女,上海市,2024-09-18 15:40:01
9184,yong83,女,上海市,2023-10-05 09:00:38
9185,jingtang,男,北京市,2023-08-08 01:42:27
9186,fang05,男,西安市,2023-07-03 20:42:26
9187,caijuan,女,贵阳市,2025-01-08 09:45:42
9188,cuina,女,南昌市,2025-09-03 18:31:05
9189,juan22,女,广州市,2026-04-23 14:47:53
9190,cjia,女,青岛市,2024-07-10 08:22:04
9191,yonghuang,男,上海市,2023-06-19 22:30:03
9192,minshao,男,郑州市,2025-02-07 17:50:08
9193,yhan,女,西安市,2025-11-12 02:17:07
9194,ssong,女,南昌市,2023-11-17 14:25:47
9195,guiying60,男,成都市,2026-03-05 01:43:45
9196,yangluo,女,长沙市,2026-01-10 17:19:14
9197,jianggang,女,北京市,2023-12-14 10:24:09
9198,ping53,男,北京市,2024-01-03 05:27:33
9199,min06,男,天津市,2023-09-05 07:27:27
9200,chengyan,男,上海市,2024-08-19 02:35:36
9201,tianxiulan,男,北京市,2026-03-01 23:32:37
9202,xfu,男,成都市,2026-02-02 00:39:11
9203,khu,女,成都市,2025-09-06 02:39:26
9204,jiecai,女,重庆市,2024-02-16 06:31:34
9205,tdeng,男,杭州市,2026-05-17 11:16:13
9206,xia89,男,重庆市,2023-06-05 17:19:46
9207,xiasu,男,青岛市,2024-07-08 14:50:10
9208,guiyingshao,女,广州市,2025-07-05 15:01:14
9209,tanmin,男,海口市,2024-01-31 21:47:26
9210,ming32,男,北京市,2025-06-01 13:18:26
9211,min34,女,深圳市,2024-09-05 02:58:03
9212,mingzheng,女,长沙市,2025-05-05 11:07:04
9213,chuang,男,南昌市,2025-07-22 19:40:43
9214,weiduan,女,深圳市,2025-12-23 02:10:17
9215,yangxia,女,北京市,2026-01-24 09:24:51
9216,leihe,女,北京市,2024-09-12 20:55:09
9217,nazhou,男,杭州市,2023-07-02 19:57:26
9218,xiuying02,男,上海市,2024-06-19 04:07:16
9219,tianna,女,郑州市,2025-11-22 19:09:55
9220,minliang,女,广州市,2024-08-10 05:23:52
9221,taoguiying,女,长沙市,2025-05-05 15:03:33
9222,pingdong,女,青岛市,2026-05-12 05:07:20
9223,jingfu,女,北京市,2025-12-04 08:03:14
9224,mingliang,女,杭州市,2024-02-17 03:41:15
9225,yang85,男,郑州市,2025-12-21 15:09:20
9226,hxue,女,杭州市,2026-01-25 14:58:43
9227,ldu,男,青岛市,2025-01-17 05:28:40
9228,mhu,男,南昌市,2026-04-03 22:37:30
9229,qiang06,男,重庆市,2023-08-27 02:44:13
9230,jiajing,女,郑州市,2025-11-09 00:24:17
9231,li12,女,南昌市,2024-10-27 07:48:27
9232,wenjuan,男,北京市,2023-07-02 14:26:04
9233,uhou,男,海口市,2024-01-27 06:15:29
9234,xiuying74,女,上海市,2025-05-10 01:05:17
9235,pingtan,女,重庆市,2025-08-03 15:02:44
9236,weili,女,重庆市,2026-03-16 11:39:29
9237,taokong,女,南昌市,2025-09-05 14:38:07
9238,moming,女,杭州市,2025-10-13 06:33:26
9239,taosun,男,成都市,2024-12-11 08:19:09
9240,nqin,女,广州市,2026-05-09 18:23:30
9241,xiangxia,男,长沙市,2026-01-22 05:23:38
9242,juan91,女,北京市,2023-09-05 03:56:47
9243,xiulan01,男,武汉市,2025-09-28 11:17:32
9244,na54,女,重庆市,2025-09-10 17:18:21
9245,pinglong,女,合肥市,2024-10-03 21:04:58
9246,kongli,女,北京市,2026-02-16 12:49:13
9247,yong02,男,北京市,2023-12-29 13:12:51
9248,shenqiang,女,青岛市,2024-07-02 02:37:40
9249,shijuan,女,广州市,2025-03-21 13:09:39
9250,juanzhong,女,上海市,2024-01-30 16:41:34
9251,leifang,男,北京市,2024-02-26 16:40:04
9252,qiang71,女,青岛市,2024-11-28 21:59:43
9253,yan26,女,广州市,2023-08-01 15:12:19
9254,wei25,男,杭州市,2023-10-25 07:55:28
9255,lzhang,男,重庆市,2024-12-04 00:38:26
9256,na23,女,广州市,2025-12-18 06:24:02
9257,xiahu,女,北京市,2024-12-26 08:56:18
9258,mingliao,女,合肥市,2023-11-15 12:52:52
9259,kongmin,男,合肥市,2024-01-08 22:39:23
9260,chaochen,女,天津市,2025-12-08 04:56:59
9261,hhan,男,南京市,2023-06-05 01:03:57
9262,jun06,女,郑州市,2023-09-09 04:31:07
9263,wei97,女,长沙市,2025-10-11 04:11:41
9264,daigang,女,天津市,2025-09-20 05:23:55
9265,yan16,女,广州市,2024-05-23 05:36:19
9266,fangliao,女,重庆市,2024-11-07 02:04:03
9267,zengping,女,西安市,2026-01-08 02:07:12
9268,fangyan,女,上海市,2024-07-17 23:59:05
9269,guiyingshen,男,青岛市,2023-09-28 21:22:39
9270,lei53,男,重庆市,2023-11-21 14:19:39
9271,jiezhao,女,武汉市,2025-10-04 01:20:34
9272,zhouxia,女,上海市,2023-11-15 05:52:26
9273,jun38,女,青岛市,2024-11-05 20:53:35
9274,shenqiang,女,上海市,2025-05-02 09:34:36
9275,yan25,男,北京市,2025-08-31 08:14:55
9276,wutao,女,青岛市,2025-03-29 22:05:57
9277,mingzhou,女,天津市,2024-07-01 04:06:44
9278,yang50,女,郑州市,2025-11-18 04:14:24
9279,jiangyan,男,杭州市,2025-12-31 19:28:06
9280,ming08,女,南昌市,2024-10-01 20:20:05
9281,yanfang,女,杭州市,2025-11-10 19:31:04
9282,weifeng,女,北京市,2025-07-16 00:38:44
9283,minxie,女,上海市,2023-11-30 04:27:09
9284,tao98,女,西安市,2023-12-07 18:08:30
9285,zhangyan,女,重庆市,2024-09-19 23:46:30
9286,whe,女,上海市,2024-01-01 18:45:25
9287,li67,男,西安市,2026-04-11 01:06:41
9288,kongping,男,重庆市,2023-08-28 07:04:14
9289,na03,女,广州市,2023-08-28 07:58:02
9290,juanfang,女,南京市,2023-09-24 08:48:24
9291,yangliu,男,重庆市,2026-03-25 22:29:43
9292,juanlei,女,广州市,2023-05-25 11:54:55
9293,lei12,男,长沙市,2024-01-17 18:56:48
9294,xiulan13,女,青岛市,2025-05-09 00:00:43
9295,xiuying25,男,天津市,2026-01-14 04:11:50
9296,xiuying79,女,广州市,2024-08-24 00:21:03
9297,tao34,男,郑州市,2025-09-13 04:16:12
9298,yanjia,女,西安市,2023-07-02 01:22:13
9299,yuanyong,男,天津市,2024-11-22 03:29:27
9300,yangding,女,武汉市,2025-12-22 07:11:44
9301,zsu,男,北京市,2025-11-15 03:49:05
9302,tao63,女,广州市,2025-01-27 02:19:46
9303,zhaofang,女,成都市,2024-05-23 18:21:34
9304,eyi,男,重庆市,2023-11-20 13:05:03
9305,guiying85,男,杭州市,2024-11-26 13:50:00
9306,jingsun,男,北京市,2025-12-04 17:49:24
9307,ming30,女,杭州市,2024-05-14 23:41:15
9308,yujuan,女,北京市,2024-07-20 14:48:54
9309,wtao,男,武汉市,2024-01-07 23:18:15
9310,yeyong,女,成都市,2024-03-17 08:33:01
9311,izhang,女,南京市,2023-08-30 16:26:16
9312,taocao,女,成都市,2025-06-28 08:49:54
9313,leiyi,男,广州市,2024-07-30 00:04:04
9314,lei73,男,深圳市,2023-12-20 07:10:34
9315,djiang,男,成都市,2024-08-07 10:11:39
9316,vgao,女,上海市,2026-05-21 07:50:44
9317,nagao,男,武汉市,2026-01-27 16:05:12
9318,xwang,女,上海市,2024-12-19 17:37:09
9319,xiayuan,女,广州市,2026-03-28 09:03:46
9320,juan97,女,郑州市,2024-04-14 10:39:13
9321,xiawu,男,上海市,2025-11-13 01:40:00
9322,juanwan,女,重庆市,2023-07-23 00:56:00
9323,wenming,男,深圳市,2024-08-26 07:58:13
9324,ycui,男,合肥市,2024-02-05 05:09:32
9325,leizheng,女,武汉市,2025-12-30 08:23:12
9326,hyu,男,上海市,2024-06-16 01:13:57
9327,lisong,男,杭州市,2025-06-22 09:45:55
9328,zhaojie,男,天津市,2026-01-05 17:36:00
9329,qiuna,男,成都市,2024-06-19 22:22:04
9330,tduan,女,海口市,2026-04-20 21:42:56
9331,gang21,女,青岛市,2024-03-18 05:53:11
9332,yanwei,男,上海市,2023-05-24 12:59:18
9333,dkang,女,青岛市,2025-12-31 01:51:53
9334,jinming,男,兰州市,2023-07-23 19:14:32
9335,czou,女,深圳市,2024-02-10 22:32:35
9336,leiming,女,广州市,2024-04-15 02:49:48
9337,xia50,男,西安市,2025-09-13 18:30:40
9338,mingsong,男,合肥市,2024-10-02 20:44:58
9339,yan75,男,深圳市,2025-02-23 15:22:04
9340,xiuyingyi,男,上海市,2026-01-23 11:19:02
9341,lei83,女,成都市,2025-08-16 21:05:52
9342,czhong,女,长沙市,2025-06-11 11:14:08
9343,gang63,男,青岛市,2025-05-04 19:41:25
9344,guiyingdai,女,成都市,2023-06-12 21:05:55
9345,liaoyong,女,成都市,2023-11-26 12:57:11
9346,songwei,男,成都市,2024-12-06 17:42:52
9347,jie18,女,成都市,2025-09-15 15:35:38
9348,wei36,男,合肥市,2025-06-26 02:56:59
9349,gang19,女,深圳市,2024-06-25 10:21:21
9350,ming31,女,西安市,2025-10-23 18:41:24
9351,xia74,男,北京市,2026-02-01 08:33:47
9352,xiaqian,男,贵阳市,2024-02-12 22:29:03
9353,sunyang,男,天津市,2025-06-27 08:51:15
9354,gangfu,男,北京市,2025-11-27 03:20:27
9355,jun97,女,深圳市,2025-07-29 10:53:20
9356,kongna,女,上海市,2024-10-06 11:25:51
9357,minliu,女,北京市,2024-04-10 04:46:59
9358,gdu,男,郑州市,2025-10-24 14:20:15
9359,jing04,男,广州市,2023-08-25 18:59:05
9360,uliu,男,北京市,2023-08-12 22:56:15
9361,wanjing,女,上海市,2026-04-03 21:47:57
9362,dongwei,男,上海市,2023-09-21 21:36:33
9363,ming36,女,北京市,2025-12-09 11:10:43
9364,tlai,男,上海市,2024-02-13 13:40:41
9365,kongfang,女,青岛市,2023-06-29 20:33:34
9366,na03,女,天津市,2025-06-16 10:05:49
9367,wzeng,男,天津市,2023-12-18 05:14:29
9368,yanchen,男,上海市,2024-11-09 10:21:08
9369,xiongtao,男,深圳市,2025-09-10 10:41:34
9370,ejia,男,广州市,2025-02-27 03:20:53
9371,tanggang,男,天津市,2026-04-04 20:21:20
9372,yanhou,男,南昌市,2024-07-08 05:43:40
9373,gang81,男,深圳市,2025-08-23 13:39:55
9374,xiuyingyang,女,武汉市,2025-09-03 21:01:55
9375,jxiao,女,重庆市,2026-01-12 22:25:55
9376,mfeng,女,广州市,2024-01-11 06:24:30
9377,fangxiao,女,北京市,2025-02-06 17:55:45
9378,jing83,男,上海市,2025-06-26 01:39:11
9379,nding,男,长沙市,2023-06-12 09:28:16
9380,jing36,男,成都市,2024-06-02 21:09:44
9381,zgu,男,杭州市,2026-05-13 01:09:23
9382,junhe,男,西安市,2026-04-26 02:41:46
9383,qiangwei,女,南昌市,2023-06-24 09:23:43
9384,cuili,男,成都市,2025-09-04 01:50:45
9385,zhu,男,上海市,2024-09-14 12:28:08
9386,pingzhang,女,郑州市,2024-04-23 21:50:15
9387,qiang71,男,北京市,2026-03-02 22:06:50
9388,jingqin,女,上海市,2025-06-16 09:55:09
9389,qiangsong,男,成都市,2024-10-10 12:24:29
9390,gangduan,女,合肥市,2024-09-19 16:07:01
9391,min94,男,杭州市,2025-09-20 10:39:07
9392,caijie,男,长沙市,2026-01-08 23:28:48
9393,tao30,女,北京市,2023-12-03 02:56:35
9394,mingye,男,深圳市,2024-07-08 19:48:56
9395,lyang,男,北京市,2023-10-20 10:46:46
9396,li37,男,深圳市,2025-04-28 05:55:34
9397,mzhong,女,北京市,2026-04-30 10:41:52
9398,fangdai,女,北京市,2023-12-09 18:44:17
9399,taoqiao,男,海口市,2023-07-27 21:50:33
9400,na12,女,杭州市,2023-09-12 09:25:35
9401,dinggang,女,长沙市,2025-12-24 20:58:46
9402,bliu,女,南昌市,2025-06-10 03:50:25
9403,icao,女,合肥市,2024-06-08 10:09:30
9404,xiulanren,女,南京市,2024-12-16 16:25:47
9405,yang42,男,北京市,2024-07-26 20:11:56
9406,qiangcai,女,北京市,2023-07-09 19:36:08
9407,guiying37,男,合肥市,2023-05-31 18:13:48
9408,jren,男,天津市,2023-07-01 20:56:58
9409,weihe,女,海口市,2024-09-05 13:50:15
9410,lei83,男,重庆市,2024-11-09 01:49:40
9411,yonghan,女,重庆市,2024-01-11 06:04:37
9412,wei79,女,深圳市,2024-06-21 12:14:55
9413,zhujie,男,西安市,2026-01-12 07:48:13
9414,zhutao,女,上海市,2023-09-19 09:23:51
9415,exiang,女,兰州市,2024-03-13 11:37:48
9416,wdai,女,深圳市,2025-07-03 13:53:39
9417,daixia,男,杭州市,2024-12-04 00:16:35
9418,otian,男,杭州市,2025-10-18 01:39:12
9419,xlu,男,青岛市,2025-10-04 18:57:25
9420,juan29,男,南昌市,2024-10-06 12:04:14
9421,dwu,女,广州市,2025-10-23 00:30:30
9422,yelei,男,长沙市,2026-03-19 09:03:58
9423,zengyan,女,杭州市,2025-02-10 09:27:54
9424,fengmin,女,成都市,2025-01-15 13:48:19
9425,jun75,男,北京市,2023-07-12 19:35:48
9426,lihu,女,成都市,2024-04-22 02:46:08
9427,xiaoli,男,郑州市,2024-05-22 00:41:57
9428,huqiang,男,深圳市,2024-01-31 18:38:40
9429,moli,男,武汉市,2026-04-17 17:20:25
9430,qiaotao,女,南昌市,2025-07-17 07:40:34
9431,wanli,男,杭州市,2025-09-01 14:29:41
9432,yuanjuan,女,南昌市,2026-02-24 00:31:16
9433,zhujun,男,深圳市,2023-06-23 19:56:22
9434,jie58,男,广州市,2026-01-31 03:20:23
9435,njin,女,北京市,2025-05-31 23:02:04
9436,gaoxia,女,杭州市,2025-03-02 01:11:27
9437,jingli,男,北京市,2025-10-27 06:16:39
9438,fangkang,男,合肥市,2026-04-09 03:10:08
9439,jiemao,男,北京市,2025-12-20 15:07:41
9440,guchao,男,上海市,2024-07-09 01:34:22
9441,li66,女,郑州市,2024-12-21 05:23:39
9442,licai,男,杭州市,2025-10-08 16:56:38
9443,fangchen,女,西安市,2026-04-04 13:20:43
9444,yanqiao,女,郑州市,2026-01-30 00:32:58
9445,caolei,女,上海市,2025-04-23 21:08:12
9446,rbai,男,广州市,2025-05-22 16:31:22
9447,tianfang,男,南京市,2023-12-18 04:38:09
9448,fang81,女,上海市,2024-01-21 03:29:06
9449,nashao,男,海口市,2025-12-06 22:14:29
9450,pingtao,男,天津市,2025-10-29 15:00:47
9451,yan21,男,南京市,2025-10-15 05:24:36
9452,jlai,女,杭州市,2025-06-06 01:29:29
9453,jlin,男,长沙市,2025-04-07 02:51:33
9454,jun71,男,上海市,2024-05-21 06:19:46
9455,qiangdeng,女,青岛市,2023-08-26 19:02:32
9456,pxie,男,南京市,2025-03-08 04:00:09
9457,laixiulan,男,深圳市,2026-03-08 17:12:12
9458,uliao,女,北京市,2025-01-29 05:57:09
9459,guiyingchen,女,南京市,2023-12-07 09:52:48
9460,exue,女,郑州市,2026-01-27 14:38:08
9461,ming36,男,武汉市,2023-06-20 23:40:37
9462,pgao,男,上海市,2024-10-16 02:22:40
9463,shaoguiying,女,长沙市,2025-11-12 07:36:00
9464,xialong,男,南京市,2025-03-04 10:35:54
9465,zjiang,女,深圳市,2024-05-21 04:53:12
9466,bqiao,男,呼和浩特市,2026-02-18 12:59:14
9467,ganggong,男,深圳市,2026-05-16 03:48:14
9468,chao32,男,深圳市,2025-07-23 09:14:42
9469,yanggao,男,北京市,2025-02-27 12:47:26
9470,ujia,女,合肥市,2024-02-29 04:23:46
9471,gang85,女,成都市,2023-08-04 04:13:33
9472,changxiulan,男,广州市,2023-08-27 14:09:19
9473,na25,男,上海市,2026-01-29 10:11:21
9474,wei26,女,武汉市,2025-10-09 07:42:30
9475,xiuying92,女,南京市,2024-04-21 08:04:07
9476,guiyingfeng,男,海口市,2024-03-23 21:21:35
9477,laimin,女,北京市,2023-05-31 04:22:45
9478,li31,女,青岛市,2024-08-02 22:48:14
9479,xiamao,男,南京市,2026-03-16 02:59:44
9480,yang52,女,成都市,2024-12-31 11:34:32
9481,ndeng,男,北京市,2026-01-21 03:14:37
9482,yong06,女,长沙市,2024-01-18 10:40:57
9483,dzhang,女,西安市,2023-09-02 16:51:59
9484,yanye,女,西安市,2026-01-11 16:32:32
9485,gbai,男,天津市,2024-02-20 13:13:12
9486,nahuang,男,兰州市,2026-05-02 20:15:23
9487,guiyinghao,男,武汉市,2025-10-04 14:15:08
9488,xia90,男,广州市,2025-01-25 16:30:28
9489,bshi,男,北京市,2024-11-18 23:55:59
9490,min80,女,海口市,2025-09-05 02:11:55
9491,zhongjun,男,重庆市,2024-04-18 07:05:41
9492,yan82,女,合肥市,2023-07-18 01:17:53
9493,slin,男,上海市,2024-07-21 14:23:14
9494,pcao,女,合肥市,2024-05-25 18:30:33
9495,taoxu,男,合肥市,2023-12-05 04:08:47
9496,pingshi,女,南京市,2023-06-21 07:43:14
9497,juan77,女,青岛市,2025-02-17 07:24:47
9498,ecui,男,重庆市,2025-10-23 01:28:30
9499,naxiang,女,北京市,2024-02-29 07:48:19
9500,dongyan,男,长沙市,2025-08-31 10:59:17
9501,rxue,女,广州市,2023-10-07 21:03:54
9502,fuguiying,女,广州市,2024-05-10 13:24:12
9503,fyuan,男,武汉市,2026-01-31 18:55:29
9504,gangqiao,男,上海市,2023-07-23 16:32:04
9505,min80,女,深圳市,2025-07-30 01:39:16
9506,lliao,女,成都市,2023-07-31 13:30:09
9507,rchen,男,上海市,2024-11-16 11:31:29
9508,xxiong,女,西安市,2025-01-19 17:54:14
9509,fanghao,男,深圳市,2025-06-25 06:24:57
9510,panping,女,成都市,2026-04-20 13:09:31
9511,yanyong,男,南京市,2024-03-01 09:01:08
9512,duwei,男,广州市,2025-07-14 04:53:08
9513,xiulan30,女,上海市,2024-03-13 02:47:32
9514,leilei,男,广州市,2024-04-17 01:45:01
9515,xuwei,男,广州市,2024-02-01 13:48:09
9516,xiuying40,女,深圳市,2024-07-05 08:06:59
9517,chenxia,女,南京市,2024-10-29 01:42:43
9518,gaojuan,男,成都市,2024-06-18 16:58:11
9519,leina,男,北京市,2025-03-18 08:25:27
9520,xiuyingyuan,男,南京市,2024-12-10 13:03:24
9521,jie88,女,贵阳市,2023-08-07 22:23:17
9522,naqiu,男,深圳市,2023-07-05 22:06:10
9523,ejiang,女,深圳市,2025-12-22 07:20:29
9524,caijun,女,海口市,2026-04-19 16:42:30
9525,mingcai,女,深圳市,2023-07-05 23:23:44
9526,wanxia,女,重庆市,2023-08-27 21:43:36
9527,skong,女,南京市,2024-09-14 10:39:04
9528,chaohe,女,青岛市,2024-12-12 06:06:35
9529,chao93,男,上海市,2024-12-15 18:50:39
9530,yan09,女,广州市,2025-07-17 09:21:21
9531,juan56,女,深圳市,2025-01-01 07:29:55
9532,npan,男,南京市,2023-10-09 08:17:30
9533,eguo,男,呼和浩特市,2023-06-04 16:25:17
9534,guiyinggong,女,贵阳市,2025-04-30 19:48:35
9535,yanxie,男,南昌市,2025-04-22 19:01:01
9536,ming34,男,郑州市,2026-02-22 21:00:46
9537,taohan,女,南京市,2025-03-06 21:58:48
9538,sujun,男,成都市,2025-09-18 13:05:34
9539,tangping,女,南京市,2024-09-05 22:12:52
9540,pqian,女,深圳市,2023-10-02 09:15:30
9541,mengyang,女,天津市,2025-05-17 08:36:19
9542,longxiulan,女,杭州市,2023-08-02 03:22:07
9543,li44,男,长沙市,2024-05-25 05:15:52
9544,hfeng,女,深圳市,2025-07-02 07:16:00
9545,guiyingxiao,女,南京市,2025-01-27 10:00:16
9546,zcao,女,长沙市,2025-09-28 06:43:29
9547,lishi,女,青岛市,2026-03-24 17:21:57
9548,skong,男,北京市,2023-07-15 14:45:15
9549,jun96,女,天津市,2025-01-25 21:29:40
9550,yongtan,女,杭州市,2024-08-26 19:07:29
9551,chaoshao,女,北京市,2024-06-11 10:19:58
9552,chao54,女,深圳市,2026-01-19 03:31:29
9553,cuiping,男,郑州市,2025-01-05 12:43:54
9554,sgu,男,天津市,2023-09-28 08:24:30
9555,hxue,女,长沙市,2023-12-17 02:49:24
9556,lyin,男,上海市,2023-08-21 19:18:07
9557,qiangpeng,女,杭州市,2026-01-14 00:39:52
9558,wtang,女,深圳市,2024-07-10 13:54:36
9559,ping78,女,重庆市,2023-07-20 19:27:36
9560,xiulan33,男,杭州市,2025-07-25 13:52:42
9561,ffeng,男,杭州市,2023-10-07 02:10:44
9562,fanggao,女,深圳市,2023-08-11 12:20:09
9563,ezou,女,上海市,2025-10-03 14:54:44
9564,fang74,男,成都市,2025-04-16 15:46:34
9565,liaoyang,女,重庆市,2026-05-12 10:43:36
9566,weima,女,北京市,2024-02-12 07:18:32
9567,aduan,女,北京市,2026-02-09 17:15:16
9568,gangmao,男,北京市,2024-06-17 05:25:58
9569,gang89,女,南京市,2024-12-23 11:51:12
9570,tianping,男,广州市,2024-08-27 19:15:42
9571,juntao,男,北京市,2025-09-26 15:53:32
9572,guiyingsun,男,深圳市,2025-11-14 03:35:25
9573,kongxiuying,男,武汉市,2024-05-28 03:41:43
9574,ybai,女,上海市,2024-05-03 08:24:29
9575,sujuan,女,成都市,2025-02-11 17:18:10
9576,luolei,女,成都市,2025-02-06 14:40:06
9577,liqiao,女,西安市,2026-02-21 11:00:05
9578,li59,女,重庆市,2023-06-04 19:44:19
9579,yongguo,女,长沙市,2025-01-09 03:57:41
9580,tzheng,女,广州市,2023-07-19 05:14:42
9581,qhu,女,天津市,2023-10-20 09:42:31
9582,chaoluo,女,成都市,2024-07-08 23:29:30
9583,junzou,女,杭州市,2025-12-03 03:49:38
9584,guiyingjiang,男,贵阳市,2025-12-16 20:02:18
9585,gangmo,男,杭州市,2025-08-10 05:43:34
9586,qiangkang,男,青岛市,2026-03-13 21:05:07
9587,fanggong,女,南京市,2025-01-22 10:36:46
9588,yang96,男,西安市,2026-04-21 12:46:35
9589,taofang,女,上海市,2023-12-12 15:49:04
9590,liqian,女,上海市,2026-04-28 01:28:35
9591,mindeng,女,广州市,2024-01-02 21:02:05
9592,taosun,女,合肥市,2024-09-19 18:01:09
9593,jiehan,女,重庆市,2026-01-31 16:04:15
9594,dding,女,成都市,2023-11-05 13:16:22
9595,huangchao,女,长沙市,2024-01-08 11:22:30
9596,gangzhao,男,青岛市,2024-06-30 16:04:58
9597,min86,男,贵阳市,2023-12-04 09:17:26
9598,chaohao,女,长沙市,2024-03-03 06:11:41
9599,nhao,男,北京市,2024-03-10 15:07:42
9600,wyan,女,广州市,2026-03-03 07:21:36
9601,wyan,女,武汉市,2025-04-13 06:24:05
9602,yanglin,男,海口市,2025-06-12 03:22:31
9603,jie81,男,深圳市,2026-03-07 08:41:35
9604,taolin,女,郑州市,2024-07-22 09:39:23
9605,xchen,男,深圳市,2025-11-07 04:04:35
9606,sma,男,郑州市,2025-09-01 09:37:47
9607,ebai,男,深圳市,2024-12-31 16:08:02
9608,vdai,男,合肥市,2023-07-10 21:54:10
9609,qiang82,男,北京市,2025-06-21 16:39:18
9610,zhongjun,男,上海市,2025-01-28 21:46:49
9611,cwei,男,成都市,2025-08-07 14:52:29
9612,qzheng,男,贵阳市,2024-10-23 20:43:39
9613,kcao,男,杭州市,2026-03-24 07:36:21
9614,qiang77,男,深圳市,2023-09-04 10:47:09
9615,qiangkong,男,贵阳市,2024-02-23 23:09:52
9616,yangyang,男,北京市,2024-05-12 11:44:19
9617,xiaoyan,女,北京市,2025-10-06 01:59:48
9618,xcao,男,合肥市,2025-03-22 23:36:32
9619,myu,女,长沙市,2023-11-25 23:39:35
9620,xgong,男,海口市,2023-08-18 11:48:56
9621,kongyan,女,上海市,2026-05-11 23:35:43
9622,tao83,男,杭州市,2024-09-29 01:22:03
9623,pyang,女,北京市,2023-10-14 23:12:50
9624,li82,男,杭州市,2023-07-03 20:48:03
9625,chengxiuying,女,重庆市,2025-11-08 11:04:35
9626,lumin,女,海口市,2024-11-05 20:47:44
9627,kangyong,女,郑州市,2023-05-30 21:04:22
9628,li52,女,贵阳市,2026-02-05 07:12:44
9629,ztan,男,成都市,2023-10-08 05:26:01
9630,tlai,女,重庆市,2024-11-13 22:43:57
9631,chaoxiao,女,海口市,2025-10-30 05:55:27
9632,nashi,女,天津市,2024-10-01 02:11:59
9633,jingwei,男,广州市,2025-12-17 17:09:10
9634,uchen,男,合肥市,2025-11-19 07:52:51
9635,duyan,女,成都市,2023-10-20 18:54:14
9636,hzeng,男,南昌市,2023-11-29 09:06:55
9637,xiongchao,男,北京市,2023-08-13 15:54:19
9638,guiying82,女,深圳市,2025-04-21 06:37:38
9639,eyan,男,海口市,2026-03-22 03:24:43
9640,vqin,男,重庆市,2023-11-09 22:33:26
9641,caona,男,重庆市,2025-04-13 17:45:06
9642,na03,女,青岛市,2026-02-23 00:34:46
9643,wzhao,女,成都市,2023-07-12 12:10:00
9644,shiyong,女,广州市,2024-01-31 09:19:51
9645,xzheng,女,杭州市,2025-06-27 12:05:34
9646,jie90,女,贵阳市,2023-09-10 17:46:37
9647,qxiong,男,武汉市,2023-06-28 21:34:28
9648,taoqian,女,广州市,2024-06-20 04:23:18
9649,liyi,女,合肥市,2025-09-28 21:28:48
9650,na46,女,广州市,2023-07-21 22:37:17
9651,ycao,女,上海市,2025-09-26 18:06:38
9652,chao54,女,合肥市,2026-05-17 06:50:46
9653,zsu,女,深圳市,2025-04-22 11:09:28
9654,ming89,男,重庆市,2024-06-24 08:52:41
9655,jingsun,男,北京市,2025-08-28 07:13:29
9656,ntian,女,重庆市,2023-12-28 18:32:53
9657,skong,男,郑州市,2024-04-23 10:24:32
9658,rliang,女,深圳市,2023-12-11 08:40:56
9659,fangguo,男,北京市,2024-06-22 08:25:44
9660,kgong,女,北京市,2026-03-16 01:11:49
9661,minwen,男,武汉市,2023-08-26 16:27:48
9662,gtao,女,上海市,2026-04-24 22:08:30
9663,wangping,女,深圳市,2024-05-18 02:04:37
9664,leidong,男,天津市,2023-06-02 04:14:27
9665,kwang,女,郑州市,2026-05-03 16:33:31
9666,minzhang,女,上海市,2026-02-16 15:41:24
9667,fhou,男,广州市,2024-11-08 15:26:03
9668,taokong,男,上海市,2024-04-08 18:30:30
9669,qiang72,女,重庆市,2025-05-01 01:46:57
9670,sxiong,男,贵阳市,2024-02-07 11:22:40
9671,na24,女,郑州市,2026-03-08 10:41:29
9672,tqian,女,广州市,2023-06-29 12:41:16
9673,uyi,女,广州市,2025-10-28 22:55:01
9674,dengguiying,男,武汉市,2023-09-24 19:10:09
9675,ayuan,男,北京市,2024-07-17 11:50:02
9676,houxiulan,男,长沙市,2023-08-04 10:51:40
9677,maoyan,女,贵阳市,2024-12-02 19:03:38
9678,xiulan19,男,海口市,2026-03-19 01:33:21
9679,tao24,男,上海市,2025-12-03 18:19:03
9680,leifang,女,北京市,2025-03-23 09:34:19
9681,chao16,女,上海市,2024-10-01 12:22:43
9682,liaogang,女,武汉市,2024-02-05 20:46:43
9683,fanggu,女,上海市,2025-10-17 10:22:43
9684,lizeng,男,广州市,2024-04-21 08:26:25
9685,na33,男,上海市,2024-03-15 01:06:14
9686,jiezhou,男,成都市,2023-05-23 20:12:36
9687,ozheng,女,广州市,2026-03-28 19:55:11
9688,ping18,女,杭州市,2023-10-19 02:27:37
9689,xiulan90,女,西安市,2023-10-21 01:30:11
9690,xiulan37,男,合肥市,2024-06-17 22:13:29
9691,gangdai,男,上海市,2024-12-29 08:36:17
9692,fangkang,女,北京市,2026-02-06 16:53:43
9693,plei,女,海口市,2025-12-24 06:27:30
9694,guiyingshi,女,南昌市,2023-10-20 08:46:28
9695,cqin,女,上海市,2025-06-17 05:41:17
9696,guiying42,男,北京市,2025-05-28 11:35:11
9697,vqiao,男,郑州市,2024-11-18 01:28:38
9698,caoli,男,广州市,2025-02-19 04:57:19
9699,lei77,女,上海市,2024-05-16 06:34:11
9700,gang79,男,北京市,2024-08-05 13:09:04
9701,rbai,男,合肥市,2025-05-22 22:59:39
9702,fang13,女,广州市,2023-09-25 22:56:41
9703,jing04,男,广州市,2025-11-09 06:26:25
9704,xiulan33,女,广州市,2023-05-22 05:40:03
9705,leiyuan,女,南京市,2025-05-13 12:40:10
9706,xiuyingqian,女,青岛市,2024-04-10 07:25:01
9707,laijun,女,杭州市,2024-03-20 11:45:36
9708,tanfang,男,青岛市,2024-04-25 23:36:56
9709,yang80,男,上海市,2023-06-14 03:43:29
9710,yitao,女,北京市,2025-04-29 19:25:00
9711,na05,男,重庆市,2024-02-09 10:04:15
9712,nayu,女,海口市,2026-03-10 16:02:23
9713,qiaowei,男,成都市,2025-12-10 01:21:47
9714,na83,女,杭州市,2023-08-15 18:23:40
9715,tgong,女,深圳市,2025-07-25 03:19:35
9716,na98,男,成都市,2025-06-20 15:51:08
9717,jhan,女,杭州市,2025-03-25 19:58:38
9718,cfang,女,深圳市,2023-12-13 18:06:49
9719,aliao,男,上海市,2025-09-26 20:58:20
9720,na80,男,长沙市,2024-05-15 11:53:57
9721,xiali,女,上海市,2023-09-13 09:27:48
9722,min93,男,广州市,2024-09-23 12:19:46
9723,guiyingqin,男,北京市,2025-10-14 09:45:21
9724,dshi,女,上海市,2025-07-28 05:25:08
9725,xxue,女,广州市,2025-09-08 12:56:45
9726,na09,男,南京市,2025-09-15 00:58:32
9727,xiaoping,男,上海市,2025-08-29 05:35:52
9728,yong18,男,重庆市,2024-09-26 03:25:33
9729,luoxiuying,女,西安市,2025-01-27 07:20:09
9730,oxie,男,北京市,2025-01-06 10:26:44
9731,caiyong,女,北京市,2023-11-08 17:59:37
9732,xiatang,女,天津市,2023-09-08 12:51:08
9733,chaomeng,女,深圳市,2025-05-02 01:25:40
9734,dongjie,女,天津市,2025-07-16 06:40:21
9735,mintian,女,上海市,2024-12-23 15:48:40
9736,chaozhang,女,南京市,2025-07-07 11:19:11
9737,xiangming,男,武汉市,2023-11-25 20:32:42
9738,nayan,男,郑州市,2025-10-30 16:41:04
9739,zhangchao,女,广州市,2025-01-15 10:56:29
9740,bxiang,男,重庆市,2025-10-08 00:35:34
9741,yang83,男,重庆市,2026-02-20 08:37:17
9742,jieliang,男,贵阳市,2025-03-20 03:16:44
9743,qiuwei,女,北京市,2024-01-30 18:59:31
9744,ping88,女,广州市,2025-11-06 17:08:52
9745,cguo,女,重庆市,2026-04-17 06:19:52
9746,jingkang,女,深圳市,2024-07-26 12:08:23
9747,yang11,男,长沙市,2024-07-12 16:38:51
9748,maoguiying,男,天津市,2023-09-26 10:13:30
9749,xiulan20,女,重庆市,2023-06-21 01:42:12
9750,lei27,男,兰州市,2023-12-14 19:28:21
9751,yxiong,女,贵阳市,2024-08-29 04:04:18
9752,vgu,女,北京市,2024-04-29 20:21:53
9753,chaoli,女,天津市,2025-08-06 02:42:13
9754,vye,女,长沙市,2024-07-24 16:39:51
9755,xiawan,男,重庆市,2024-05-15 15:39:01
9756,guiyingshen,女,武汉市,2025-08-09 04:36:42
9757,dmao,女,成都市,2025-05-17 23:54:55
9758,xialu,男,广州市,2024-12-05 07:16:10
9759,na65,女,重庆市,2024-09-12 03:35:24
9760,guiying82,男,武汉市,2025-03-22 13:55:11
9761,vmeng,男,天津市,2025-01-09 00:33:10
9762,li00,女,广州市,2025-11-09 12:54:13
9763,liujun,女,南昌市,2026-04-20 20:22:19
9764,jun89,男,杭州市,2025-06-25 16:35:13
9765,xiuying15,男,北京市,2024-05-13 09:01:43
9766,wuqiang,男,杭州市,2024-09-06 01:41:40
9767,wei32,女,青岛市,2025-12-28 16:57:24
9768,jxiong,男,北京市,2025-01-04 02:01:24
9769,xuemin,女,兰州市,2024-01-06 10:21:50
9770,xia64,男,西安市,2025-06-14 19:34:39
9771,kongqiang,男,深圳市,2023-06-04 03:15:47
9772,jing79,女,北京市,2024-05-20 23:27:59
9773,wei09,男,天津市,2023-09-21 19:00:39
9774,guolei,女,长沙市,2023-10-08 05:35:47
9775,tqiu,女,成都市,2024-04-26 19:14:09
9776,fang04,男,重庆市,2023-05-28 02:11:58
9777,tangmin,男,郑州市,2023-11-01 19:15:13
9778,wulei,女,成都市,2024-03-04 18:13:08
9779,ehu,男,杭州市,2026-04-06 15:22:53
9780,min95,女,深圳市,2025-12-03 12:11:54
9781,jmo,女,南京市,2025-12-31 20:09:40
9782,jingjia,女,深圳市,2025-06-11 20:14:19
9783,dingguiying,男,杭州市,2023-06-19 18:21:47
9784,yongshen,女,贵阳市,2025-04-23 00:04:37
9785,jie19,女,广州市,2024-05-29 00:15:05
9786,fujuan,男,天津市,2025-05-23 16:30:04
9787,jingqiu,女,呼和浩特市,2025-10-08 09:40:30
9788,yeming,女,杭州市,2026-01-20 01:15:32
9789,tyang,女,成都市,2025-04-08 10:15:51
9790,ywan,女,深圳市,2025-05-17 14:57:21
9791,minyan,男,郑州市,2026-05-13 06:35:24
9792,taopeng,女,深圳市,2025-01-06 15:12:25
9793,li49,男,成都市,2026-03-05 21:38:12
9794,zhongjing,男,重庆市,2023-06-10 20:34:20
9795,wei42,男,郑州市,2026-03-31 19:57:20
9796,jie11,男,成都市,2025-02-18 18:56:20
9797,xiulan86,男,南昌市,2023-06-01 06:17:43
9798,weicai,女,成都市,2024-03-26 12:16:24
9799,houjun,男,重庆市,2024-08-21 10:13:00
9800,yan31,女,南京市,2025-01-16 12:56:42
9801,lizeng,男,深圳市,2025-09-16 06:19:25
9802,xtan,男,合肥市,2025-05-26 12:47:42
9803,flin,男,广州市,2024-04-17 18:46:02
9804,iwan,男,郑州市,2023-06-03 06:14:31
9805,linlei,男,杭州市,2023-08-31 10:38:20
9806,xia66,男,海口市,2025-12-24 13:25:00
9807,qiang76,女,广州市,2025-05-23 03:34:02
9808,leihu,女,长沙市,2023-12-24 23:43:23
9809,juan56,女,郑州市,2024-06-28 03:25:41
9810,wuyan,男,贵阳市,2026-01-14 13:55:19
9811,jcheng,男,北京市,2025-04-01 18:44:27
9812,baifang,男,深圳市,2024-05-22 10:50:15
9813,omeng,男,重庆市,2023-06-05 05:48:09
9814,gangzhu,女,西安市,2026-04-22 12:25:49
9815,tao20,男,贵阳市,2023-12-23 01:35:56
9816,zhongjun,女,长沙市,2023-11-19 09:26:58
9817,byu,男,成都市,2023-06-24 03:13:31
9818,yaoguiying,男,杭州市,2025-11-11 06:27:25
9819,tao59,女,重庆市,2023-05-28 06:38:14
9820,taozheng,女,北京市,2023-07-18 16:23:20
9821,pingren,男,南京市,2023-12-08 18:12:11
9822,min53,男,上海市,2024-01-13 12:40:01
9823,xiongxiulan,男,长沙市,2023-10-20 20:01:24
9824,yanye,男,天津市,2023-10-10 04:10:43
9825,qiangtian,女,上海市,2026-05-19 11:50:34
9826,zhengjun,女,长沙市,2023-10-10 11:11:05
9827,ganglei,男,西安市,2023-09-23 02:06:04
9828,taoqiu,男,西安市,2024-07-14 00:42:29
9829,yong91,女,南京市,2024-03-15 15:27:44
9830,aguo,男,广州市,2025-01-27 22:42:50
9831,cguo,女,北京市,2023-11-09 19:52:18
9832,na55,男,武汉市,2024-01-10 10:51:57
9833,bshen,女,杭州市,2025-01-06 12:59:07
9834,houxia,男,成都市,2025-02-19 11:44:57
9835,houna,女,上海市,2024-12-19 11:29:20
9836,fangping,女,深圳市,2024-12-28 09:33:23
9837,pingxiang,女,上海市,2024-09-15 13:50:19
9838,ping80,男,合肥市,2024-03-09 22:08:11
9839,na60,男,北京市,2023-09-29 07:24:24
9840,chao29,男,杭州市,2024-02-27 16:05:53
9841,xiulanhou,男,合肥市,2023-06-20 20:51:51
9842,shaoyan,女,深圳市,2025-02-11 18:18:40
9843,pingxu,女,武汉市,2023-08-30 18:16:31
9844,ghuang,女,青岛市,2024-08-17 07:50:07
9845,lei83,女,上海市,2024-11-22 04:04:43
9846,asong,女,北京市,2026-01-17 11:57:04
9847,fengyang,男,深圳市,2025-06-14 21:52:39
9848,tanping,女,郑州市,2025-09-16 01:00:54
9849,juan36,男,成都市,2026-01-09 04:08:40
9850,jie55,男,长沙市,2023-10-14 18:14:38
9851,hwu,女,重庆市,2026-04-01 02:13:07
9852,xiuying15,女,杭州市,2025-05-12 20:54:58
9853,hanli,女,杭州市,2024-08-08 17:18:28
9854,wtian,女,杭州市,2025-01-25 02:20:01
9855,xtian,男,青岛市,2023-12-23 09:43:38
9856,shaoqiang,女,长沙市,2024-11-29 23:58:35
9857,kangfang,女,青岛市,2025-10-31 18:36:06
9858,wlai,女,郑州市,2023-06-26 23:29:24
9859,pshi,女,重庆市,2024-12-23 16:04:54
9860,changjing,男,杭州市,2024-01-01 16:34:08
9861,icao,男,深圳市,2024-04-28 00:55:44
9862,clin,男,上海市,2025-09-23 02:41:08
9863,yong74,男,海口市,2024-09-11 14:52:03
9864,wenjuan,女,深圳市,2026-01-25 01:22:58
9865,mlei,女,广州市,2024-07-30 17:39:04
9866,xueqiang,女,广州市,2025-08-08 03:56:20
9867,min24,男,西安市,2025-05-21 20:08:39
9868,fchen,男,南昌市,2024-12-20 08:53:24
9869,junzheng,女,青岛市,2025-01-13 18:43:47
9870,nahu,女,武汉市,2025-11-19 02:55:32
9871,wei34,女,郑州市,2024-07-07 17:16:38
9872,zhouli,女,北京市,2025-06-30 19:26:19
9873,guojing,女,重庆市,2025-04-28 09:51:35
9874,panxia,男,武汉市,2026-01-28 15:18:18
9875,baitao,男,北京市,2024-09-16 23:11:20
9876,wcai,男,天津市,2023-12-29 08:43:12
9877,yinyong,女,上海市,2023-09-26 18:54:45
9878,gang13,男,合肥市,2024-05-20 06:31:41
9879,junlei,男,郑州市,2024-05-12 21:22:22
9880,epan,女,合肥市,2024-10-24 09:37:34
9881,taotang,女,长沙市,2024-04-27 22:26:17
9882,dduan,女,重庆市,2023-11-15 05:31:46
9883,ptan,女,上海市,2026-01-26 12:14:35
9884,jiangjun,男,天津市,2024-02-15 06:01:43
9885,gaojuan,女,武汉市,2023-12-28 14:23:51
9886,daitao,女,南昌市,2023-05-28 23:19:02
9887,yongye,女,广州市,2024-09-03 05:53:39
9888,xiuying50,男,武汉市,2024-06-30 17:23:41
9889,qiang72,女,贵阳市,2023-07-08 07:17:35
9890,odeng,男,郑州市,2023-06-19 05:29:07
9891,chaozheng,女,长沙市,2024-01-17 17:29:07
9892,xwang,男,成都市,2023-11-07 18:18:39
9893,kqin,男,深圳市,2023-08-02 12:53:41
9894,xgong,男,广州市,2025-12-26 00:09:49
9895,guiyingli,女,上海市,2024-10-21 13:23:47
9896,pengjuan,女,上海市,2023-12-25 04:29:00
9897,jiajie,男,西安市,2023-05-27 15:24:46
9898,fanjing,女,成都市,2026-01-19 10:58:15
9899,na71,男,上海市,2026-03-02 04:40:26
9900,pfeng,女,郑州市,2025-06-16 10:48:26
9901,gaogang,男,广州市,2024-10-24 12:14:57
9902,taogao,男,天津市,2025-03-21 15:47:04
9903,qiangsong,男,天津市,2024-06-22 07:13:12
9904,minqian,女,深圳市,2025-08-12 06:49:15
9905,wgong,女,南京市,2025-11-04 16:00:04
9906,rpeng,男,南京市,2023-12-22 05:48:43
9907,qianghe,女,南昌市,2024-04-03 14:27:54
9908,cxiong,男,郑州市,2024-07-24 11:48:02
9909,juan89,男,合肥市,2025-04-16 00:04:19
9910,xiongna,女,上海市,2023-11-30 01:56:37
9911,ffang,男,郑州市,2023-07-14 09:18:02
9912,pingsu,男,成都市,2025-02-15 15:57:59
9913,ntian,男,重庆市,2025-06-02 03:59:15
9914,mingtao,女,广州市,2025-07-03 11:36:44
9915,libai,女,青岛市,2026-02-16 23:15:32
9916,qiang02,男,合肥市,2023-06-25 00:15:29
9917,lijuan,女,深圳市,2024-09-06 19:22:49
9918,yang61,男,西安市,2025-06-16 08:15:33
9919,yong95,女,广州市,2026-01-29 19:07:17
9920,leikong,女,重庆市,2025-03-20 15:26:08
9921,uzou,男,郑州市,2025-05-27 19:39:36
9922,jxia,女,成都市,2024-04-09 11:42:39
9923,fang35,女,上海市,2026-02-27 06:18:38
9924,ming99,女,南京市,2025-05-22 23:47:57
9925,weixiao,男,上海市,2025-09-08 03:32:01
9926,yan04,女,深圳市,2023-07-11 18:50:05
9927,yang05,女,北京市,2025-03-21 20:12:11
9928,na16,男,上海市,2026-01-15 12:40:16
9929,jun83,男,青岛市,2023-07-18 21:35:29
9930,mingliao,女,深圳市,2025-02-09 12:26:49
9931,jingyu,男,广州市,2025-09-24 19:01:25
9932,longgang,男,成都市,2023-09-08 06:35:25
9933,yliu,男,武汉市,2024-01-26 09:22:31
9934,qiang61,男,杭州市,2024-01-28 18:40:07
9935,ping22,男,天津市,2024-05-20 17:09:03
9936,yangyan,男,西安市,2025-06-25 22:35:25
9937,mingcui,女,上海市,2023-11-06 03:33:45
9938,mqin,男,天津市,2025-05-26 05:25:24
9939,mingqiu,女,上海市,2023-11-09 00:37:16
9940,qiangcai,男,成都市,2023-12-24 15:35:32
9941,cma,女,成都市,2025-12-14 16:58:46
9942,rshen,女,郑州市,2025-07-31 08:02:21
9943,juncui,女,深圳市,2023-11-15 05:13:30
9944,ktian,女,广州市,2023-09-12 03:31:40
9945,taoqiao,女,重庆市,2024-12-20 22:48:31
9946,xiaoxia,男,上海市,2025-01-01 18:33:10
9947,leixie,女,贵阳市,2023-09-13 00:26:27
9948,tanmin,女,上海市,2023-11-25 01:58:13
9949,jingxia,男,广州市,2025-09-14 09:44:49
9950,nyang,男,武汉市,2025-11-02 04:43:11
9951,ping80,男,杭州市,2026-03-04 06:23:32
9952,qiang39,男,南京市,2024-08-11 19:38:26
9953,adu,女,广州市,2025-03-09 07:31:45
9954,gang93,男,杭州市,2025-03-06 10:31:10
9955,qiangma,男,杭州市,2025-11-25 20:08:13
9956,fangqiu,女,深圳市,2026-01-24 08:15:06
9957,leixiulan,男,杭州市,2024-05-23 14:07:56
9958,jie28,女,北京市,2024-07-05 12:29:11
9959,qiangren,男,南京市,2024-08-11 14:35:01
9960,xiulanlong,女,郑州市,2024-10-25 01:54:17
9961,xiulanwan,男,南京市,2023-11-27 17:06:53
9962,qinguiying,男,广州市,2024-07-30 15:44:44
9963,tao56,女,南昌市,2024-11-10 05:06:30
9964,fang26,女,北京市,2024-12-10 11:36:26
9965,dengjun,男,成都市,2024-07-02 14:31:22
9966,guiying00,男,成都市,2025-06-27 13:19:02
9967,xiulan58,男,北京市,2025-05-20 12:46:19
9968,xiulanmao,男,北京市,2025-06-14 10:47:23
9969,xiuying51,男,南昌市,2026-02-25 13:23:08
9970,jun77,女,武汉市,2023-08-30 18:54:21
9971,tao06,男,贵阳市,2025-02-18 06:04:30
9972,juan34,女,北京市,2026-04-21 12:40:01
9973,qliang,男,深圳市,2025-08-30 13:53:01
9974,weisu,女,深圳市,2023-11-04 02:50:32
9975,oyu,女,兰州市,2023-11-06 22:23:22
9976,psong,男,武汉市,2023-09-07 13:04:51
9977,tyan,女,长沙市,2025-01-16 22:10:00
9978,wuli,男,重庆市,2024-12-15 05:04:50
9979,qiaojie,男,北京市,2024-05-07 11:43:30
9980,wei58,女,郑州市,2025-07-28 05:45:11
9981,yaojing,女,深圳市,2025-11-03 20:38:09
9982,yonglei,男,南昌市,2025-02-22 02:59:30
9983,minghe,女,重庆市,2025-01-23 06:13:18
9984,na06,男,杭州市,2026-02-06 18:57:28
9985,mtao,男,广州市,2025-09-10 20:29:32
9986,jjiang,男,上海市,2023-11-12 02:58:17
9987,leideng,男,西安市,2024-02-17 21:44:27
9988,hzhong,女,兰州市,2025-08-23 20:46:29
9989,juan19,男,青岛市,2025-10-08 00:05:15
9990,yuanping,女,广州市,2023-09-17 23:49:01
9991,xiuying31,女,合肥市,2024-09-11 21:31:02
9992,junzeng,男,北京市,2025-01-22 20:46:41
9993,tma,女,北京市,2024-07-02 22:44:50
9994,chao40,男,西安市,2024-11-25 19:21:40
9995,gongxiuying,女,呼和浩特市,2024-10-24 21:19:43
9996,denglei,女,上海市,2024-05-17 04:55:43
9997,bcui,男,南昌市,2024-03-30 08:02:39
9998,cuixia,女,上海市,2025-08-11 06:45:26
9999,yan15,男,海口市,2025-10-14 17:32:31
10000,mingcheng,女,天津市,2025-11-27 05:26:19
